symbol,timeframe,variant,open_t,close_t,dir,entry,exit,sl0,tp,reason,pnl,fees,r,partial,ret_pct,tag,bars,regime
BTC,5m,20bar,1727789400000,1727790900000,-1,63296.73812,62700.63777318554,63468.77047541618,,TRAIL,60.512096113470925,8.788861299145942,3.025604805673546,False,6.051209611347091,TURTLE20,6,
BTC,5m,20bar,1727795100000,1727796600000,-1,62037.590000000004,62450.85370953261,62507.40670874539,,TRAIL,-22.02918940257119,3.3720767590285714,-1.0386109448116163,False,-2.077221889623232,TURTLE20,6,
BTC,5m,20bar,1727803200000,1727803800000,-1,61532.89096,61762.11287084689,62016.836097119725,,TRAIL,-13.012503463049356,3.174899238948563,-0.6265150528217537,False,-1.2530301056435074,TURTLE20,3,
BTC,5m,20bar,1727813400000,1727815500000,-1,61204.55664,60667.945968168984,61603.886628164604,,TRAIL,23.804491998085698,3.7555900562992504,1.1606620689730567,False,2.3213241379461134,TURTLE20,8,
BTC,5m,20bar,1727829600000,1727846700000,1,61051.307819999995,61346.854888453745,60737.996312759504,,TRAIL,14.876729535544534,4.918912317725784,0.7089052450863044,False,1.4178104901726087,TURTLE20,58,
BTC,5m,20bar,1727848500000,1727848800000,-1,61277.2421,61476.54585878548,61464.25300818385,,SL,-31.064134953426244,8.382097761442392,-1.459572782205973,False,-2.919145564411946,TURTLE20,2,
BTC,5m,20bar,1727850900000,1727856300000,1,61614.62046,61576.66817499273,61413.1708262544,,TRAIL,-11.473682646066488,7.581093702379054,-0.5553103081316061,False,-1.1106206162632122,TURTLE20,19,
BTC,5m,20bar,1727861100000,1727864700000,-1,61468.7038,61378.20377305472,61662.55208054663,,TRAIL,1.7699222156127572,7.769092194720981,0.08662383980962911,False,0.17324767961925822,TURTLE20,13,
BTC,5m,20bar,1727867400000,1727867400000,-1,60837.83,61128.703071408185,61116.479775453095,,SL,-26.740800869407806,5.375287969567649,-1.3064894477630777,False,-2.6129788955261555,TURTLE20,1,
BTC,5m,20bar,1727873700000,1727876700000,-1,60796.3383,60927.42971434892,61090.243950455275,,TRAIL,-13.84392646835171,4.953227640396257,-0.6945279032278857,False,-1.3890558064557716,TURTLE20,11,
BTC,5m,20bar,1727877300000,1727880900000,1,61251.54786,61007.55192613712,60847.23759899203,,TRAIL,-15.428380782968826,3.5662549141244293,-0.7849204542654499,False,-1.5698409085308995,TURTLE20,13,
BTC,5m,20bar,1727882700000,1727888400000,1,61662.93012,61580.965788212205,61183.82394799349,,TRAIL,-6.296032481670391,2.9861236891356238,-0.3254198723422052,False,-0.6508397446844104,TURTLE20,20,
BTC,5m,20bar,1727890500000,1727891700000,-1,61204.2567,61595.60582429677,61583.28916646348,,SL,-23.58254950066325,3.7364554592639516,-1.2268844570235808,False,-2.4537689140471617,TURTLE20,5,
BTC,5m,20bar,1727892900000,1727901000000,-1,61033.7908,60495.89244119733,61413.84522861634,,TRAIL,22.939638649557267,3.5973724392499777,1.223457783535917,False,2.4469155670718346,TURTLE20,28,
BTC,5m,20bar,1727915700000,1727941500000,1,60895.87673999999,60974.68134917105,60610.672193774,,TRAIL,0.3827033144851235,4.924816780647784,0.019923505402505037,False,0.039847010805010075,TURTLE20,87,
BTC,5m,20bar,1727942100000,1727946900000,-1,60892.019159999996,60399.88821750768,61113.58194216369,,TRAIL,36.37100759532091,6.311836733616806,1.8927176936963692,False,3.785435387392738,TURTLE20,17,
BTC,5m,20bar,1727951700000,1727954700000,1,60811.35984,60597.579342942176,60551.10865563696,,TRAIL,-21.964866052403785,5.582324807894876,-1.1013431553408906,False,-2.202686310681781,TURTLE20,11,
BTC,5m,20bar,1727955300000,1727955900000,-1,60539.3897,60790.645807118366,60778.49010909655,,SL,-26.434437124588197,5.938436045636105,-1.3553056209610148,False,-2.710611241922029,TURTLE20,3,
BTC,5m,20bar,1727957100000,1727961600000,-1,60472.00318,60157.551619032056,60718.90213335083,,TRAIL,18.60488079676744,5.5626793825453245,0.9804570849863284,False,1.9609141699726564,TURTLE20,16,
BTC,5m,20bar,1727971800000,1727972700000,1,60661.6299,60191.43619659466,60203.476891973056,,SL,-22.918476169155444,3.0621778060385116,-1.1845508674066705,False,-2.3691017348133414,TURTLE20,4,
BTC,5m,20bar,1727979600000,1728001200000,1,60699.53748,60503.351868583704,60362.30668704502,,TRAIL,-15.062419869306618,4.0733929567496645,-0.7973985491335015,False,-1.594797098267003,TURTLE20,73,
BTC,5m,20bar,1728003300000,1728004500000,-1,60404.716640000006,60637.50259487545,60625.37751937158,,SL,-25.727471587019664,6.117868712846866,-1.3840753616416188,False,-2.7681507232832376,TURTLE20,5,
BTC,5m,20bar,1728005100000,1728012300000,1,60907.07898,60824.11534188458,60664.552216615964,,TRAIL,-11.62565412265274,5.443013076697149,-0.6432376886237722,False,-1.2864753772475443,TURTLE20,25,
BTC,5m,20bar,1728016200000,1728017100000,1,61112.019960000005,60941.168712687024,60953.35938456393,,SL,-27.446777856559933,8.234816566027547,-1.5383983062316953,False,-3.076796612463391,TURTLE20,4,
BTC,5m,20bar,1728021000000,1728021900000,1,61172.332019999994,61016.76650618623,61028.972300646354,,SL,-27.607627563667656,8.843148187729591,-1.596536139728919,False,-3.1930722794578377,TURTLE20,4,
BTC,5m,20bar,1728023100000,1728024000000,1,61251.54786,61080.40919290587,61092.627718449556,,SL,-25.758697689181986,7.7315933166825435,-1.5387466871104631,False,-3.077493374220926,TURTLE20,4,
BTC,5m,20bar,1728027900000,1728033900000,1,61347.36702,61324.77760034109,61181.09711222988,,TRAIL,-9.386634268002318,7.182323478426644,-0.5785334683898845,False,-1.1570669367797692,TURTLE20,21,
BTC,5m,20bar,1728035700000,1728040500000,-1,61232.85098,61409.247152025164,61396.96775847347,,SL,-24.427656201681632,7.190595713090332,-1.5231924074404568,False,-3.046384814880914,TURTLE20,17,
BTC,5m,20bar,1728042600000,1728045000000,1,61427.282999999996,61274.50490229076,61267.55923146177,,TRAIL,-22.03922522917643,7.166772742723928,-1.4174419532082305,False,-2.8348839064164615,TURTLE20,9,
BTC,5m,20bar,1728046800000,1728048000000,1,61875.47262,61554.186199557065,61566.49949945696,,SL,-19.331079379878823,3.621191514900395,-1.279542424401916,False,-2.559084848803832,TURTLE20,5,
BTC,5m,20bar,1728051900000,1728054000000,-1,61005.7964,61308.11938786309,61379.16185585118,,TRAIL,-14.813679173639716,2.893581737194407,-1.0062830705087222,False,-2.0125661410174445,TURTLE20,8,
BTC,5m,20bar,1728057600000,1728096300000,1,61852.8681,61911.89964414063,61483.45056529403,,TRAIL,-0.5945919454764352,2.899638974711304,-0.041219798941000446,False,-0.0824395978820009,TURTLE20,130,
BTC,5m,20bar,1728096900000,1728097800000,-1,61839.42964,61870.527965903915,61963.642348913374,,TRAIL,-12.221303364385586,8.612809661513118,-0.8479349769347173,False,-1.6958699538694346,TURTLE20,4,
BTC,5m,20bar,1728103200000,1728114300000,1,61986.8949,62059.2638794753,61862.988933840905,,TRAIL,-0.23541325714406192,8.510774643815093,-0.016615146600335598,False,-0.03323029320067119,TURTLE20,38,
BTC,5m,20bar,1728115200000,1728116400000,-1,62042.589,62149.24740672884,62136.8200427203,,SL,-27.232223036780894,11.200378515653894,-1.9226520618120775,False,-3.845304123624155,TURTLE20,5,
BTC,5m,20bar,1728121200000,1728126000000,1,62270.251560000004,62141.77772695058,62154.20856866431,,SL,-23.839048363869495,8.760877439761021,-1.7503948173310881,False,-3.5007896346621754,TURTLE20,17,
BTC,5m,20bar,1728131700000,1728134700000,1,62270.9517,62227.1039671411,62192.63729192807,,TRAIL,-19.89408480090524,12.535706204639236,-1.5137261351742632,False,-3.0274522703485265,TURTLE20,11,
BTC,5m,20bar,1728136200000,1728139500000,-1,62087.67998,62219.63559182832,62207.19415299773,,SL,-22.024711377282976,7.9534213189495695,-1.728163246172971,False,-3.4563264923459425,TURTLE20,12,
BTC,5m,20bar,1728144900000,1728145500000,-1,62078.98172,62180.896726363215,62169.805574099824,,TRAIL,-23.90685992153461,10.100236169641256,-1.9430020359749642,False,-3.8860040719499285,TURTLE20,3,
BTC,5m,20bar,1728147300000,1728151200000,-1,61980.101500000004,62055.6738245649,62081.99123233087,,TRAIL,-17.409198270910636,8.637811240472917,-1.4721187928197024,False,-2.9442375856394047,TURTLE20,14,
BTC,5m,20bar,1728154200000,1728162600000,-1,61817.833959999996,61872.67422639816,61924.680697021184,,TRAIL,-13.8633876994881,7.972299403245783,-1.2078475665982231,False,-2.415695133196446,TURTLE20,29,
BTC,5m,20bar,1728164700000,1728173400000,1,61946.986919999996,61924.20368283378,61835.35859948946,,TRAIL,-9.743358231198078,7.457347560544431,-0.8699042598132612,False,-1.7398085196265223,TURTLE20,30,
BTC,5m,20bar,1728175200000,1728177000000,-1,61874.52262,61989.39071673914,61976.9953176756,,SL,-20.31873495929089,7.981834098800119,-1.8462131770950903,False,-3.69242635419018,TURTLE20,7,
BTC,5m,20bar,1728183900000,1728184500000,-1,61877.32206,61987.91091115618,61975.51580799458,,SL,-19.959382604361714,8.022174370172156,-1.8830933202495739,False,-3.766186640499148,TURTLE20,3,
BTC,5m,20bar,1728186900000,1728188100000,-1,61855.72638,61959.127448712185,61946.73810109197,,SL,-19.914461607895802,8.32587005430026,-1.9523856804098783,False,-3.9047713608197565,TURTLE20,5,
BTC,5m,20bar,1728189600000,1728192000000,-1,61820.53342,61924.212812626414,61911.83044653711,,SL,-19.10240943143615,7.971245172142362,-1.9488722372974938,False,-3.8977444745949876,TURTLE20,9,
BTC,5m,20bar,1728193800000,1728197100000,1,61974.69246,61871.84830900226,61884.22515403306,,SL,-18.4456068662726,7.737164569544214,-1.9581889121787421,False,-3.9163778243574843,TURTLE20,12,
BTC,5m,20bar,1728203100000,1728209100000,1,62013.00012,62008.86071161977,61937.36163840374,,TRAIL,-9.399506981847615,8.904190019973402,-1.0385259357598118,False,-2.077051871519624,TURTLE20,21,
BTC,5m,20bar,1728214800000,1728220200000,1,62114.420399999995,62223.49553720807,62038.367009532245,,TRAIL,4.017214236504062,8.693776326254916,0.453265626078404,False,0.9065312521568081,TURTLE20,19,
BTC,5m,20bar,1728225000000,1728227100000,1,62395.87668,62590.35627977553,62268.76916701172,,TRAIL,8.407058065368709,5.276351176768204,0.9400534806363473,False,1.8801069612726946,TURTLE20,8,
BTC,5m,20bar,1728230700000,1728231900000,1,62871.17172,62663.87846765173,62676.41375040181,,SL,-13.22147003849657,3.523724046183856,-1.4511050974906032,False,-2.902210194981207,TURTLE20,5,
BTC,5m,20bar,1728241500000,1728243300000,1,62819.0613,62758.25019868143,62684.50396695017,,TRAIL,-8.952088813910382,4.953877720262557,-1.0118919952683225,False,-2.023783990536645,TURTLE20,7,
BTC,5m,20bar,1728249300000,1728250200000,-1,62546.4882,62616.15443702989,62679.150802363845,,TRAIL,-9.45850318259015,4.906686901585486,-1.0912180225068941,False,-2.1824360450137883,TURTLE20,4,
BTC,5m,20bar,1728251400000,1728252600000,-1,62350.22746,62529.16328097876,62516.65994898896,,SL,-12.93271794965808,3.817083326511,-1.525323913410864,False,-3.0506478268217285,TURTLE20,5,
BTC,5m,20bar,1728255900000,1728261000000,1,62781.5538,62692.16235245562,62597.51919584858,,TRAIL,-7.355337503245908,3.3626150950002396,-0.8948082236771296,False,-1.7896164473542593,TURTLE20,18,
BTC,5m,20bar,1728261600000,1728271800000,1,63217.54098,63570.95483977366,62948.4682256022,,TRAIL,8.320971338870656,2.2823982262143803,1.0307277780780892,False,2.0614555561561785,TURTLE20,35,
BTC,5m,20bar,1728283500000,1728285600000,1,63663.43014,63493.36994246925,63506.07115670059,,SL,-12.899128526521753,3.9947637769371793,-1.5655558546122659,False,-3.1311117092245313,TURTLE20,8,
BTC,5m,20bar,1728292200000,1728299400000,-1,63331.8311,62868.679408832024,63502.53574370476,,TRAIL,18.11446794507316,3.540325112909003,2.2696007352486447,False,4.53920147049729,TURTLE20,25,
BTC,5m,20bar,1728308700000,1728311100000,1,63241.34574,64039.89699195733,62976.56448331381,,TRAIL,22.757000682837642,2.406488085011152,2.727468384116256,False,5.454936768232513,TURTLE20,7,
BTC,5m,20bar,1728324900000,1728327900000,-1,63480.101440000006,63085.652982226435,63742.807804584416,,TRAIL,10.667762395783694,2.5434258509138514,1.2124144979285214,False,2.4248289958570433,TURTLE20,11,
BTC,5m,20bar,1728334500000,1728335100000,-1,62957.50598,63217.91015821076,63205.26910438988,,SL,-12.225636705322263,2.7537010345390005,-1.356575675744176,False,-2.713151351488352,TURTLE20,3,
BTC,5m,20bar,1728338400000,1728340200000,1,63357.86904,63151.498811115336,63164.13163744282,,SL,-12.77443929277496,3.4351211594578235,-1.457002343737039,False,-2.9140046874740784,TURTLE20,7,
BTC,5m,20bar,1728341700000,1728342300000,-1,62731.9511,62475.717313035406,62978.78483544545,,TRAIL,6.24559971435336,2.590692374161523,0.7337294701226137,False,1.4674589402452274,TURTLE20,3,
BTC,5m,20bar,1728351600000,1728365100000,1,62579.71343999999,62364.65955475764,62316.95088583356,,TRAIL,-9.533013408288616,2.464163076594514,-1.1037360706103463,False,-2.207472141220693,TURTLE20,46,
BTC,5m,20bar,1728366900000,1728366900000,-1,62292.93892,62482.353818166695,62469.859846197454,,SL,-12.616992814527075,3.5741377302071022,-1.4937750976650044,False,-2.9875501953300088,TURTLE20,1,
BTC,5m,20bar,1728368700000,1728369300000,-1,62167.86394,62382.5033498843,62370.02934401549,,SL,-11.728547299401189,3.0289181472437052,-1.431350886505007,False,-2.862701773010014,TURTLE20,3,
BTC,5m,20bar,1728372000000,1728373200000,-1,61992.69898,62236.91143463773,62224.466541329464,,SL,-10.946668726290373,2.55981072720129,-1.3753012676066796,False,-2.750602535213359,TURTLE20,5,
BTC,5m,20bar,1728381300000,1728393000000,1,62439.685439999994,62376.23897182717,62259.39386567549,,TRAIL,-5.939240419787307,3.2152657052958453,-0.7672905588529101,False,-1.5345811177058202,TURTLE20,40,
BTC,5m,20bar,1728393600000,1728393600000,-1,62344.62858,62540.030179953304,62527.5246750183,,SL,-11.265447383768759,3.1225592875267623,-1.478065429347891,False,-2.9561308586957815,TURTLE20,1,
BTC,5m,20bar,1728394500000,1728396300000,1,62725.84266,62867.93120463818,62502.06945170709,,TRAIL,2.205721947925463,2.490773061044303,0.29821389624107975,False,0.5964277924821594,TURTLE20,7,
BTC,5m,20bar,1728397800000,1728399000000,-1,62300.13748,62659.5179042015,62658.1248725326,,TRAIL,-9.027837996578823,1.5583276761914,-1.213328252593337,False,-2.426656505186674,TURTLE20,5,
BTC,5m,20bar,1728401700000,1728402300000,-1,61896.618200000004,62304.80772573255,62292.349255881374,,SL,-8.85570495766492,1.3671442247230825,-1.2197940346452731,False,-2.4395880692905467,TURTLE20,3,
BTC,5m,20bar,1728413400000,1728415500000,-1,61879.32166,62166.646691196605,62154.215848027,,SL,-9.320868418196373,1.9176908911661767,-1.3159703913849163,False,-2.631940782769833,TURTLE20,8,
BTC,5m,20bar,1728421200000,1728426300000,1,62354.16834,62202.75745144147,62155.72898775872,,TRAIL,-7.859339448953081,2.5972760040722545,-1.1396179310161545,False,-2.279235862032309,TURTLE20,18,
BTC,5m,20bar,1728428100000,1728436500000,-1,62098.5778,62192.0229784738,62265.53577576625,,TRAIL,-6.782132107188597,3.0102044541070843,-1.006358265723843,False,-2.012716531447686,TURTLE20,29,
BTC,5m,20bar,1728437700000,1728443100000,1,62368.4712,62128.9480139695,62141.376289227344,,SL,-9.137176847229085,2.172138644338581,-1.3836577688587826,False,-2.767315537717565,TURTLE20,19,
BTC,5m,20bar,1728451500000,1728457200000,1,62454.88848,62323.10729216021,62305.10813461535,,TRAIL,-8.858740270012465,3.209445824512809,-1.379673579817147,False,-2.759347159634294,TURTLE20,20,
BTC,5m,20bar,1728457800000,1728478800000,-1,62242.24906,61935.210221718444,62408.366267637204,,TRAIL,8.740016832674414,2.800418156941088,1.3998090024507033,False,2.799618004901407,TURTLE20,71,
BTC,5m,20bar,1728486900000,1728490500000,1,62054.70846,62017.444840491095,61774.55298054357,,TRAIL,-2.5592688520291507,1.705538143233876,-0.39873184599472333,False,-0.7974636919894468,TURTLE20,13,
BTC,5m,20bar,1728491700000,1728509100000,-1,61617.57402,60671.974837729074,61928.87366038761,,TRAIL,17.84053609794122,1.500789345279469,2.80188390796167,False,5.603767815923339,TURTLE20,59,
BTC,5m,20bar,1728519000000,1728522900000,-1,60441.30932,60542.63990380097,60617.96318018811,,TRAIL,-6.620121383219552,2.7630774116294763,-0.9845295944852483,False,-1.9690591889704967,TURTLE20,14,
BTC,5m,20bar,1728524400000,1728550200000,1,60678.03318,60717.69235312096,60466.683132299506,,TRAIL,-1.03478859279834,2.2717087093294643,-0.15698251578316436,False,-0.31396503156632877,TURTLE20,87,
BTC,5m,20bar,1728552300000,1728552600000,-1,60647.96798,60766.333459284404,60801.19241082354,,TRAIL,-8.200238359961965,3.124120301634461,-1.2479345435989382,False,-2.4958690871978764,TURTLE20,2,
BTC,5m,20bar,1728555600000,1728563400000,1,61027.7031,60927.1445752666,60839.6204521622,,TRAIL,-5.918168937321855,2.492638358175764,-0.9236972965649628,False,-1.8473945931299256,TURTLE20,27,
BTC,5m,20bar,1728564000000,1728565500000,-1,60733.65084,60973.86150561835,60961.66917178399,,SL,-8.638936398796949,2.013995008772377,-1.3737280269310215,False,-2.747456053862043,TURTLE20,6,
BTC,5m,20bar,1728568200000,1728568500000,-1,60589.07976,60885.65989517483,60873.485198135204,,SL,-7.945036021144833,1.5673277368516083,-1.2990784613348014,False,-2.5981569226696024,TURTLE20,2,
BTC,5m,20bar,1728570900000,1728576000000,-1,60506.29632,60820.28799027314,60814.31894648475,,TRAIL,-7.48027577807839,1.407836643536117,-1.2557117159652709,False,-2.5114234319305417,TURTLE20,18,
BTC,5m,20bar,1728579300000,1728585300000,-1,60290.63946,59256.31237982398,60572.35876295275,,TRAIL,19.843128849312436,1.4786130837319131,3.4168723938435837,False,6.833744787687166,TURTLE20,21,
BTC,5m,20bar,1728591000000,1728591900000,1,59840.065619999994,59534.34556235438,59546.25481331704,,SL,-7.968202052826852,1.5124623463801712,-1.2843118625048382,False,-2.568623725009677,TURTLE20,4,
BTC,5m,20bar,1728597300000,1728612300000,1,59927.583119999996,60337.20620984104,59709.32352017804,,TRAIL,9.346371838541003,1.9985042313653352,1.5461597864122476,False,3.0923195728244957,TURTLE20,51,
BTC,5m,20bar,1728623100000,1728624300000,1,60675.33263999999,60521.752297710926,60533.85906952483,,SL,-9.968309938302959,3.203192973279013,-1.599582116232917,False,-3.1991642324658343,TURTLE20,5,
BTC,5m,20bar,1728628800000,1728632400000,1,60835.56468,60679.48854074148,60691.6268661147,,SL,-9.59680247892827,3.05562833936527,-1.5908618104582153,False,-3.181723620916431,TURTLE20,13,
BTC,5m,20bar,1728638100000,1728642600000,1,60872.372039999995,60970.20154927552,60727.94184565804,,TRAIL,0.9997964105102093,2.956267745588428,0.1711828003459773,False,0.3423656006919546,TURTLE20,16,
BTC,5m,20bar,1728647700000,1728650400000,1,61232.744099999996,61234.4839103171,61083.869835746584,,TRAIL,-2.8241041783997565,2.8925927416517885,-0.4818866904152335,False,-0.963773380830467,TURTLE20,10,
BTC,5m,20bar,1728653700000,1728674400000,1,61697.43702,63074.66010630818,61449.23909822194,,TRAIL,30.455288502322436,1.7506545272188672,5.2472632272762345,False,10.494526454552467,TURTLE20,70,
BTC,5m,20bar,1728684000000,1728688200000,-1,62880.32142,62682.978590989085,63052.11672212551,,TRAIL,4.554455259487561,2.8123755906458827,0.7101757003529382,False,1.4203514007058764,TURTLE20,15,
BTC,5m,20bar,1728690600000,1728690900000,-1,62372.922920000005,62577.16159745769,62564.64866772415,,SL,-9.472056786938422,2.543332303070322,-1.4562922898070785,False,-2.912584579614158,TURTLE20,2,
BTC,5m,20bar,1728692100000,1728695700000,1,62760.44958,62778.23559743096,62554.270856622294,,TRAIL,-1.7622337407046613,2.3069791136954905,-0.2790646519335139,False,-0.5581293038670277,TURTLE20,13,
BTC,5m,20bar,1728700500000,1728707400000,-1,62608.27584,62763.13910957147,62780.36740931651,,TRAIL,-8.395736332869378,2.7448470605762005,-1.3369982007546124,False,-2.6739964015092244,TURTLE20,24,
BTC,5m,20bar,1728712500000,1728714300000,1,62779.653419999995,62651.62880625093,62664.16163857864,,SL,-10.757408445328311,3.9825651686425645,-1.760154537258113,False,-3.5203090745162258,TURTLE20,7,
BTC,5m,20bar,1728719700000,1728723000000,1,62785.45458,62676.35904896982,62688.896828335484,,SL,-11.25905765945459,4.596935704812303,-1.9094543527500052,False,-3.8189087055000104,TURTLE20,12,
BTC,5m,20bar,1728726900000,1728732300000,1,62819.66142,63122.32024236121,62727.67451416928,,TRAIL,14.001075937404538,4.658844608304362,2.4687604318566616,False,4.937520863713324,TURTLE20,19,
BTC,5m,20bar,1728734700000,1728737400000,-1,62850.52738,63035.559724062434,63022.95513303583,,SL,-8.993329396126738,2.606964270623421,-1.5111488245788671,False,-3.022297649157734,TURTLE20,10,
BTC,5m,20bar,1728742500000,1728745200000,1,63214.740419999995,63167.802389992714,63050.066476922526,,TRAIL,-4.302727849990333,2.6576550309093907,-0.7455190141133685,False,-1.491038028226737,TURTLE20,10,
BTC,5m,20bar,1728746100000,1728747300000,1,63452.38793999999,63218.625141413424,63231.27139569256,,SL,-7.9647577849576,1.9541961431622843,-1.4009146507134627,False,-2.8018293014269253,TURTLE20,5,
BTC,5m,20bar,1728757500000,1728767400000,-1,63002.99688,63166.36459385375,63160.32130687662,,TRAIL,-8.39743584936029,2.659059066741431,-1.5195944805542225,False,-3.039188961108445,TURTLE20,34,
BTC,5m,20bar,1728768600000,1728769500000,1,63231.34374,63116.25475179548,63128.88052790106,,SL,-9.982690556149025,3.964290781410712,-1.8630837682042292,False,-3.7261675364084583,TURTLE20,4,
BTC,5m,20bar,1728770400000,1728770400000,1,63249.04728,63131.78036795929,63144.40924980925,,SL,-9.51931897176236,3.738233090579664,-1.8453654782823563,False,-3.6907309565647126,TURTLE20,1,
BTC,5m,20bar,1728773400000,1728775800000,1,63321.96186,63209.882738702785,63208.423986400296,,TRAIL,-8.22630057444548,3.322017436022252,-1.6558195260838515,False,-3.311639052167704,TURTLE20,9,
BTC,5m,20bar,1728779100000,1728779400000,-1,63178.16184,63324.37185255912,63311.70951065699,,SL,-7.989149792597037,2.730108639171693,-1.6631629116551987,False,-3.326325823310398,TURTLE20,2,
BTC,5m,20bar,1728782100000,1728783300000,-1,63028.391800000005,63057.72337890046,63171.439422105366,,TRAIL,-3.4081080815919043,2.455906725723524,-0.733904181437337,False,-1.467808362874674,TURTLE20,5,
BTC,5m,20bar,1728785700000,1728796800000,-1,62755.746340000005,62947.28439666282,62934.69745717139,,SL,-6.825959644005607,1.9284781608489685,-1.491803344536452,False,-2.983606689072904,TURTLE20,38,
BTC,5m,20bar,1728803400000,1728806700000,-1,62818.83372,62935.555963649786,62939.72378340136,,TRAIL,-7.056726287033256,2.770646150380143,-1.589666446132494,False,-3.179332892264988,TURTLE20,12,
BTC,5m,20bar,1728817200000,1728817500000,-1,62687.75994,62804.14541943651,62791.58710201611,,SL,-7.93473750177575,3.1168888555785395,-1.8461510353371877,False,-3.6923020706743754,TURTLE20,2,
BTC,5m,20bar,1728819000000,1728822600000,-1,62623.272840000005,62724.4565019588,62752.2564508741,,TRAIL,-5.660716810401086,2.4135679405018333,-1.367555911705276,False,-2.7351118234105525,TURTLE20,13,
BTC,5m,20bar,1728825000000,1728828000000,1,62741.045699999995,62591.42611434315,62603.946903723896,,SL,-6.602097478680792,2.208328325830389,-1.6398325503361606,False,-3.2796651006723208,TURTLE20,11,
BTC,5m,20bar,1728828600000,1728834300000,-1,62549.787540000005,62246.96245517279,62693.50249263465,,TRAIL,6.176354461490957,2.028863321306354,1.5861052079222329,False,3.172210415844466,TURTLE20,20,
BTC,5m,20bar,1728837300000,1728841200000,1,62618.121119999996,62537.03787050435,62390.30741974424,,TRAIL,-2.754218383226858,1.3242900769263888,-0.6855441297631487,False,-1.3710882595262974,TURTLE20,14,
BTC,5m,20bar,1728843300000,1728844200000,-1,62344.92852,62594.50893709672,62581.992538589,,SL,-5.424694015460837,1.253003695950048,-1.369014502929001,False,-2.738029005858002,TURTLE20,4,
BTC,5m,20bar,1728848100000,1728858300000,1,62645.42658,62839.574383225525,62449.750660766935,,TRAIL,2.340975800183977,1.48291394685405,0.6074166055457121,False,1.2148332110914242,TURTLE20,35,
BTC,5m,20bar,1728861000000,1728868800000,-1,62691.15926,62785.70856700063,62909.218263617426,,TRAIL,-3.038146371624392,1.3467758613658272,-0.778850792122321,False,-1.557701584244642,TURTLE20,27,
BTC,5m,20bar,1728876000000,1728878700000,1,62879.5734,64282.31137143487,62696.31702639805,,TRAIL,27.79489062865107,1.5987674253897317,7.238170299348817,False,14.476340598697632,TURTLE20,10,
BTC,5m,20bar,1728884400000,1728887100000,-1,63833.63072,64121.87226366717,64109.050453576456,,SL,-5.8259584733816006,1.2253695258165496,-1.325303894232585,False,-2.65060778846517,TURTLE20,10,
BTC,5m,20bar,1728892200000,1728894900000,1,64523.70216,64457.583031655406,64237.29630833749,,TRAIL,-2.1442680558111507,1.1563284697584832,-0.5010648302978583,False,-1.0021296605957166,TURTLE20,10,
BTC,5m,20bar,1728899400000,1728907200000,1,64886.974799999996,64883.97024067857,64636.15773368721,,TRAIL,-1.3659221063937184,1.315172263008003,-0.32241476839930616,False,-0.6448295367986123,TURTLE20,27,
BTC,5m,20bar,1728912600000,1728913200000,-1,64784.940420000006,65028.271563640905,65015.26850993892,,SL,-5.87024051268364,1.4233926536734758,-1.3946152677958872,False,-2.7892305355917744,TURTLE20,3,
BTC,5m,20bar,1728913800000,1728918000000,1,65295.5565,65923.00142636354,65008.49154121945,,TRAIL,7.821347000332388,1.1222308133552503,1.911462109268471,False,3.822924218536942,TURTLE20,15,
BTC,5m,20bar,1728922500000,1728933300000,-1,65771.64304000001,66125.78184193432,66112.55933006831,,SL,-5.399173168498865,0.986163514658277,-1.2709197814415591,False,-2.5418395628831183,TURTLE20,37,
BTC,5m,20bar,1728944400000,1728947100000,1,66202.03776,66264.5673439258,66000.5460753928,,TRAIL,-0.3482969055256051,1.633156695957336,-0.08412445987344633,False,-0.16824891974689266,TURTLE20,10,
BTC,5m,20bar,1728951000000,1728951600000,-1,66032.2909,66279.2052026737,66265.95201227124,,SL,-5.77202558760276,1.4042951854063987,-1.3964719981154678,False,-2.7929439962309357,TURTLE20,3,
BTC,5m,20bar,1728953100000,1728975600000,-1,65937.30990000001,65668.67190019066,66214.21503591593,,TRAIL,2.7521464411225067,1.145749496885645,0.6849797498404926,False,1.3699594996809854,TURTLE20,76,
BTC,5m,20bar,1728976200000,1728986700000,1,65787.55488,65585.62795582572,65595.01484993858,,TRAIL,-5.938860155148526,1.6674008412968275,-1.4581426718704338,False,-2.9162853437408676,TURTLE20,36,
BTC,5m,20bar,1728990900000,1728991800000,-1,65486.60006,65662.73290837955,65676.29743812296,,TRAIL,-5.3116055968524805,1.6402327252880342,-1.3433103329208977,False,-2.686620665841795,TURTLE20,4,
BTC,5m,20bar,1728993300000,1728994500000,-1,65324.9324,65602.32262410139,65589.20478314476,,SL,-5.182687924667061,1.1438038412191873,-1.3468928265609967,False,-2.693785653121993,TURTLE20,5,
BTC,5m,20bar,1728995700000,1729001100000,1,65818.161,67597.81046178723,65554.39674325238,,TRAIL,24.1264455609578,1.1363332790418172,6.443632279321351,False,12.887264558642702,TURTLE20,19,
BTC,5m,20bar,1729003500000,1729005300000,-1,65553.08676,65780.61771944986,66214.9305158395,,TRAIL,-1.9563352309965838,0.503245052555754,-0.46284516464006414,False,-0.9256903292801282,TURTLE20,7,
BTC,5m,20bar,1729010100000,1729025700000,1,66802.05773999999,66414.39971758779,66168.18782779308,,TRAIL,-3.089098265581404,0.5280530960092018,-0.737671701846164,False,-1.4753434036923279,TURTLE20,53,
BTC,5m,20bar,1729027200000,1729030500000,-1,66290.33928,66659.23246799523,66645.90328733776,,SL,-5.206141008484868,0.9256225593593665,-1.2618344989509505,False,-2.523668997901901,TURTLE20,12,
BTC,5m,20bar,1729031100000,1729052400000,1,66811.3596,67038.37600583791,66473.0828669221,,TRAIL,1.744175264713893,0.954793259055202,0.43368801377371274,False,0.8673760275474255,TURTLE20,72,
BTC,5m,20bar,1729053000000,1729056900000,-1,67009.39544000001,67212.43689126895,67230.41595495482,,TRAIL,-5.2047286602319724,1.4781048918215702,-1.2830236628744114,False,-2.5660473257488228,TURTLE20,14,
BTC,5m,20bar,1729057500000,1729059900000,1,67292.65583999999,67070.30117838307,67083.71792196747,,SL,-5.731385280903649,1.5250612592186261,-1.4500596094807106,False,-2.900119218961421,TURTLE20,9,
BTC,5m,20bar,1729062900000,1729065600000,-1,66802.33686,67043.84267597985,67030.43658866211,,SL,-5.41466967033417,1.3512163948012308,-1.410845710290787,False,-2.821691420581574,TURTLE20,10,
BTC,5m,20bar,1729071300000,1729079400000,1,67415.38037999999,68109.18664252012,67184.54169133467,,TRAIL,9.895853654671289,1.313779439901721,2.6533313191473624,False,5.306662638294725,TURTLE20,28,
BTC,5m,20bar,1729086000000,1729087500000,-1,67286.54000000001,67701.25056853089,67687.7130259257,,SL,-4.852970663171401,0.7929241500054891,-1.2356345288374941,False,-2.4712690576749883,TURTLE20,6,
BTC,5m,20bar,1729088400000,1729089300000,1,68122.1217,67599.6424972827,67613.16513030876,,SL,-4.545098774577926,0.6128726277632788,-1.1865693404882098,False,-2.3731386809764192,TURTLE20,4,
BTC,5m,20bar,1729100100000,1729107600000,1,68002.79784,67663.45404616071,67676.98944404951,,SL,-4.82919475666512,0.9342870640740076,-1.2913833719463994,False,-2.582766743892799,TURTLE20,26,
BTC,5m,20bar,1729113900000,1729117800000,-1,67548.08768000001,67764.85208051447,67751.30182015043,,SL,-5.341311938383406,1.4554321941314798,-1.4661979926702358,False,-2.932395985340471,TURTLE20,14,
BTC,5m,20bar,1729118400000,1729120800000,1,67816.26053999999,67640.7426596917,67654.27351439459,,SL,-5.6057151930208144,1.7741981160379223,-1.5852632719712154,False,-3.1705265439424304,TURTLE20,9,
BTC,5m,20bar,1729125300000,1729126200000,1,67933.48397999999,67728.11290500282,67741.66123725027,,SL,-5.118796244058265,1.4529319708815702,-1.4949636785369922,False,-2.9899273570739844,TURTLE20,4,
BTC,5m,20bar,1729128900000,1729129500000,-1,67439.0095,67660.04927540373,67646.51997140945,,SL,-4.835747374817277,1.2975305377993362,-1.4558263427241063,False,-2.911652685448212,TURTLE20,3,
BTC,5m,20bar,1729140300000,1729146900000,-1,67357.32584,67520.65751149262,67530.99515270701,,TRAIL,-4.535734982118991,1.502762566273424,-1.4064572358595029,False,-2.8129144717190058,TURTLE20,23,
BTC,5m,20bar,1729148400000,1729152000000,-1,67159.46542,67387.42812359972,67373.95333293313,,SL,-4.510769309993384,1.1796462739684945,-1.4391992327424257,False,-2.878398465484851,TURTLE20,13,
BTC,5m,20bar,1729155000000,1729158000000,1,67411.9797,67221.76374205062,67217.01457090952,,TRAIL,-4.231085479392354,1.2612284640338347,-1.3899726852633976,False,-2.7799453705267947,TURTLE20,11,
BTC,5m,20bar,1729159200000,1729161900000,-1,67147.36784,67058.79678978426,67324.59086313292,,TRAIL,0.1343798715159359,1.34463672666599,0.045408047417417836,False,0.09081609483483566,TURTLE20,10,
BTC,5m,20bar,1729173000000,1729173600000,1,67236.4446,66916.44644518771,66929.83241167005,,SL,-3.868991417557461,0.7776022283422277,-1.3061773298080075,False,-2.6123546596160154,TURTLE20,3,
BTC,5m,20bar,1729179300000,1729182600000,1,67396.17654,67088.35228675396,67023.48377720699,,TRAIL,-3.007158287566698,0.6245570380671699,-1.0424537563608844,False,-2.0849075127217693,TURTLE20,12,
BTC,5m,20bar,1729188600000,1729197000000,-1,66894.6184,67147.79877750688,67187.94099249708,,TRAIL,-3.2124564031147678,0.7744566529426946,-1.1373342400029622,False,-2.274668480005925,TURTLE20,29,
BTC,5m,20bar,1729202700000,1729210800000,1,67173.9321,67240.37459000525,67021.71856676486,,TRAIL,-0.25761888610856887,1.4625130853773238,-0.09333003253277884,False,-0.18666006506555768,TURTLE20,28,
BTC,5m,20bar,1729212600000,1729213500000,-1,67177.0619,67376.10669385649,67362.63416702309,,SL,-4.153778473097654,1.1986074576368426,-1.5076428148500745,False,-3.015285629700149,TURTLE20,4,
BTC,5m,20bar,1729215000000,1729216800000,1,67725.5424,67921.25082855015,67495.85500244574,,TRAIL,1.329947655992376,0.9468294870005984,0.49772148507195424,False,0.9954429701439086,TURTLE20,7,
BTC,5m,20bar,1729223100000,1729225800000,-1,67768.94350000001,67867.98253048716,67984.44149055192,,TRAIL,-2.2594058410889035,1.0191448229195381,-0.8372290880456459,False,-1.6744581760912918,TURTLE20,10,
BTC,5m,20bar,1729230900000,1729233300000,1,68042.30574,68104.08196590724,67851.80465207336,,TRAIL,-0.27734805988388334,1.1378269075447762,-0.10452227298550366,False,-0.20904454597100736,TURTLE20,9,
BTC,5m,20bar,1729239300000,1729258500000,-1,67860.02528,67983.18994109386,68089.9099751234,,TRAIL,-2.3575062404869858,0.9388292492549188,-0.8903184708170675,False,-1.780636941634135,TURTLE20,65,
BTC,5m,20bar,1729259100000,1729259100000,1,68183.43396,67937.56029527211,67951.15052537719,,SL,-3.6674059781197315,0.914455770846436,-1.4101145947533298,False,-2.8202291895066596,TURTLE20,1,
BTC,5m,20bar,1729260000000,1729260600000,1,68221.6416,68107.50026803101,67936.06749188546,,TRAIL,-1.7341318076788235,0.7239383336234504,-0.686122486325776,False,-1.372244972651552,TURTLE20,3,
BTC,5m,20bar,1729265400000,1729283700000,1,68729.34312,68482.76085245717,68335.5044643433,,TRAIL,-2.081793824950279,0.5210806342199221,-0.8351377529914529,False,-1.6702755059829058,TURTLE20,62,
BTC,5m,20bar,1729284900000,1729307100000,-1,68431.41098,68537.75013118677,68646.59814870528,,TRAIL,-2.1473704561746088,0.9360996792429321,-0.8760775514067837,False,-1.7521551028135671,TURTLE20,75,
BTC,5m,20bar,1729308000000,1729308300000,1,68670.93144,68517.45839828269,68531.16463120893,,SL,-4.062576567628033,1.4182474595451158,-1.6869962021723486,False,-3.3739924043446967,TURTLE20,2,
BTC,5m,20bar,1729312200000,1729347900000,-1,68369.42338000001,68254.04316258435,68510.19194303395,,TRAIL,0.5522072152117723,1.3550407738289572,0.23731248490513077,False,0.4746249698102615,TURTLE20,120,
BTC,5m,20bar,1729354500000,1729361700000,-1,68101.8769,68149.81500256783,68209.78049164123,,TRAIL,-2.80999481705131,1.77131229584895,-1.2018980623052438,False,-2.403796124610487,TURTLE20,25,
BTC,5m,20bar,1729362600000,1729374900000,1,68160.82944,68158.11465511499,68066.70995647796,,TRAIL,-2.048705801222722,1.982890526776242,-0.8978603385801341,False,-1.7957206771602685,TURTLE20,42,
BTC,5m,20bar,1729377900000,1729379100000,1,68361.46956,68247.3473529903,68260.99955290087,,SL,-4.373354604424361,1.8280782011457044,-1.9517018343996761,False,-3.903403668799352,TURTLE20,5,
BTC,5m,20bar,1729384800000,1729398300000,-1,68226.55196,68240.6141274315,68338.30875995869,,TRAIL,-1.848613635035833,1.5776646461038926,-0.8584933276492334,False,-1.7169866552984667,TURTLE20,46,
BTC,5m,20bar,1729407600000,1729413900000,1,68394.1761,68377.69574962644,68315.80977949081,,TRAIL,-2.6612526173600815,2.216186353544452,-1.257472251383521,False,-2.514944502767042,TURTLE20,22,
BTC,5m,20bar,1729429200000,1729429200000,-1,68251.04706,68340.99273267572,68327.32726722228,,SL,-4.649347552113186,2.2166162431571346,-2.253545222424626,False,-4.5070904448492515,TURTLE20,1,
BTC,5m,20bar,1729430400000,1729431000000,-1,68227.65174,68328.57482863944,68314.91184627019,,SL,-4.128500073886135,1.8498813793948068,-2.09553749584533,False,-4.191074991690659,TURTLE20,3,
BTC,5m,20bar,1729431600000,1729434300000,1,68455.58837999999,68601.52764324151,68343.0663423459,,TRAIL,1.0686579386681796,1.3794884835445682,0.5661557056353402,False,1.1323114112706805,TURTLE20,10,
BTC,5m,20bar,1729445700000,1729446600000,-1,68458.40558,68571.79430024292,68558.08268370619,,SL,-3.746117441152478,1.5745805860992874,-1.9624049345138974,False,-3.924809869027795,TURTLE20,4,
BTC,5m,20bar,1729447800000,1729450800000,1,68666.83062000001,68548.25878778267,68561.97118201907,,SL,-3.513810529038304,1.4399572918812449,-1.9159065672136435,False,-3.8318131344272865,TURTLE20,11,
BTC,5m,20bar,1729454700000,1729455000000,-1,68458.3056,68542.08737207152,68528.38169573237,,SL,-4.177597152150556,2.0688957517292046,-2.368596682222156,False,-4.737193364444312,TURTLE20,2,
BTC,5m,20bar,1729456200000,1729457700000,1,68661.02946,68799.97085681927,68578.96878684047,,TRAIL,1.1561162549481778,1.6887077227755067,0.688085954637401,False,1.376171909274802,TURTLE20,6,
BTC,5m,20bar,1729461900000,1729461900000,1,69038.50494,68852.161344413,68865.93453131926,,SL,-2.6558684386580937,0.8166096259567135,-1.5592360093174957,False,-3.1184720186349915,TURTLE20,1,
BTC,5m,20bar,1729464600000,1729465500000,1,69293.65596,69015.88049882515,68998.18783559973,,TRAIL,-2.014859878423118,0.4634772512797454,-1.2209817346030336,False,-2.4419634692060668,TURTLE20,4,
BTC,5m,20bar,1729478700000,1729481400000,-1,68975.00224,68891.65378655454,69180.41329018013,,TRAIL,0.004925524154453131,0.6483140329186541,0.0030595229856487335,False,0.006119045971297467,TURTLE20,10,
BTC,5m,20bar,1729486200000,1729490400000,1,68999.49713999999,68950.95021244675,68837.76023980744,,TRAIL,-1.3071872163781202,0.8239304530439224,-0.8119185900580957,False,-1.6238371801161917,TURTLE20,15,
BTC,5m,20bar,1729493700000,1729504200000,-1,68917.31378000001,68329.6840512506,69084.29427527451,,TRAIL,4.792728902235194,0.78109443642426,3.025991324435749,False,6.051982648871498,TURTLE20,36,
BTC,5m,20bar,1729514700000,1729517100000,-1,68023.8925,67815.76044,68201.38550797879,,TRAIL,1.198349214847732,0.7713128058063036,0.7134267973594487,False,1.4268535947188976,TURTLE20,9,
BTC,5m,20bar,1729518300000,1729519800000,-1,67480.30124,67546.21073035202,67780.17737911748,,TRAIL,-0.8347220666555819,0.46027280926266223,-0.4899536120700509,False,-0.9799072241401018,TURTLE20,6,
BTC,5m,20bar,1729521600000,1729530300000,-1,67058.38564000001,67390.44820380573,67452.22206312137,,TRAIL,-1.7679190694539657,0.3455434550415084,-1.047977891026165,False,-2.09595578205233,TURTLE20,30,
BTC,5m,20bar,1729532400000,1729533900000,1,67568.21093999999,67270.90649201942,67284.36336469236,,SL,-2.2006770802926585,0.47075273804471784,-1.3324331484244447,False,-2.6648662968488894,TURTLE20,6,
BTC,5m,20bar,1729540200000,1729550400000,1,67668.0309,67499.26617508156,67442.03152838207,,TRAIL,-1.7773742974914195,0.5768941960465344,-1.1056008756781015,False,-2.2112017513562034,TURTLE20,35,
BTC,5m,20bar,1729551900000,1729557600000,-1,67484.5004,66799.96335385498,67685.39756762797,,TRAIL,4.726161653659466,0.6304822092892778,3.006345858549773,False,6.012691717099547,TURTLE20,20,
BTC,5m,20bar,1729562700000,1729565700000,1,67488.39498,67216.68838385977,67230.13441074191,,SL,-2.274914261364355,0.5215604166548417,-1.3650153686692004,False,-2.7300307373384007,TURTLE20,11,
BTC,5m,20bar,1729573500000,1729582200000,1,67465.4904,67466.88091249819,67313.64469552888,,TRAIL,-0.849468287614994,0.8643132347991589,-0.5240115982632261,False,-1.0480231965264524,TURTLE20,30,
BTC,5m,20bar,1729582800000,1729586400000,-1,67436.80994,67038.20496,67582.01516696322,,TRAIL,3.5120954123393977,0.8913357937153787,2.1894526644041195,False,4.378905328808239,TURTLE20,13,
BTC,5m,20bar,1729590000000,1729592400000,-1,66678.96154,66956.7550710193,66943.36639773975,,SL,-2.2668704641912294,0.5077475666659341,-1.353889501297529,False,-2.7077790025950574,TURTLE20,9,
BTC,5m,20bar,1729593600000,1729599600000,1,67082.9139,67075.07318139386,66856.79593849712,,TRAIL,-0.6363878280157779,0.5799016217828787,-0.39066118528513244,False,-0.7813223705702649,TURTLE20,21,
BTC,5m,20bar,1729601100000,1729602900000,-1,66807.33585999999,67052.1009853374,67038.69324668807,,SL,-2.271030509208921,0.561089200154135,-1.4051022623405285,False,-2.810204524681057,TURTLE20,7,
BTC,5m,20bar,1729604100000,1729605900000,-1,66706.75598,66944.53568050629,66974.33542048403,,TRAIL,-1.8666795033380015,0.47076847561328733,-1.1883217743762997,False,-2.3766435487525994,TURTLE20,7,
BTC,5m,20bar,1729606500000,1729613100000,1,67358.16893999999,66967.53837353292,66944.57594490473,,TRAIL,-1.7472115855537502,0.2988316900304857,-1.13934712735317,False,-2.2786942547063394,TURTLE20,23,
BTC,5m,20bar,1729615500000,1729617000000,-1,66808.63560000001,67130.13675885006,67116.71341616682,,SL,-1.9547797545604952,0.39090915152207006,-1.3044250548951464,False,-2.6088501097902927,TURTLE20,6,
BTC,5m,20bar,1729620300000,1729640100000,1,67367.07072,67381.10527412836,67123.87821853651,,TRAIL,-0.40097543889561016,0.48520152771736536,-0.27473853456023983,False,-0.5494770691204796,TURTLE20,67,
BTC,5m,20bar,1729640700000,1729646400000,-1,67343.82854,67274.75521224386,67484.86896070882,,TRAIL,-0.12038342560470461,0.8312237393985661,-0.08293950369987668,False,-0.1658790073997534,TURTLE20,20,
BTC,5m,20bar,1729650600000,1729656000000,-1,67006.0961,67049.79404088596,67164.2556374537,,TRAIL,-1.1372888810894,0.7369296465929482,-0.7848497597359346,False,-1.569699519471869,TURTLE20,19,
BTC,5m,20bar,1729658400000,1729661700000,1,67125.52242000001,66952.89987865338,66966.29313728084,,SL,-2.266888218150118,0.7206099874927967,-1.5893407946335607,False,-3.178681589267121,TURTLE20,12,
BTC,5m,20bar,1729665000000,1729665900000,1,67193.63604,67050.09214743327,67063.50484840295,,SL,-2.378074124825754,0.8547673308894955,-1.7220324099780946,False,-3.444064819956189,TURTLE20,4,
BTC,5m,20bar,1729666500000,1729670700000,-1,66843.52862,66834.04719620154,66989.82139531847,,TRAIL,-0.6446349761489287,0.7310548685155007,-0.48344917606014515,False,-0.9668983521202903,TURTLE20,15,
BTC,5m,20bar,1729673400000,1729676100000,-1,66559.58541999999,66419.767815346,66756.00380715918,,TRAIL,0.403579940655162,0.5364098550922034,0.30562308132654165,False,0.6112461626530832,TURTLE20,10,
BTC,5m,20bar,1729686600000,1729686900000,-1,66179.56144,66367.2708,66381.65914507005,,TRAIL,-1.756814481173906,0.5228163631354302,-1.3223181294975852,False,-2.6446362589951704,TURTLE20,2,
BTC,5m,20bar,1729690200000,1729692300000,1,66503.49803999999,66558.7582666352,66309.24098380511,,TRAIL,-0.1636455300924391,0.5315928913117025,-0.12651858125620782,False,-0.2530371625124157,TURTLE20,8,
BTC,5m,20bar,1729695900000,1729699200000,-1,66341.92896,66293.93968132275,66619.39581860328,,TRAIL,-0.14689900430531358,0.37004167147549505,-0.1138595170124714,False,-0.2277190340249428,TURTLE20,12,
BTC,5m,20bar,1729703400000,1729708200000,-1,65666.26411999999,65637.22375621868,65973.6685844294,,TRAIL,-0.20829081633729912,0.3298957787523022,-0.16181199266817395,False,-0.3236239853363479,TURTLE20,17,
BTC,5m,20bar,1729710000000,1729734000000,1,65990.29542000001,67044.43782997702,65637.65783982463,,TRAIL,3.5450746137566163,0.29042858339631905,2.7629544461554376,False,5.525908892310876,TURTLE20,81,
BTC,5m,20bar,1729742400000,1729745100000,-1,67149.66738000001,67334.90290645574,67321.43861873199,,SL,-2.096146099320289,0.6360394004237846,-1.5481419974069268,False,-3.0962839948138536,TURTLE20,10,
BTC,5m,20bar,1729746600000,1729752300000,1,67409.97929999999,67239.92653083758,67253.37720627883,,SL,-2.1016244535039115,0.6768788259883313,-1.601783901481999,False,-3.2035678029639985,TURTLE20,20,
BTC,5m,20bar,1729752900000,1729754100000,-1,67154.86634000001,67290.56441035654,67299.6433711741,,TRAIL,-1.8980101951772976,0.7076331489887477,-1.494472756155622,False,-2.988945512311244,TURTLE20,5,
BTC,5m,20bar,1729759800000,1729761900000,-1,66956.70598000001,66942.72139993944,67130.22829048421,,TRAIL,-0.47114067021687495,0.5704353253229392,-0.3824008346951785,False,-0.7648016693903569,TURTLE20,8,
BTC,5m,20bar,1729769400000,1729776600000,1,67111.11954,67465.6502999688,66947.78429894696,,TRAIL,2.0494002253367656,0.6044201835629985,1.6762132672637444,False,3.352426534527489,TURTLE20,25,
BTC,5m,20bar,1729777200000,1729779600000,1,67741.34556,67515.77714275867,67451.67630397227,,TRAIL,-1.338017165562286,0.3540194918706493,-1.0588720911190945,False,-2.1177441822381895,TURTLE20,9,
BTC,5m,20bar,1729786500000,1729787400000,-1,67332.63078,67684.25034975285,67670.71620651156,,SL,-1.5827489401774164,0.29637053529519963,-1.2796461027459436,False,-2.559292205491887,TURTLE20,4,
BTC,5m,20bar,1729794000000,1729802400000,1,67873.87206,67952.71499468185,67645.36520532292,,TRAIL,-0.013992762845736306,0.4298326379599241,-0.011610231801162867,False,-0.023220463602325735,TURTLE20,29,
BTC,5m,20bar,1729804200000,1729805100000,1,68429.6832,68485.41112341355,68204.24541852786,,TRAIL,-0.14121683197170615,0.4390738823509914,-0.117199224584136,False,-0.23439844916827202,TURTLE20,4,
BTC,5m,20bar,1729810500000,1729825200000,-1,68155.56616,68108.36840228396,68373.22225500201,,TRAIL,-0.19087674921597064,0.45154796949421483,-0.15878536744402946,False,-0.3175707348880589,TURTLE20,50,
BTC,5m,20bar,1729826400000,1729827900000,1,68144.52617999999,67970.22228219538,67983.81904600457,,SL,-1.9086211748625983,0.6089511347374985,-1.5927901924331094,False,-3.185580384866219,TURTLE20,6,
BTC,5m,20bar,1729829700000,1729834500000,-1,67847.12786,67754.06325480729,67984.97705249772,,TRAIL,0.09849795992465615,0.6847179915589985,0.08490358421224828,False,0.1698071684244965,TURTLE20,17,
BTC,5m,20bar,1729840500000,1729842900000,-1,67413.81454,67445.1673071266,67582.43478982551,,TRAIL,-0.7737219377351698,0.557647099169229,-0.6658047082189318,False,-1.3316094164378636,TURTLE20,9,
BTC,5m,20bar,1729850400000,1729858800000,1,67778.0529,67955.27298829431,67585.25885666597,,TRAIL,0.5696364023808268,0.4843510246008419,0.4968000624137005,False,0.9936001248274009,TURTLE20,29,
BTC,5m,20bar,1729863300000,1729864200000,-1,67852.82672,68017.36630444464,68057.62945214941,,TRAIL,-1.3912917875346968,0.4609455681882493,-1.2014571176707354,False,-2.4029142353414708,TURTLE20,4,
BTC,5m,20bar,1729864800000,1729867200000,1,68296.95666,68290.51733556752,68010.61818455732,,TRAIL,-0.34888243906861677,0.3234664277470212,-0.3086969318152581,False,-0.6173938636305162,TURTLE20,9,
BTC,5m,20bar,1729871100000,1729872600000,-1,68016.59396,67787.21252355965,68339.5012269619,,TRAIL,0.5144522189301948,0.2834278697881511,0.4580236113660014,False,0.9160472227320027,TURTLE20,6,
BTC,5m,20bar,1729878300000,1729879800000,-1,67197.95771999999,66529.29011654462,67535.61478785129,,TRAIL,1.9753192539606648,0.26934735906376833,1.742688990631651,False,3.485377981263302,TURTLE20,6,
BTC,5m,20bar,1729891500000,1729896600000,1,67094.9163,66809.18956226992,66765.01971593277,,TRAIL,-1.3016126856312429,0.28566940172161087,-1.1096483532331132,False,-2.2192967064662263,TURTLE20,18,
BTC,5m,20bar,1729897200000,1729898100000,-1,66540.38926,66115.96140299531,66801.56425110225,,TRAIL,1.5143564312897249,0.34954030744002246,1.3203180180137835,False,2.640636036027567,TURTLE20,4,
BTC,5m,20bar,1729903800000,1729908600000,1,66779.3532,66372.65305472935,66385.93024077751,,SL,-1.45604089723378,0.23906068249428306,-1.2368148264278258,False,-2.473629652855652,TURTLE20,17,
BTC,5m,20bar,1729910700000,1729950900000,1,66805.95852,66809.65430952616,66546.11917139433,,TRAIL,-0.3379071990922471,0.3542374652714696,-0.29431099863019494,False,-0.5886219972603899,TURTLE20,135,
BTC,5m,20bar,1729951500000,1729956000000,-1,66799.43744000001,66895.96243018482,66939.5333572131,,TRAIL,-1.439931716223119,0.6535356483951077,-1.2615801632398451,False,-2.52316032647969,TURTLE20,16,
BTC,5m,20bar,1729964100000,1729974900000,1,67031.00352,67205.15628000001,66906.5247465212,,TRAIL,0.836681888551986,0.7198698022454442,0.7520243130926413,False,1.5040486261852826,TURTLE20,37,
BTC,5m,20bar,1729979100000,1729980000000,-1,67064.0845,67194.45391086803,67181.01770732657,,SL,-2.03704717869493,0.7779777112026864,-1.803803545091235,False,-3.60760709018247,TURTLE20,4,
BTC,5m,20bar,1729985100000,1729992600000,-1,67019.49342,67019.53645812227,67107.3659960199,,TRAIL,-0.9968185911868604,0.9962854348567483,-0.9157175047527846,False,-1.8314350095055691,TURTLE20,26,
BTC,5m,20bar,1729994100000,1729995600000,1,67086.9147,66956.58563774034,66969.97963366707,,SL,-1.9260187502900101,0.7349863946070889,-1.8023264455357462,False,-3.6046528910714923,TURTLE20,6,
BTC,5m,20bar,1729999500000,1730003700000,1,67090.4154,67106.00849375759,66987.7497911398,,TRAIL,-0.6514311126461166,0.8078864668987662,-0.6323905473259943,False,-1.2647810946519888,TURTLE20,15,
BTC,5m,20bar,1730015700000,1730018100000,1,67173.23196,67111.41837411774,67113.1821809699,,TRAIL,-2.1558637629597506,1.2199347409107077,-2.3711057456408335,False,-4.239318905111604,TURTLE20,9,
BTC,5m,20bar,1730020500000,1730023800000,-1,67063.5846,67146.46662592495,67133.04001792136,,SL,-2.291446822962266,1.1292045267884425,-2.3527042461322942,False,-4.7054084922645885,TURTLE20,12,
BTC,5m,20bar,1730027400000,1730027700000,-1,66973.6026,67059.15579244005,67045.74664311143,,SL,-2.1352428044932,1.0345998900791684,-2.300575907828852,False,-4.601151815657704,TURTLE20,2,
BTC,5m,20bar,1730031600000,1730032800000,1,67167.73086,67334.63309699406,67087.24991205405,,TRAIL,0.9483576195661149,0.8878547356083136,1.0710711145917262,False,2.1421422291834524,TURTLE20,5,
BTC,5m,20bar,1730034300000,1730046300000,1,67519.60122000001,67630.58905180091,67380.65201930072,,TRAIL,0.19459907697343992,0.5278015385310725,0.2151701304314708,False,0.43034026086294164,TURTLE20,41,
BTC,5m,20bar,1730050500000,1730051700000,1,67898.0769,67727.71125303634,67741.25950493732,,SL,-1.4580877166676325,0.4713277573790898,-1.6053137456776165,False,-3.2106274913552335,TURTLE20,5,
BTC,5m,20bar,1730055300000,1730057100000,-1,67507.9957,67660.16198375687,67646.63265722543,,SL,-1.4791970068765588,0.5142780969112347,-1.6825757217667163,False,-3.3651514435334327,TURTLE20,7,
BTC,5m,20bar,1730064600000,1730065800000,1,67925.68242,67839.52938,67803.02709264925,,TRAIL,-1.1609253563079847,0.5642070487923174,-1.366529858101384,False,-2.733059716202768,TURTLE20,5,
BTC,5m,20bar,1730067300000,1730072400000,1,68220.44136,67992.69984801514,68006.30110823679,,SL,-1.194180088381427,0.3153714507527284,-1.4451715366986977,False,-2.8903430733973954,TURTLE20,18,
BTC,5m,20bar,1730076300000,1730085600000,-1,67844.4284,67938.79709935382,68031.53234302069,,TRAIL,-0.7541265118754201,0.349403521309778,-0.9397911760415414,False,-1.879582352083083,TURTLE20,32,
BTC,5m,20bar,1730089800000,1730094300000,-1,67615.37422,67779.96124463626,67766.40796304365,,SL,-1.2815127423002206,0.42349979217892597,-1.6276112937490734,False,-3.255222587498147,TURTLE20,16,
BTC,5m,20bar,1730094900000,1730101200000,1,67889.97528,68443.93827451517,67741.8321909569,,TRAIL,2.427783714956096,0.42060411723774727,3.187206702872966,False,6.374413405745931,TURTLE20,22,
BTC,5m,20bar,1730106300000,1730109000000,-1,68296.63794,68500.25667030828,68486.5593584366,,SL,-1.2189011165398638,0.3501793126829663,-1.5042898764461083,False,-3.0085797528922167,TURTLE20,10,
BTC,5m,20bar,1730109900000,1730113200000,1,68619.02106,68565.72006132014,68437.60875046637,,TRAIL,-0.5874908782026773,0.3565829445786265,-0.7475338564470965,False,-1.495067712894193,TURTLE20,12,
BTC,5m,20bar,1730118300000,1730122500000,1,68871.2715,68811.97287393367,68659.05441276153,,TRAIL,-0.5176741990312804,0.3013562686166523,-0.6686953182579065,False,-1.337390636515813,TURTLE20,15,
BTC,5m,20bar,1730123400000,1730123400000,1,69309.15906,68968.09871489322,68981.895093912,,SL,-0.9896368296633944,0.1936353541971257,-1.295671823697469,False,-2.5913436473949374,TURTLE20,1,
BTC,5m,20bar,1730128800000,1730133900000,-1,68582.38078,68945.44190900789,68931.6555778923,,SL,-0.9491496774909762,0.17577331984350814,-1.275722798524611,False,-2.551445597049222,TURTLE20,18,
BTC,5m,20bar,1730136900000,1730147100000,1,69112.41972,69448.86517948347,68776.59105505061,,TRAIL,0.5468725340464742,0.17948542096049463,0.7542795329336626,False,1.5085590658673251,TURTLE20,35,
BTC,5m,20bar,1730153100000,1730153400000,1,69925.28226,70012.59619352325,69694.17038941919,,TRAIL,0.010671743597176042,0.267374961256845,0.014500364878286855,False,0.02900072975657371,TURTLE20,2,
BTC,5m,20bar,1730166600000,1730169300000,1,70121.0214,71285.51300984473,69868.752932687,,TRAIL,3.150659517438867,0.24759401493113153,4.279756803133182,False,8.559513606266364,TURTLE20,10,
BTC,5m,20bar,1730182200000,1730185800000,1,71230.54326,71082.88975558637,71047.91285950491,,TRAIL,-1.0197896169376295,0.37365805149120696,-1.2760283260138008,False,-2.5520566520276016,TURTLE20,13,
BTC,5m,20bar,1730193000000,1730197800000,1,71256.64847999999,71120.00549862896,71099.77200771132,,TRAIL,-1.102435067261958,0.42408720168995784,-1.4155658303532728,False,-2.831131660706546,TURTLE20,17,
BTC,5m,20bar,1730201700000,1730203800000,1,71508.59886,71365.86539676074,71348.3277622205,,TRAIL,-1.0787020934718492,0.4047629447241186,-1.4254481622608577,False,-2.8508963245217154,TURTLE20,8,
BTC,5m,20bar,1730206500000,1730208900000,-1,71173.7624,71245.500751483,71366.29355312185,,TRAIL,-0.6002228751204284,0.32629308054876827,-0.8164388298989427,False,-1.6328776597978854,TURTLE20,9,
BTC,5m,20bar,1730210100000,1730210700000,1,71689.23498,71555.34871884239,71374.6805159353,,TRAIL,-0.5054007871364075,0.1975934139308035,-0.698871058881851,False,-1.397742117763702,TURTLE20,3,
BTC,5m,20bar,1730216700000,1730229600000,1,72261.54942000001,73063.15457616617,71830.84338281219,,TRAIL,1.1827487189094321,0.14435620484716982,1.658695890201592,False,3.3173917804031845,TURTLE20,44,
BTC,5m,20bar,1730232000000,1730241600000,-1,72550.9869,72745.969900025,73105.09180038593,,TRAIL,-0.3751495367835178,0.11590840493022161,-0.5092197775339868,False,-1.0184395550679737,TURTLE20,33,
BTC,5m,20bar,1730242200000,1730243100000,1,72912.77964,72592.09228529647,72606.61360801807,,SL,-0.9717314447908973,0.2079338657217475,-1.3325785202807723,False,-2.665157040561544,TURTLE20,4,
BTC,5m,20bar,1730247600000,1730252100000,-1,72465.20406,72451.92420689669,72739.50700147258,,TRAIL,-0.19062703116351842,0.2249895180183889,-0.2685732185784368,False,-0.5371464371568736,TURTLE20,16,
BTC,5m,20bar,1730253900000,1730258400000,1,72616.12032,72305.98582918326,72320.44991916709,,SL,-0.9481157031040128,0.20761595844898315,-1.343008138074132,False,-2.686016276148264,TURTLE20,16,
BTC,5m,20bar,1730265300000,1730270400000,1,72455.9883,72371.58298124388,72292.79579688079,,TRAIL,-0.7211403982562957,0.36581393162648623,-1.0496919788021233,False,-2.0993839576042466,TURTLE20,18,
BTC,5m,20bar,1730271300000,1730272500000,-1,72316.5338,72483.15089349386,72468.65716206146,,SL,-1.1207793392324776,0.38411947169204264,-1.6663903615772768,False,-3.332780723154553,TURTLE20,5,
BTC,5m,20bar,1730273700000,1730275200000,-1,72293.5384,72359.53765289755,72438.8217636279,,TRAIL,-0.6837616903056798,0.38840573596986505,-1.0516764942240406,False,-2.1033529884480813,TURTLE20,6,
BTC,5m,20bar,1730276100000,1730277900000,1,72547.30656,72361.61243763613,72376.08765516715,,SL,-1.0135085917833075,0.3232102066587008,-1.592344455354564,False,-3.1846889107091285,TURTLE20,7,
BTC,5m,20bar,1730282400000,1730284200000,1,72617.5206,72428.00838833726,72442.4968877148,,SL,-0.9736318846814777,0.3064031075103244,-1.5800117906603337,False,-3.1600235813206674,TURTLE20,7,
BTC,5m,20bar,1730286300000,1730289900000,-1,72318.13348,72068.9071992827,72478.89885384178,,TRAIL,0.6035333676010199,0.3215704148487785,1.0113748528321544,False,2.022749705664309,TURTLE20,13,
BTC,5m,20bar,1730295600000,1730296200000,-1,71606.77578000001,71878.12737359332,71896.48757449618,,TRAIL,-0.7511492107978136,0.18091619390318014,-1.2337866192402822,False,-2.467573238480564,TURTLE20,3,
BTC,5m,20bar,1730297400000,1730301000000,1,72183.4338,71937.05826008259,71817.92641300167,,TRAIL,-0.5407353570875366,0.1404804913965753,-0.9106459869030575,False,-1.8212919738061149,TURTLE20,13,
BTC,5m,20bar,1730309700000,1730311500000,-1,71733.45044,72030.36452223982,72015.96132997383,,SL,-0.7906995574610156,0.17799924014635307,-1.3563100921619298,False,-2.7126201843238595,TURTLE20,7,
BTC,5m,20bar,1730313900000,1730313900000,1,72172.53162000001,71944.22720276673,71958.61892655204,,SL,-0.8345876582018759,0.2292652271729138,-1.4715090883725273,False,-2.9430181767450545,TURTLE20,1,
BTC,5m,20bar,1730318700000,1730318700000,1,72396.17633999999,72067.27315115236,72081.68948905017,,SL,-0.7274267264582899,0.15171989399832891,-1.3214582971821642,False,-2.642916594364329,TURTLE20,1,
BTC,5m,20bar,1730321100000,1730322900000,1,72474.29196,72378.89629807351,72079.66303204182,,TRAIL,-0.24758204312851556,0.1180303615775334,-0.4619721514705069,False,-0.9239443029410137,TURTLE20,7,
BTC,5m,20bar,1730334900000,1730336700000,-1,72140.26905999999,72379.81100725991,72365.33793967197,,SL,-0.7696839749159013,0.20456722299254604,-1.449573996084115,False,-2.8991479921682295,TURTLE20,7,
BTC,5m,20bar,1730343600000,1730344800000,1,72567.71063999999,72339.97680842663,72354.44769796621,,SL,-0.7607582898188004,0.2101949972842763,-1.4755420751561197,False,-2.9510841503122394,TURTLE20,5,
BTC,5m,20bar,1730356500000,1730359200000,-1,72199.95711999999,72338.47356740214,72324.67134926391,,TRAIL,-0.9036793168649643,0.34794000235068445,-1.8060449649088142,False,-3.612089929817628,TURTLE20,10,
BTC,5m,20bar,1730359800000,1730362800000,1,72399.67704,72248.82559932834,72245.96514042022,,TRAIL,-0.745626599317994,0.2723115427086181,-1.5460126568269972,False,-3.092025313653994,TURTLE20,11,
BTC,5m,20bar,1730371500000,1730373000000,1,72541.10532,72466.13946701516,72375.82933416855,,TRAIL,-0.45802926400210153,0.24603622763961197,-0.979998389011071,False,-1.959996778022142,TURTLE20,6,
BTC,5m,20bar,1730376000000,1730383500000,-1,72192.45861999999,71092.81598957583,72368.75686631199,,TRAIL,2.634634719813879,0.22344775725491267,5.749753539036931,False,11.49950707807386,TURTLE20,26,
BTC,5m,20bar,1730386200000,1730410800000,-1,70634.3703,70348.85360739032,71111.0660418202,,TRAIL,0.21534789645757288,0.09066121695205556,0.42149895759090816,False,0.8429979151818163,TURTLE20,83,
BTC,5m,20bar,1730411400000,1730421300000,1,70396.47648,70097.14381844849,70074.85620324609,,TRAIL,-0.6145506711648823,0.1350374753782447,-1.1928005211689958,False,-2.3856010423379916,TURTLE20,34,
BTC,5m,20bar,1730424300000,1730424900000,-1,70011.39491999999,69832.08443125022,70251.56074861823,,TRAIL,0.19978411605763052,0.17570576771129093,0.397243861409909,False,0.794487722819818,TURTLE20,3,
BTC,5m,20bar,1730426400000,1730427900000,-1,69337.32976,69377.33867039192,69720.03052266735,,TRAIL,-0.1632393439351441,0.11024397257449058,-0.3220210761829097,False,-0.6440421523658195,TURTLE20,6,
BTC,5m,20bar,1730441700000,1730443500000,-1,69373.42254,69524.94389276269,69542.74979072597,,TRAIL,-0.6985819284062742,0.2478882774262819,-1.3870205275018008,False,-2.774041055003601,TURTLE20,7,
BTC,5m,20bar,1730444400000,1730446500000,-1,69182.26078000001,69386.03054569432,69387.0572221657,,TRAIL,-0.6860268161828103,0.19879680396725682,-1.4009556877828733,False,-2.8019113755657457,TURTLE20,8,
BTC,5m,20bar,1730454000000,1730457300000,1,69560.20926,69849.37163788693,69380.20280373977,,TRAIL,0.5434171050799674,0.22117203200211688,1.1417181006611423,False,2.2834362013222846,TURTLE20,12,
BTC,5m,20bar,1730459700000,1730464200000,1,70160.62932000001,69896.9887597654,69910.97095395619,,SL,-0.6779649330790508,0.16386703306565376,-1.392603566993792,False,-2.785207133987584,TURTLE20,16,
BTC,5m,20bar,1730464800000,1730466600000,1,70425.48228,70124.63706716237,70138.6648001224,,SL,-0.6355721803310268,0.13915183461643466,-1.3429282085955703,False,-2.6858564171911405,TURTLE20,7,
BTC,5m,20bar,1730468100000,1730472000000,1,70547.80674,71170.94906110619,70225.26631036367,,TRAIL,0.768379575751138,0.1214178306411026,1.6683522999962095,False,3.336704599992419,TURTLE20,14,
BTC,5m,20bar,1730475300000,1730477400000,-1,70598.97738000001,69835.86184532402,71128.80303755848,,TRAIL,0.609798645134912,0.07568952535133872,1.2812792688619432,False,2.5625585377238864,TURTLE20,8,
BTC,5m,20bar,1730484600000,1730502900000,-1,69413.51452,69616.11675377995,69946.20550350276,,TRAIL,-0.26209128346919586,0.07643896140692787,-0.5369342102685263,False,-1.0738684205370526,TURTLE20,62,
BTC,5m,20bar,1730513400000,1730515800000,1,69721.54152,69686.0616264774,69594.5838847521,,TRAIL,-0.453090162091426,0.31814229893648915,-0.9383008369513619,False,-1.8766016739027238,TURTLE20,9,
BTC,5m,20bar,1730519700000,1730524800000,-1,69534.39034,69648.50954316193,69664.81933340752,,TRAIL,-0.7179455616510998,0.30337381862863266,-1.515222481816876,False,-3.030444963633752,TURTLE20,18,
BTC,5m,20bar,1730526300000,1730535900000,1,69674.03202,69638.70882646197,69552.76734146914,,TRAIL,-0.4505444377534348,0.316707450025681,-0.9805892324667784,False,-1.9611784649335569,TURTLE20,33,
BTC,5m,20bar,1730536800000,1730544300000,-1,69556.5859,69569.36341460062,69674.39721578067,,TRAIL,-0.3680240856630453,0.3191692030632546,-0.8170105184852609,False,-1.634021036970522,TURTLE20,26,
BTC,5m,20bar,1730550600000,1730550900000,-1,69482.50072,69612.26982794599,69598.3501579144,,SL,-0.8155295114423501,0.31919908289682836,-1.8405438482342455,False,-3.6810876964684915,TURTLE20,2,
BTC,5m,20bar,1730551800000,1730553300000,-1,69425.6121,69581.63952722774,69571.26695122327,,TRAIL,-0.7015553157753998,0.24438178685024392,-1.6438297536485715,False,-3.287659507297143,TURTLE20,6,
BTC,5m,20bar,1730556000000,1730560800000,-1,69331.13100000001,69275.8482098114,69514.8914476581,,TRAIL,-0.06262524987093268,0.1867975970184787,-0.1517268688263012,False,-0.30345373765260236,TURTLE20,17,
BTC,5m,20bar,1730565300000,1730569200000,1,69518.901,69315.55100171592,69329.41688509294,,SL,-0.6225113049976904,0.18090175623759377,-1.5127952526558472,False,-3.025590505311695,TURTLE20,14,
BTC,5m,20day_equiv,1730142900000,1730643900000,1,69669.93119999999,67771.18643801006,65709.83493024315,,TRAIL,-10.005864997288977,0.41647811045699323,-0.5002932498644489,False,-1.0005864997288976,TURTLE20,1671,
BTC,5m,20day_equiv,1730862300000,1731627600000,1,73980.7932,86644.08890651712,69447.63420999561,,TRAIL,54.8896603536614,0.42094537139752913,2.772221491671316,False,5.544442983342631,TURTLE20,2552,
BTC,5m,20day_equiv,1732041000000,1733437500000,1,93797.2557,94118.97606793129,86828.9313995885,,TRAIL,0.6266930596193987,0.3381311494595315,0.02998864861358368,False,0.05997729722716736,TURTLE20,4656,
BTC,5m,20day_equiv,1734305100000,1734632400000,1,104698.9356,96865.34634505681,96884.72328971475,,SL,-21.285682907687676,0.3236219787674065,-1.0179564501517675,False,-2.035912900303535,TURTLE20,1092,
BTC,5m,20day_equiv,1735570800000,1736139300000,-1,91771.74198,99519.86141869871,99499.96142641343,,SL,-20.84146689717931,0.3042236675264143,-1.0174263884790442,False,-2.034852776958089,TURTLE20,1896,
BTC,5m,20day_equiv,1736454300000,1736947800000,-1,91259.44446,98559.03726973847,98539.3294038577,,SL,-20.435944475661433,0.31395117378404935,-1.018351794835895,False,-2.03670358967179,TURTLE20,1646,
BTC,5m,20day_equiv,1737118200000,1737962100000,1,102909.47777999999,98261.76981864161,95087.19770605543,,TRAIL,-11.983965895298159,0.30335004893633216,-0.6095934516332115,False,-1.219186903266423,TURTLE20,2814,
BTC,5m,20day_equiv,1738546800000,1740933300000,-1,94474.40134000001,90920.43088045748,102968.4024868569,,TRAIL,7.870892226983447,0.2543135072743382,0.405313526651006,False,0.810627053302012,TURTLE20,7949,
BTC,5m,20day_equiv,1741632900000,1742805000000,-1,77742.54838000001,87510.13671217431,87492.6381845374,,SL,-19.810902014590127,0.1990812428935304,-1.011964006591809,False,-2.023928013183618,TURTLE20,3908,
BTC,5m,20day_equiv,1743961500000,1744465200000,-1,81031.2905,84368.30416387809,87642.79052021817,,TRAIL,-9.968834582436067,0.28790214178352647,-0.5197388505132323,False,-1.0394777010264649,TURTLE20,1680,
BTC,5m,20day_equiv,1745285100000,1747877400000,1,88573.81122,109993.59688000001,82263.44587064616,,TIME,64.07069594754851,0.35836525798078056,3.3755011058624507,False,6.751002211724902,TURTLE20,8640,
BTC,5m,20day_equiv,1747881600000,1748566500000,1,110835.6627,104877.10907170258,104898.08868944047,,SL,-20.775783976301323,0.44168354659216846,-1.0253314368011959,False,-2.0506628736023917,TURTLE20,2284,
BTC,5m,20day_equiv,1749151200000,1749464100000,-1,101718.6522,107352.36694724516,107330.90076709175,,SL,-20.36651382450032,0.4436115427866479,-1.0261764584881685,False,-2.052352916976337,TURTLE20,1044,
BTC,5m,20day_equiv,1750602300000,1750716600000,-1,99613.37334,105082.61770523789,105061.60538416106,,SL,-19.952854486797694,0.43822146671512124,-1.026399374060821,False,-2.0527987481216416,TURTLE20,382,
BTC,5m,20day_equiv,1751472600000,1753416300000,1,109533.00222000001,115065.94528395725,104080.68735945859,,TRAIL,18.851565411995725,0.47060737342834796,0.9900718930452265,False,1.980143786090453,TURTLE20,6480,
BTC,5m,20day_equiv,1754072400000,1754871600000,-1,113707.254,119359.84740886914,119335.98021282659,,SL,-19.982381785391237,0.4824123400480228,-1.0290842813627754,False,-2.058168562725551,TURTLE20,2665,
BTC,5m,20day_equiv,1754877900000,1755480300000,1,120743.44386,116663.63310870927,115494.64131127359,,TRAIL,-15.298496490778142,0.5161182357862764,-0.8044225246187747,False,-1.6088450492375495,TURTLE20,2009,
BTC,5m,20day_equiv,1755866100000,1755886200000,-1,111627.27008,117235.02352310275,117211.58120686137,,SL,-19.250692938515662,0.46012568456954545,-1.0287877392128002,False,-2.0575754784256004,TURTLE20,68,
BTC,5m,20day_equiv,1756152900000,1757637300000,-1,109965.5025,115910.17376783388,115886.99636856017,,SL,-18.81818705092927,0.41945064817289845,-1.026801143183989,False,-2.053602286367978,TURTLE20,4948,
BTC,5m,20day_equiv,1757702100000,1758687000000,1,116396.57466,110977.2348727677,110999.43475971965,,SL,-18.478215384942978,0.4537408900312546,-1.0293904133675256,False,-2.058780826735051,TURTLE20,3284,
BTC,5m,20day_equiv,1758821700000,1759193400000,-1,109650.46552,114499.68703793315,114476.79167959724,,SL,-18.154389410535114,0.4899130778237835,-1.0326097832318477,False,-2.0652195664636954,TURTLE20,1240,
BTC,5m,20day_equiv,1759336800000,1760110200000,1,117894.17412,118462.83993031752,112773.70839014175,,TRAIL,1.4353235717626749,0.47686192407553485,0.08336187065920461,False,0.16672374131840922,TURTLE20,2579,
BTC,5m,20day_equiv,1760131200000,1760131800000,-1,103708.35418000001,109796.14174351512,109774.1869061339,,SL,-17.673344505811087,0.3642282940831799,-1.0247381590805873,False,-2.0494763181611746,TURTLE20,3,
BTC,5m,20day_equiv,1762266900000,1764236100000,-1,103412.71332,91891.57831738688,110919.34747727748,,TRAIL,25.663905241346,0.26371229793974843,1.5191831903217063,False,3.0383663806434127,TURTLE20,6565,
BTC,5m,20day_equiv,1765298700000,1765812000000,1,94218.23988,86920.62858977406,86938.01619301266,,SL,-17.707931022639524,0.25985419889868555,-1.0173169025761946,False,-2.0346338051523887,TURTLE20,1712,
BTC,5m,20day_equiv,1767371700000,1768921200000,1,90704.43726,90188.92725236436,85568.05595321521,,TRAIL,-2.071779316103756,0.36033027872636736,-0.12149526856947865,False,-0.24299053713895727,TURTLE20,5166,
BTC,5m,20day_equiv,1769014800000,1770384000000,-1,87544.78754,67366.83755963773,92546.03168192216,,TRAIL,68.31583708448457,0.31614386136777817,4.016001305943673,False,8.032002611887346,TURTLE20,4565,
BTC,5m,20day_equiv,1772614800000,1774618500000,1,71007.89873999999,66114.2432476758,64435.363656781556,,TRAIL,-13.91301387063066,0.23004134690173583,-0.7570790744383813,False,-1.5141581488767626,TURTLE20,6680,
BTC,5m,20day_equiv,1774824600000,1775601000000,-1,64988.799640000005,70570.47528940553,70556.36401660221,,SL,-18.409243891694945,0.26440460661217935,-1.0171433738893223,False,-2.034286747778644,TURTLE20,2589,
BTC,5m,20day_equiv,1775604600000,1778196300000,1,72759.44897999999,79893.81804,67702.74815146807,,TIME,24.694746099271654,0.3211574312408686,1.392761276294981,False,2.785522552589962,TURTLE20,8640,
BTC,5m,20day_equiv,1779478500000,1781471700000,-1,75809.73502,64851.72446322381,79640.60650035937,,TRAIL,51.72924585661028,0.401502836144373,2.838417769125005,False,5.67683553825001,TURTLE20,6645,
BTC,5m,20day_equiv,1782395700000,1783187400000,-1,58757.2462,63383.82375547254,63371.14952556743,,SL,-19.61806927877774,0.3059032633092159,-1.0186304015955545,False,-2.037260803191109,TURTLE20,2640,
BTC,5m,20day_equiv,1784043300000,1786635000000,1,64860.16944,63621.47316,60902.01827302657,,TIME,-6.27181432276907,0.3674519060351188,-0.33242420768030073,False,-0.6648484153606016,TURTLE20,8640,
BTC,5m,20day_equiv,1787150400000,1787462100000,1,65478.5931,75829.05498402445,63135.6738290373,,TRAIL,82.11713570662029,0.6782083040670406,4.381575337402011,False,8.76315067480402,TURTLE20,1040,
BTC,5m,20day_equiv,1787582100000,1789482900000,1,79617.4203,75816.23070449202,75369.10212885703,,TRAIL,-18.685914717302694,0.4474706476731124,-0.9167038882737251,False,-1.8334077765474501,TURTLE20,6331,
BTC,5m,20day_equiv,1789498200000,1789739100000,-1,74996.19776,79435.051525659,79419.16769212058,,SL,-20.501148940358142,0.4192001719527282,-1.0245406558886012,False,-2.0490813117772024,TURTLE20,804,
BTC,5m,20day_equiv,1789979700000,1790854200000,1,82541.90508,83774.7,77943.60416208075,,END,4.829386224518936,0.4253505423186591,0.24639643580888068,False,0.49279287161776136,TURTLE20,2915,
BTC,15m,20bar,1727803800000,1727805600000,-1,61479.101720000006,62284.88037901704,62272.42589383828,,SL,-22.186064090764845,1.8720818477050223,-1.1093032045382423,False,-2.2186064090764845,TURTLE20,3,
BTC,15m,20bar,1727814600000,1727831700000,-1,60621.073359999995,61275.05924004458,61424.983664915395,,TRAIL,-17.688330286651727,1.7791796392356058,-0.904483441944605,False,-1.8089668838892097,TURTLE20,20,
BTC,15m,20bar,1727834400000,1727866800000,1,61432.284,61047.86544127327,60878.15816817065,,TRAIL,-15.86816108731366,2.546634448081742,-0.8263586032071354,False,-1.6527172064142708,TURTLE20,37,
BTC,15m,20bar,1727874000000,1727876700000,-1,60749.64764,61209.76165818166,61231.699312880104,,TRAIL,-20.892479517434108,2.866773501011978,-1.106291490649388,False,-2.212582981298776,TURTLE20,4,
BTC,15m,20bar,1727883000000,1727890200000,1,61668.131160000004,61284.936911945704,60991.5934469908,,TRAIL,-12.473701571265096,2.013733511956512,-0.6754480646243792,False,-1.3508961292487587,TURTLE20,9,
BTC,15m,20bar,1727897400000,1727901900000,-1,60176.762240000004,60918.48059356636,60906.29933369962,,SL,-20.33638957780604,1.8143768100836746,-1.1162907360017127,False,-2.232581472003425,TURTLE20,6,
BTC,15m,20bar,1727918100000,1727942400000,1,61057.7091,60602.40134282561,60524.21858834979,,TRAIL,-17.637934867585685,2.437044377231012,-0.9902778248218804,False,-1.9805556496437609,TURTLE20,28,
BTC,15m,20bar,1727944200000,1727949600000,-1,60278.74184,60715.75592268743,60710.79887773838,,TRAIL,-20.59209060277262,2.933450097492319,-1.1794988550877927,False,-2.358997710175585,TURTLE20,7,
BTC,15m,20bar,1727985600000,1728002700000,1,60957.789119999994,60386.33145155732,60398.41113378408,,SL,-19.633319496118588,2.218706028169003,-1.1517509745850618,False,-2.3035019491701236,TURTLE20,20,
BTC,15m,20bar,1728005400000,1728050400000,1,61009.699499999995,61263.02784649433,60556.597499770374,,TRAIL,6.614629355614893,2.696491233115916,0.3971836584151853,False,0.7943673168303708,TURTLE20,51,
BTC,15m,20bar,1728052200000,1728054000000,-1,60891.719220000006,61469.15261362462,61456.86124137634,,SL,-19.331860755227606,2.180653273872487,-1.1516572686273143,False,-2.303314537254628,TURTLE20,3,
BTC,15m,20bar,1728060300000,1728292500000,1,62196.136739999994,63090.190210826324,61606.426003423665,,TRAIL,22.772586092362168,2.0904805333805787,1.3886158481868685,False,2.777231696373737,TURTLE20,259,
BTC,15m,20bar,1728297000000,1728301500000,-1,62931.61116,63113.26372566826,63265.30680548632,,TRAIL,-12.995164416952127,3.819909319399686,-0.7710004433072848,False,-1.5420008866145698,TURTLE20,6,
BTC,15m,20bar,1728311400000,1728314100000,1,64201.037639999995,63642.562206425995,63655.29326507901,,SL,-19.31464778755267,2.3324864526293045,-1.1638811551173944,False,-2.3277623102347893,TURTLE20,4,
BTC,15m,20bar,1728327600000,1728328500000,-1,62784.4406,63344.91009487848,63332.243646149254,,SL,-18.822721071496616,2.239196783853531,-1.1612697478905396,False,-2.3225394957810797,TURTLE20,2,
BTC,15m,20bar,1728342000000,1728387900000,-1,62426.11228,62658.19707881729,62918.459087759475,,TRAIL,-9.876484379537958,2.4133850219634514,-0.6238191851598917,False,-1.2476383703197833,TURTLE20,52,
BTC,15m,20bar,1728395100000,1728396900000,1,62816.96088,62641.66916,62464.61396333535,,TRAIL,-11.118453028654987,3.340199913411203,-0.7111369113029185,False,-1.422273822605837,TURTLE20,3,
BTC,15m,20bar,1728452700000,1728457200000,1,62508.4992,62220.67901602659,62233.12564115482,,SL,-20.297595602373292,4.188581931806706,-1.3169662781854703,False,-2.6339325563709397,TURTLE20,6,
BTC,15m,20bar,1728477900000,1728486000000,-1,61774.84256,61981.01445556741,62043.202698183224,,TRAIL,-15.681114528231802,4.15218386011208,-1.0449592539160462,False,-2.0899185078320923,TURTLE20,10,
BTC,15m,20bar,1728487800000,1728490500000,1,62212.039919999996,61846.7354164808,61818.032626250635,,TRAIL,-16.398210787396216,2.775744327937974,-1.1160701228054348,False,-2.2321402456108697,TURTLE20,4,
BTC,15m,20bar,1728497700000,1728510300000,-1,61346.028340000004,60865.75367926685,61786.46221072118,,TRAIL,13.272687305649608,2.391578869027671,0.9239697910954211,False,1.8479395821908422,TURTLE20,15,
BTC,15m,20bar,1728543600000,1728547200000,1,61039.805519999994,60780.52937235173,60792.68790993372,,SL,-19.677471956945954,4.327336644138699,-1.34498042650436,False,-2.6899608530087193,TURTLE20,5,
BTC,15m,20bar,1728552600000,1728552600000,-1,60556.28632,60840.70222824687,60828.53652094268,,SL,-18.68185511571104,3.8089207812725627,-1.31222713569649,False,-2.62445427139298,TURTLE20,1,
BTC,15m,20bar,1728560700000,1728563400000,1,61175.13258,60880.74091316245,60892.91949706186,,SL,-18.058805060927718,3.597441002926254,-1.3026511283817352,False,-2.60530225676347,TURTLE20,4,
BTC,15m,20bar,1728571500000,1728576000000,-1,60478.401900000004,60923.70661001236,60911.52430515133,,SL,-16.152423132235747,2.27071711830014,-1.1963037906970868,False,-2.3926075813941736,TURTLE20,6,
BTC,15m,20bar,1728579600000,1728588600000,-1,60193.25894000001,59541.67791381447,60665.14585002047,,TRAIL,16.191023333995805,2.0063796966597174,1.2285572067428425,False,2.457114413485685,TURTLE20,11,
BTC,15m,20bar,1728602100000,1728684000000,1,60182.634119999995,62772.47854542175,59732.901226428505,,TRAIL,75.54214909629157,2.214951517391232,5.594590464223008,False,11.189180928446016,TURTLE20,92,
BTC,15m,20bar,1728727200000,1728732600000,1,62852.768039999995,62976.68244613603,62663.6504255046,,TRAIL,3.8436788315615917,5.9935638384467325,0.2560138883601081,False,0.512027776720216,TURTLE20,7,
BTC,15m,20bar,1728746100000,1728747000000,1,63452.38793999999,63123.441344278624,63136.06855799022,,SL,-19.315906450290356,3.62307921220904,-1.2800103829218774,False,-2.5600207658437544,TURTLE20,2,
BTC,15m,20bar,1728759600000,1728769500000,-1,62948.50778,63257.04801517036,63244.399135343294,,SL,-19.09570593880981,3.7630174358573965,-1.2986643972806802,False,-2.5973287945613603,TURTLE20,12,
BTC,15m,20bar,1728774000000,1728778500000,1,63320.56158,63072.142851984485,63084.75980394527,,SL,-19.69465561228502,4.606126234877538,-1.3751141153383473,False,-2.7502282306766945,TURTLE20,6,
BTC,15m,20bar,1728783000000,1728836100000,-1,62942.708940000004,62422.251826644926,63203.23673913058,,TRAIL,23.803264790579988,4.021347377022559,1.7089851385569141,False,3.4179702771138283,TURTLE20,60,
BTC,15m,20bar,1728839700000,1728840600000,1,62813.060099999995,62474.64519634651,62487.14262487148,,SL,-18.27906751731307,3.322357095844377,-1.2689946332831914,False,-2.537989266566383,TURTLE20,2,
BTC,15m,20bar,1728867600000,1728875700000,-1,62510.89532,62866.89974732051,62854.3288815442,,SL,-17.62775328448244,3.0750966010319596,-1.2556463684619168,False,-2.5112927369238336,TURTLE20,10,
BTC,15m,20bar,1728877500000,1728883800000,1,64062.81,63807.345612911144,63562.783104510054,,TRAIL,-9.092274076659349,2.0999599371887685,-0.6643372255628572,False,-1.3286744511257145,TURTLE20,8,
BTC,15m,20bar,1728892800000,1728926100000,1,64698.33708,65603.03284173102,64197.87438944013,,TRAIL,22.3025177866268,2.1096160374900474,1.6515016111457856,False,3.303003222291571,TURTLE20,38,
BTC,15m,20bar,1728945000000,1728952200000,1,66189.13518,65935.25367958719,65768.01321795632,,TRAIL,-11.036408388618781,2.626117725461003,-0.7911155526341691,False,-1.582231105268338,TURTLE20,9,
BTC,15m,20bar,1728962100000,1728975600000,-1,65700.05735999999,65814.38517873004,66074.06583250436,,TRAIL,-7.093638335723406,2.8967073011054474,-0.5166633872205187,False,-1.0333267744410373,TURTLE20,16,
BTC,15m,20bar,1728996300000,1729001700000,1,65913.88014,67383.82054,65523.81179080629,,TRAIL,48.418627371857156,2.786015468991418,3.563380065224886,False,7.126760130449774,TURTLE20,7,
BTC,15m,20bar,1729042200000,1729053000000,1,67488.89507999999,66893.40203930803,66906.78339598722,,SL,-16.907029796898218,2.016207808983422,-1.1614994811695263,False,-2.3229989623390526,TURTLE20,13,
BTC,15m,20bar,1729062900000,1729067400000,-1,66802.33686,67249.87971790726,67236.43243142098,,SL,-17.292904796640258,2.63439267190236,-1.2162625527961928,False,-2.4325251055923856,TURTLE20,6,
BTC,15m,20bar,1729071900000,1729080000000,1,67413.58002000001,67854.83911135198,67013.10847097969,,TRAIL,12.47368492852911,2.8113937664627136,0.8991850750797865,False,1.7983701501595728,TURTLE20,10,
BTC,15m,20bar,1729140300000,1729172700000,-1,67357.32584,67184.73426,67705.91886199049,,TRAIL,3.7215533451354643,3.2702212737684038,0.2635346611800981,False,0.5270693223601962,TURTLE20,37,
BTC,15m,20bar,1729179900000,1729188000000,1,67491.29556,66922.64401212645,66936.03121837012,,SL,-16.60026748429278,2.0618890998694246,-1.1693527981842462,False,-2.3387055963684924,TURTLE20,10,
BTC,15m,20bar,1729205100000,1729223100000,1,67465.09032,67692.95018517371,67083.14160117807,,TRAIL,5.32732957398215,2.943608731643888,0.3842532613364723,False,0.7685065226729446,TURTLE20,21,
BTC,15m,20bar,1729252800000,1729258200000,-1,67683.9605,68021.46122160806,68007.85964967812,,SL,-18.069337609019957,3.5120077563907746,-1.2933778154629754,False,-2.5867556309259503,TURTLE20,7,
BTC,15m,20bar,1729260000000,1729260900000,1,68221.6416,67958.46530244903,67836.67109755652,,TRAIL,-12.192166395792304,2.8884995219912017,-0.8958721759287964,False,-1.7917443518575926,TURTLE20,2,
BTC,15m,20bar,1729265400000,1729287900000,1,68729.34312,68322.1835464167,68228.41009780222,,TRAIL,-13.057459680012968,2.1940084512740077,-0.9769579322920477,False,-1.9539158645840955,TURTLE20,26,
BTC,15m,20bar,1729292400000,1729306800000,-1,68206.25602,68569.54149194086,68555.8303258757,,SL,-16.69459787442488,3.076338248904774,-1.2739807902426077,False,-2.547961580485216,TURTLE20,17,
BTC,15m,20bar,1729333800000,1729348200000,-1,68248.8475,68301.72099959037,68421.38857615707,,TRAIL,-9.977317076671856,6.063959210414861,-0.7812854984595164,False,-1.5625709969190331,TURTLE20,17,
BTC,15m,20bar,1729357200000,1729365300000,-1,68002.19684,68215.45886719039,68201.81850348969,,SL,-18.576665229963403,5.146846961547503,-1.4777585531440252,False,-2.9555171062880508,TURTLE20,10,
BTC,15m,20bar,1729370700000,1729385100000,1,68231.24352,68195.22081883372,68083.1222959135,,TRAIL,-9.708513202827696,6.741673336263853,-0.7958250446319866,False,-1.5916500892639733,TURTLE20,17,
BTC,15m,20bar,1729407600000,1729428300000,1,68394.1761,68262.94497252777,68239.27865509654,,TRAIL,-16.525772015537182,6.354865112463129,-1.3765585368346884,False,-2.753117073669377,TURTLE20,24,
BTC,15m,20bar,1729433700000,1729436400000,1,68604.01806,68494.98744887604,68419.50728970047,,TRAIL,-12.103565942432677,5.204830556689687,-1.036741725801485,False,-2.07348345160297,TURTLE20,4,
BTC,15m,20bar,1729457100000,1729461600000,1,68720.54136,68644.55925080515,68534.8314981125,,TRAIL,-9.751389090494209,5.073828232027736,-0.8529496923393496,False,-1.7058993846786992,TURTLE20,6,
BTC,15m,20bar,1729497600000,1729530000000,-1,68498.09764,67339.45802416983,68857.95420469307,,TRAIL,33.6365983794671,2.545143071897161,2.9932400520480087,False,5.9864801040960165,TURTLE20,37,
BTC,15m,20bar,1729540800000,1729555200000,1,67679.83326,67188.66752639493,67202.10794798452,,SL,-14.26279668533886,2.017458076003421,-1.1975225504868545,False,-2.3950451009737086,TURTLE20,17,
BTC,15m,20bar,1729557000000,1729557900000,-1,66845.82816,67068.43185182588,67225.63274899122,,TRAIL,-9.272713202342494,2.4592955536904726,-0.7976529421027486,False,-1.5953058842054975,TURTLE20,2,
BTC,15m,20bar,1729577700000,1729583100000,1,67637.92487999999,67289.18467202045,67302.64520106066,,SL,-14.66098770817101,2.76217956022528,-1.281606076067943,False,-2.563212152135886,TURTLE20,7,
BTC,15m,20bar,1729585800000,1729594800000,-1,66939.30946,67173.8042377305,67279.42286591012,,TRAIL,-10.32207309253172,2.637122935165955,-0.9260518417564452,False,-1.8521036835128901,TURTLE20,11,
BTC,15m,20bar,1729635300000,1729640700000,1,67572.21174,67215.55296704214,67218.60687769923,,TRAIL,-13.536414834445159,2.5020507764445714,-1.237345631887666,False,-2.474691263775332,TURTLE20,7,
BTC,15m,20bar,1729642500000,1729690200000,-1,67118.47361999999,66581.91189133206,67464.53650804223,,TRAIL,14.06905394286071,2.4731977435551133,1.31866638443305,False,2.6373327688661004,TURTLE20,54,
BTC,15m,20bar,1729692000000,1729695600000,1,66762.14976,66355.00733781651,66368.28099401531,,SL,-13.5401687187791,2.2205934739890827,-1.2364847342606955,False,-2.472969468521391,TURTLE20,5,
BTC,15m,20bar,1729698300000,1729709100000,-1,65924.3125,65893.89028316854,66402.75955167493,,TRAIL,-1.086366148987746,1.765440446374059,-0.10172223795310613,False,-0.20344447590621226,TURTLE20,13,
BTC,15m,20bar,1729716300000,1729760400000,1,66578.61306,66736.36378158662,66020.51061138425,,TRAIL,1.4850049002770285,1.527538391450196,0.1393323675152099,False,0.2786647350304197,TURTLE20,50,
BTC,15m,20bar,1729772100000,1729785600000,1,67314.86028,67466.06988118582,66992.03959166903,,TRAIL,2.3287982043779114,2.6773352315473855,0.21789509046889124,False,0.4357901809377825,TURTLE20,16,
BTC,15m,20bar,1729798200000,1729810800000,1,68081.11349999999,68125.7634063724,67615.81464859082,,TRAIL,-0.855289130661606,1.8853466703975201,-0.0796782963446793,False,-0.15935659268935862,TURTLE20,15,
BTC,15m,20bar,1729818900000,1729826100000,-1,67797.63776,68177.43447237239,68163.80171202999,,SL,-13.50408350817597,2.3878951099268955,-1.2600414463355403,False,-2.5200828926710805,TURTLE20,9,
BTC,15m,20bar,1729830600000,1729845000000,-1,67642.16886,67659.86550402714,67953.86399968828,,TRAIL,-3.3140914185765302,2.7209526375340607,-0.31722619975544025,False,-0.6344523995108804,TURTLE20,17,
BTC,15m,20bar,1729854900000,1729863000000,1,67877.37276,67753.2891802476,67549.86897151139,,TRAIL,-6.512479964309334,2.579431917343836,-0.6273575578002746,False,-1.2547151156005492,TURTLE20,10,
BTC,15m,20bar,1729864800000,1729870200000,1,68296.95666,68073.53761854104,67865.90716704057,,TRAIL,-7.258783494532916,1.9457729403462316,-0.7081352443553657,False,-1.4162704887107314,TURTLE20,7,
BTC,15m,20bar,1729872000000,1729880100000,-1,67608.07568000001,66913.38,68181.486458516,,TRAIL,10.82039797357602,1.4224264954796495,1.0707556076657878,False,2.141511215331575,TURTLE20,10,
BTC,15m,20bar,1729898100000,1729899900000,-1,65698.95758,66396.39323927069,66383.11661594751,,SL,-11.717835771577914,1.1957403143636265,-1.135251935519057,False,-2.270503871038114,TURTLE20,3,
BTC,15m,20bar,1729919700000,1730080800000,1,66992.99592,67648.31216851789,66566.20693755524,,TRAIL,13.579426645261965,1.909401189220409,1.3461722005420922,False,2.692344401084185,TURTLE20,180,
BTC,15m,20bar,1730089800000,1730094300000,-1,67615.37422,67915.09280986918,67901.5125073677,,SL,-13.794625414701018,2.9439545173606927,-1.3316528647473296,False,-2.663305729494659,TURTLE20,6,
BTC,15m,20bar,1730099700000,1730107800000,1,68443.686,68200.53671331909,68133.21028342585,,TRAIL,-10.559239910756371,2.6626271974793965,-1.0472181975985722,False,-2.0944363951971443,TURTLE20,10,
BTC,15m,20bar,1730111400000,1730124000000,1,68739.64517999999,68814.86771396032,68408.46791822439,,TRAIL,-0.21790642659332438,2.460188768539828,-0.022073296146158577,False,-0.044146592292317155,TURTLE20,15,
BTC,15m,20bar,1730142900000,1730229300000,1,69669.93119999999,72844.84851995147,69093.62956540872,,TRAIL,52.897671983457855,1.4641055439429715,5.360749070771875,False,10.721498141543748,TURTLE20,97,
BTC,15m,20bar,1730289600000,1730295900000,-1,71969.6032,71999.55323979986,72319.77062487762,,TRAIL,-3.629649967571855,2.6951814054828285,-0.3322168922606243,False,-0.6644337845212486,TURTLE20,8,
BTC,15m,20bar,1730321100000,1730334600000,1,72474.29196,72083.58065242841,71882.70716835292,,TRAIL,-8.759011411849693,1.5911964577829627,-0.807062720138144,False,-1.6141254402762877,TURTLE20,16,
BTC,15m,20bar,1730371500000,1730372400000,1,72541.10532,72293.49085037202,72260.68420756557,,TRAIL,-12.73754525049872,3.3089744295617978,-1.1929031463650026,False,-2.385806292730005,TURTLE20,2,
BTC,15m,20bar,1730377800000,1730384100000,-1,72072.78255999999,71227.56234600383,72386.33295875399,,TRAIL,25.2385996283969,2.8581476198027564,2.4214289315837183,False,4.842857863167437,TURTLE20,8,
BTC,15m,20bar,1730386800000,1730411100000,-1,70683.26052,70439.48574411546,71220.35352256658,,TRAIL,3.237100200187539,1.7227852834102042,0.29622640281250673,False,0.5924528056250135,TURTLE20,28,
BTC,15m,20bar,1730426400000,1730430900000,-1,69337.32976,69684.25265042794,69924.55801532882,,TRAIL,-8.055608450245884,1.561436436750478,-0.7328255000829776,False,-1.4656510001659553,TURTLE20,6,
BTC,15m,20bar,1730457000000,1730472300000,1,69991.39547999999,71057.68197268527,69593.31344748402,,TRAIL,26.709923215846175,2.30268404406105,2.4659667255247975,False,4.931933451049596,TURTLE20,18,
BTC,15m,20bar,1730476800000,1730477700000,-1,69344.1284,70248.34608688432,70234.29922703892,,SL,-12.614350575790187,1.0693823242851215,-1.1098691864154469,False,-2.2197383728308937,TURTLE20,2,
BTC,15m,20bar,1730488500000,1730512800000,-1,68878.82148000001,69743.21020277287,69729.26434990289,,SL,-12.382455113714224,1.0868826676522012,-1.1141982316704337,False,-2.2283964633408675,TURTLE20,28,
BTC,15m,20bar,1730514600000,1730521800000,1,69878.77296,69489.71147179406,69503.6121942329,,SL,-13.690181886038904,2.4218957749204586,-1.2599467268346058,False,-2.5198934536692117,TURTLE20,9,
BTC,15m,20bar,1730543400000,1730546100000,-1,69384.72028000001,69629.85817723777,69615.93499023972,,SL,-15.05062743776623,3.8209307536689074,-1.4209590902389504,False,-2.8419181804779012,TURTLE20,4,
BTC,15m,20bar,1730556000000,1730563200000,-1,69331.13100000001,69439.04680871218,69623.64700266776,,TRAIL,-6.725739688337419,2.92920473739527,-0.6535639542926008,False,-1.307127908585202,TURTLE20,9,
BTC,15m,20bar,1730590200000,1730601900000,-1,69131.97084000001,68163.51629755227,69366.3148420161,,TRAIL,38.402145995705965,3.570190752978811,3.7810963478567823,False,7.5621926957135654,TURTLE20,14,
BTC,15m,20bar,1730627100000,1730629800000,-1,68161.56496,68502.23543780136,68488.53773025531,,SL,-14.121666736971827,2.739621428148695,-1.2926726519459564,False,-2.585345303891913,TURTLE20,4,
BTC,15m,20bar,1730642400000,1730648700000,-1,67957.00588000001,67882.86509638798,68289.60017326183,,TRAIL,-0.23559707651747175,2.607866828843675,-0.022138500638674244,False,-0.04427700127734849,TURTLE20,8,
BTC,15m,20bar,1730663100000,1730674800000,1,68578.81302,68513.46851574579,68059.49181021733,,TRAIL,-3.023286339708246,1.6848356836453031,-0.28421691699714663,False,-0.5684338339942933,TURTLE20,14,
BTC,15m,20bar,1730707200000,1730718900000,-1,68534.09044,68952.06125601982,68938.27360129956,,SL,-13.096250348483746,2.1586668772284576,-1.2382072163231546,False,-2.4764144326463096,TURTLE20,14,
BTC,15m,20bar,1730726100000,1730727900000,1,69112.01964,68701.2268202269,68714.96981418974,,SL,-12.820014599567543,2.1481297113767965,-1.2428686164065024,False,-2.485737232813005,TURTLE20,3,
BTC,15m,20bar,1730731500000,1730741400000,-1,68286.63994000001,67838.78257451585,68743.29361166897,,TRAIL,8.06569157507104,1.7990157972576184,0.8018814578609106,False,1.6037629157218212,TURTLE20,12,
BTC,15m,20bar,1730756700000,1730757600000,-1,66908.1157,67530.7234846,67517.22004059188,,SL,-11.799736288793472,1.3533980362633,-1.1545987136249531,False,-2.309197427249906,TURTLE20,2,
BTC,15m,20bar,1730779200000,1730818800000,1,68194.23612,69582.9218897254,67723.56951081907,,TRAIL,27.70327886622493,1.7535170507198323,2.7748292516274558,False,5.5496585032549115,TURTLE20,45,
BTC,15m,20bar,1730836800000,1730848500000,-1,68931.211,69703.41893144262,69689.48103523557,,SL,-11.887522761788626,1.1559813456284331,-1.1280792720969635,False,-2.256158544193927,TURTLE20,14,
BTC,15m,20bar,1730853000000,1730862900000,1,70283.75394,74075.58192,69532.99319107356,,TRAIL,50.83381369645322,1.188326309239006,4.935277162241543,False,9.870554324483086,TURTLE20,12,
BTC,15m,20bar,1730916900000,1730938500000,1,74892.9756,75205.63051798234,74073.39481856233,,TRAIL,3.073601586876963,1.2435366938038799,0.2715970888447029,False,0.5431941776894058,TURTLE20,25,
BTC,15m,20bar,1730952900000,1730992500000,-1,74872.92242,75340.45283378594,75446.93276578897,,TRAIL,-11.054107865247545,1.7865504081887233,-0.971512870855535,False,-1.94302574171107,TURTLE20,45,
BTC,15m,20bar,1730994300000,1731015900000,1,75717.04037999999,76002.89580061851,75133.05655359113,,TRAIL,3.722151601482288,1.7391887196456555,0.3336110523954005,False,0.667222104790801,TURTLE20,25,
BTC,15m,20bar,1731017700000,1731025800000,-1,75677.76142,76373.38772639491,76358.11610317428,,SL,-12.989790414236959,1.5060773965208658,-1.1565393982614718,False,-2.3130787965229436,TURTLE20,10,
BTC,15m,20bar,1731077100000,1731078900000,-1,75707.3555,76167.87701625569,76152.6464869583,,SL,-13.592370975278488,2.245289966766727,-1.2388453211991841,False,-2.477690642398368,TURTLE20,3,
BTC,15m,20bar,1731091500000,1731105900000,1,76876.57224,76284.33091781226,76264.97716943109,,TRAIL,-11.969107352535657,1.6077455042479478,-1.1186124561894102,False,-2.2372249123788204,TURTLE20,17,
BTC,15m,20bar,1731118500000,1731130200000,-1,76189.759,76599.73594154288,76584.41905773134,,SL,-13.296392490785438,2.4298373456730005,-1.2710955382500237,False,-2.5421910765000475,TURTLE20,14,
BTC,15m,20bar,1731132900000,1731136500000,1,76714.93992,76370.88998968116,76386.16722312578,,SL,-13.516517879425516,2.8481494524555018,-1.3258443672754685,False,-2.6516887345509366,TURTLE20,5,
BTC,15m,20bar,1731156300000,1731173400000,-1,76302.13652,76018.36832102729,76536.86802263487,,TRAIL,8.133546880554746,3.8640162067571344,0.8195572128524495,False,1.639114425704899,TURTLE20,20,
BTC,15m,20bar,1731179700000,1731180600000,1,76466.89032,76142.94961550471,76158.18125175506,,SL,-13.57657172399334,2.9918923966591056,-1.345948827544399,False,-2.691897655088798,TURTLE20,2,
BTC,15m,20bar,1731195000000,1731206700000,1,76803.75768,77065.95002752659,76468.9349293646,,TRAIL,4.979819905057317,2.7064499012662298,0.5073446251179552,False,1.0146892502359104,TURTLE20,14,
BTC,15m,20bar,1731213900000,1731214800000,1,77980.39296,78957.88149036843,77443.6031072391,,TRAIL,16.31592152800213,1.7392857198568321,1.6455705359461799,False,3.2911410718923597,TURTLE20,2,
BTC,15m,20bar,1731216600000,1731220200000,1,79827.9624,78977.08077378181,78992.87934965173,,SL,-11.60366629504368,1.1685412614970954,-1.1330186281805812,False,-2.2660372563611624,TURTLE20,5,
BTC,15m,20bar,1731260700000,1731266100000,1,80291.35506,80306.52442262898,79727.43492547011,,TRAIL,-1.4410705149213574,1.7103190944423607,-0.14397316231362559,False,-0.2879463246272512,TURTLE20,7,
BTC,15m,20bar,1731272400000,1731274200000,-1,78976.30158000001,79730.46398036904,79767.15742795906,,TRAIL,-10.719125427834115,1.2017128647502573,-1.0740092039494382,False,-2.1480184078988764,TURTLE20,3,
BTC,15m,20bar,1731319200000,1731330900000,1,81771.65106,81566.00817005169,81126.40512660379,,TRAIL,-4.5958148804066425,1.4833146166186102,-0.4705887627809262,False,-0.9411775255618525,TURTLE20,14,
BTC,15m,20bar,1731338100000,1731363300000,1,83016.39996,87106.03099668196,82110.72265263805,,TRAIL,42.59392056150025,1.0903187479494294,4.402845854361695,False,8.80569170872339,TURTLE20,29,
BTC,15m,20bar,1731366900000,1731369600000,1,89560.50852,87961.24981349394,87978.84558261046,,SL,-11.352009147830678,0.7088505050973755,-1.078467302471834,False,-2.156934604943668,TURTLE20,4,
BTC,15m,20bar,1731393900000,1731402900000,1,89502.897,88294.63776869344,88312.30022873919,,SL,-11.374604219877423,0.9228010615391129,-1.1044358458786048,False,-2.208871691757209,TURTLE20,11,
BTC,15m,20bar,1731405600000,1731409200000,-1,87691.45820000001,87145.62468060327,88829.82984065797,,TRAIL,3.901055135704617,0.9281026051011869,0.3873350792659612,False,0.7746701585319223,TURTLE20,5,
BTC,15m,20bar,1731436200000,1731448800000,1,88384.77342,87599.66326261632,86874.52923153086,,TRAIL,-5.9859256950251,0.7096185869777887,-0.5897727176795854,False,-1.1795454353591708,TURTLE20,15,
BTC,15m,20bar,1731473100000,1731495600000,-1,86612.47404,87812.95833067449,87795.39925082432,,SL,-11.06606337069666,0.8873547144893879,-1.1033153559956592,False,-2.2066307119913184,TURTLE20,26,
BTC,15m,20bar,1731504600000,1731510000000,1,88265.94966,90736.17100987388,87467.20452574907,,TRAIL,29.01518381973084,1.3188764099842016,2.958165222111584,False,5.916330444223169,TURTLE20,7,
BTC,15m,20bar,1731512700000,1731524400000,1,92152.4268,91286.46123007423,90715.42090596267,,TRAIL,-7.056184927833067,0.7957010575757618,-0.6792100900864201,False,-1.35842018017284,TURTLE20,14,
BTC,15m,20bar,1731532500000,1731541500000,-1,88609.17461999999,90488.15539793867,90470.06138566154,,SL,-10.939089329167153,0.5917608901602041,-1.067469129559449,False,-2.1349382591188975,TURTLE20,11,
BTC,15m,20bar,1731567600000,1731570300000,-1,89223.85166,90133.5284630247,90115.50536195231,,SL,-11.442017371909216,1.2103969029193604,-1.1409039505708485,False,-2.2818079011416965,TURTLE20,4,
BTC,15m,20bar,1731572100000,1731573900000,1,91452.2868,90418.10553801806,90436.19277657337,,SL,-11.026979758894278,1.0524665443467578,-1.1251945893049524,False,-2.250389178609905,TURTLE20,3,
BTC,15m,20bar,1731585600000,1731594600000,1,91561.90872,90483.29166187026,90501.39194025831,,SL,-10.72965871665002,0.986635910679952,-1.120061653949672,False,-2.240123307899344,TURTLE20,11,
BTC,15m,20bar,1731596400000,1731607200000,-1,88701.15621999999,89452.33589354565,90024.99073596275,,TRAIL,-6.070081718693476,0.7561649001188673,-0.6481714734486704,False,-1.2963429468973409,TURTLE20,13,
BTC,15m,20bar,1731618900000,1731661200000,-1,87423.61178,88564.22413132637,88722.89509026335,,TRAIL,-8.865914040659685,0.7512213283653073,-0.95914804956631,False,-1.9182960991326197,TURTLE20,48,
BTC,15m,20bar,1731663000000,1731677400000,1,89256.14766,89459.45413701785,88359.26805790709,,TRAIL,0.9712067255135091,1.0839404954360072,0.10712376077618153,False,0.21424752155236307,TURTLE20,17,
BTC,15m,20bar,1731683700000,1731687300000,-1,88469.40258000001,89539.103622624,89648.29967524728,,TRAIL,-9.067209343102403,0.8231357204238778,-0.9979718765010603,False,-1.9959437530021207,TURTLE20,5,
BTC,15m,20bar,1731699900000,1731771900000,1,90665.6295,90188.4282771211,89495.77528996635,,TRAIL,-4.458132782879822,0.8259374458901183,-0.5006723508977452,False,-1.0013447017954904,TURTLE20,81,
BTC,15m,20bar,1731782700000,1731788100000,1,91353.96714,90782.85902573167,90801.01922957758,,SL,-10.846822200291093,1.742181830898447,-1.2304779476388226,False,-2.460955895277645,TURTLE20,7,
BTC,15m,20bar,1731798000000,1731802500000,-1,90375.12136,90864.57910934553,90846.40982738006,,SL,-10.913597115281783,1.9839236531421813,-1.2692896411249135,False,-2.538579282249827,TURTLE20,6,
BTC,15m,20bar,1731807900000,1731811500000,-1,90184.55948000001,90098.33784744242,90677.00882581949,,TRAIL,-0.37348692314639886,1.8407047545613755,-0.04456926590563204,False,-0.08913853181126406,TURTLE20,5,
BTC,15m,20bar,1731834000000,1731841200000,1,91091.41463999999,90720.45365147082,90542.63915467965,,TRAIL,-7.323904698014653,1.66429918581751,-0.8747623068910311,False,-1.7495246137820621,TURTLE20,9,
BTC,15m,20bar,1731851100000,1731881700000,-1,90471.4021,89552.62911561747,91062.09871783269,,TRAIL,11.290530416519907,1.5041963560436526,1.372546483553479,False,2.7450929671069577,TURTLE20,35,
BTC,15m,20bar,1731893400000,1731927600000,1,90529.40226,91425.8505145767,89853.42665354247,,TRAIL,9.843371276610677,1.3650017145201399,1.1646501669456248,False,2.3293003338912497,TURTLE20,39,
BTC,15m,20bar,1731930300000,1731940200000,-1,90296.937,90534.27573284082,91093.29269589433,,TRAIL,-3.7558939443073345,1.1783272799331828,-0.4342751138260379,False,-0.8685502276520759,TURTLE20,12,
BTC,15m,20bar,1731945600000,1731948300000,1,92479.89227999999,91181.67943722976,91199.91942111398,,SL,-9.433831361925586,0.7381228017788956,-1.1003434768346196,False,-2.2006869536692397,TURTLE20,4,
BTC,15m,20bar,1731990600000,1732023000000,1,91671.53064,91860.31557639131,90970.71804861145,,TRAIL,0.9411955505481924,1.3175176056643156,0.11224945103455525,False,0.2244989020691105,TURTLE20,37,
BTC,15m,20bar,1732040100000,1732049100000,1,93421.38054,92577.04650301367,92443.02865284008,,TRAIL,-8.211111372448883,0.9585945776300677,-0.9770851426342582,False,-1.9541702852685163,TURTLE20,11,
BTC,15m,20bar,1732056300000,1732086900000,-1,91708.95454,92785.60170560765,92767.04829594847,,SL,-9.245939193987446,0.8620040661826185,-1.1221537719884773,False,-2.2443075439769546,TURTLE20,35,
BTC,15m,20bar,1732089600000,1732100400000,1,92879.97227999999,92905.87497430776,92340.77103883616,,TRAIL,-1.2782192253965305,1.6651513363924746,-0.15869550644970587,False,-0.3173910128994118,TURTLE20,13,
BTC,15m,20bar,1732108500000,1732119300000,1,94049.10606,93985.86391464177,93401.0863803872,,TRAIL,-2.181425214257276,1.3978539317854322,-0.2716941057225578,False,-0.5433882114451157,TURTLE20,13,
BTC,15m,20bar,1732149000000,1732155300000,1,94906.27746,94133.72276789365,94152.55327854936,,SL,-9.3865197947394,1.2016729429311057,-1.1754680479242308,False,-2.3509360958484615,TURTLE20,8,
BTC,15m,20bar,1732159800000,1732194900000,1,95807.25762,97205.84176635309,94967.28087405505,,TRAIL,11.908183439674696,1.0750598140354888,1.527156903942861,False,3.054313807885722,TURTLE20,40,
BTC,15m,20bar,1732203000000,1732205700000,-1,96174.16132,97143.51828679786,97203.35108627375,,TRAIL,-8.474252751310194,0.9056395849667003,-1.054565066743246,False,-2.109130133486492,TURTLE20,4,
BTC,15m,20bar,1732212000000,1732222800000,1,98137.52358,97580.95036848445,97121.03396444632,,TRAIL,-5.2159081876717455,0.9087623894800063,-0.6630705179585275,False,-1.3261410359170551,TURTLE20,13,
BTC,15m,20bar,1732245300000,1732270500000,1,98994.49493999999,98347.57660332273,98212.5719555627,,TRAIL,-7.597198043313311,1.1753826797571356,-0.978771048857222,False,-1.9575420977144442,TURTLE20,29,
BTC,15m,20bar,1732282200000,1732288500000,-1,97578.4804,98153.34703088643,98250.35952184781,,TRAIL,-7.8413944655274905,1.330172847967253,-1.0304022030643982,False,-2.0608044061287965,TURTLE20,8,
BTC,15m,20bar,1732295700000,1732377600000,1,99103.41672000001,98255.4808585305,98195.19236858987,,TRAIL,-7.930213946890543,0.9717574410379644,-1.0640005396422403,False,-2.1280010792844806,TURTLE20,92,
BTC,15m,20bar,1732379400000,1732382100000,-1,97672.16166,97985.98536800018,98103.80337410957,,TRAIL,-7.287449986822189,1.983934329580832,-0.9990197474461723,False,-1.9980394948923446,TURTLE20,4,
BTC,15m,20bar,1732392900000,1732395600000,-1,97279.34024,97780.20566290674,97760.6535322003,,SL,-9.177564096464826,1.7383086118405155,-1.2837816043346109,False,-2.567563208669222,TURTLE20,4,
BTC,15m,20bar,1732410900000,1732440600000,1,98329.86203999999,97784.88305773407,97804.44394652337,,SL,-8.78451113981826,1.5598984136865282,-1.2611819759382694,False,-2.522363951876539,TURTLE20,34,
BTC,15m,20bar,1732445100000,1732453200000,-1,97583.4794,97006.69347337008,97991.26183664295,,TRAIL,7.659566473954124,1.9439651216564133,1.128130546016379,False,2.256261092032758,TURTLE20,10,
BTC,15m,20bar,1732463100000,1732484700000,-1,96289.93816,96890.3724730992,97063.64890252655,,TRAIL,-6.42801425409084,1.040088330313218,-0.9258531129344675,False,-1.8517062258689347,TURTLE20,25,
BTC,15m,20bar,1732486500000,1732497300000,1,97411.17834,97479.49420107692,96819.1226191179,,TRAIL,-0.5595731235989748,1.345851729446795,-0.08211818707756298,False,-0.16423637415512596,TURTLE20,13,
BTC,15m,20bar,1732512600000,1732535100000,1,98108.91786,98098.77981907736,97521.13599365152,,TRAIL,-1.479895972471236,1.3625572123882939,-0.2175342024830028,False,-0.4350684049660057,TURTLE20,26,
BTC,15m,20bar,1732540500000,1732547700000,-1,97540.28804,95486.39094862867,98134.43417975536,,TRAIL,22.09473011129686,1.3203386829758998,3.261960238900372,False,6.523920477800744,TURTLE20,9,
BTC,15m,20bar,1732571100000,1732574700000,-1,93984.1994,94247.65694428673,95076.92159987595,,TRAIL,-2.485382134463575,0.7457474706574672,-0.3444577753943623,False,-0.6889155507887246,TURTLE20,5,
BTC,15m,20bar,1732605300000,1732611600000,-1,93871.82188,93473.61319900295,94636.95030007808,,TRAIL,2.6766091139147683,1.0527249985065625,0.3735339224760267,False,0.7470678449520535,TURTLE20,8,
BTC,15m,20bar,1732620600000,1732626900000,-1,91742.04792,92778.24248832634,92759.6905502163,,SL,-8.136172231202636,0.7853936892276768,-1.1270230909327776,False,-2.2540461818655553,TURTLE20,8,
BTC,15m,20bar,1732638600000,1732644900000,1,94187.43372,92870.71048319186,92889.28834086003,,SL,-7.7675181731342695,0.6100854227183472,-1.1007689479869804,False,-2.2015378959739604,TURTLE20,8,
BTC,15m,20bar,1732651200000,1732670100000,-1,91627.77078,92486.34309642471,92764.10981774273,,TRAIL,-5.885078536301071,0.6708857068899206,-0.8527743504046974,False,-1.7055487008093946,TURTLE20,22,
BTC,15m,20bar,1732672800000,1732748400000,1,92727.34176,95914.26084231414,91846.2639342179,,TRAIL,23.66459972736937,0.8714081001423768,3.488606829963418,False,6.977213659926836,TURTLE20,85,
BTC,15m,20bar,1732762800000,1732770000000,-1,95710.55406,95894.11852902264,96397.91225440435,,TRAIL,-3.1516596891894118,1.213703627775541,-0.4343110695505044,False,-0.8686221391010088,TURTLE20,9,
BTC,15m,20bar,1732788000000,1732794300000,-1,94984.09938000001,95582.62322044565,95579.18735082557,,TRAIL,-8.617375068943904,1.382186684601594,-1.1979134328945602,False,-2.3958268657891204,TURTLE20,8,
BTC,15m,20bar,1732803300000,1732806000000,1,95961.78852,95202.49651413187,95221.54082229633,,SL,-8.289868327855462,1.087924831567304,-1.1806731444080263,False,-2.3613462888160526,TURTLE20,4,
BTC,15m,20bar,1732826700000,1732831200000,-1,94760.84404000001,95310.79563583483,95291.73728837716,,SL,-8.574268161302319,1.472655282205939,-1.2507120436547703,False,-2.5014240873095406,TURTLE20,6,
BTC,15m,20bar,1732833900000,1732860000000,1,95645.52527999999,96089.12220435949,95118.84921460581,,TRAIL,4.169692247419002,1.4599778593016954,0.6238296316408182,False,1.2476592632816361,TURTLE20,30,
BTC,15m,20bar,1732866300000,1732872600000,-1,95832.62964,96388.38286173738,96369.10903992939,,SL,-8.465410295032934,1.454862851150214,-1.2509069860403368,False,-2.501813972080674,TURTLE20,8,
BTC,15m,20bar,1732875300000,1732894200000,1,96688.3338,97928.29512412271,96161.15151866875,,TRAIL,14.057641817205935,1.4614700526099573,2.130555951030756,False,4.261111902061511,TURTLE20,22,
BTC,15m,20bar,1732929300000,1732945500000,-1,96834.32926,97133.54382327545,97306.38216325057,,TRAIL,-6.056501412709053,1.6960250518834579,-0.880399811681326,False,-1.7607996233626522,TURTLE20,19,
BTC,15m,20bar,1732962600000,1732972500000,-1,96543.28748000001,96743.0063315168,96925.85201791809,,TRAIL,-5.576782143856748,2.048680810348201,-0.8251957421921146,False,-1.6503914843842293,TURTLE20,12,
BTC,15m,20bar,1732986000000,1733006700000,1,96948.48582,96565.22184718848,96584.53875493947,,SL,-9.11980335658746,2.120430776734021,-1.3721011799580485,False,-2.744202359916097,TURTLE20,24,
BTC,15m,20bar,1733009400000,1733012100000,-1,96370.52204000001,96679.51726602859,96660.1852289828,,SL,-9.48051325864828,2.5848936129301263,-1.4666180093648142,False,-2.933236018729629,TURTLE20,4,
BTC,15m,20bar,1733013900000,1733022000000,-1,96330.63002,96236.22894436856,96670.21912009978,,TRAIL,-0.3905862053348721,2.1348356296886086,-0.06224887589434201,False,-0.12449775178868401,TURTLE20,10,
BTC,15m,20bar,1733040900000,1733049000000,1,96773.55084,96652.91380605189,96414.71125690278,,TRAIL,-4.133607862270272,2.0268012568455784,-0.6596064756646863,False,-1.3192129513293729,TURTLE20,10,
BTC,15m,20bar,1733059800000,1733083200000,1,97360.16814,96968.30920286033,96955.09163703867,,TRAIL,-7.762351648673916,1.780031200301453,-1.2552098673418302,False,-2.5104197346836594,TURTLE20,27,
BTC,15m,20bar,1733085000000,1733086800000,-1,96887.1187,97344.82373107898,97325.35865934711,,SL,-7.899867538522374,1.6032272955029172,-1.3103419354846988,False,-2.6206838709693976,TURTLE20,3,
BTC,15m,20bar,1733090400000,1733095800000,1,97846.66542,97379.29390964884,97398.77366438172,,SL,-7.661584599413672,1.5353862144998,-1.3050186314371568,False,-2.6100372628743136,TURTLE20,7,
BTC,15m,20bar,1733103000000,1733105700000,1,98149.626,97562.0648474438,97581.58116367654,,SL,-7.0960276703402965,1.1819564967550749,-1.2410783832268009,False,-2.4821567664536017,TURTLE20,4,
BTC,15m,20bar,1733111100000,1733145300000,-1,97089.5782,95758.35411506734,97709.25842170522,,TRAIL,10.93686825219343,1.0411151800959078,1.9615202857351512,False,3.923040571470303,TURTLE20,39,
BTC,15m,20bar,1733149800000,1733151600000,1,95950.38623999999,95845.95384979295,95277.53628036201,,TRAIL,-1.8903772620588053,0.9910267032633692,-0.3262394403338081,False,-0.6524788806676162,TURTLE20,3,
BTC,15m,20bar,1733154300000,1733157000000,1,97238.74386,96301.20498511987,96320.46907893565,,SL,-6.605383921817611,0.7279780282944973,-1.1474374184227627,False,-2.2948748368455254,TURTLE20,4,
BTC,15m,20bar,1733162400000,1733164200000,-1,94601.27596,95752.52752613414,95733.38084996416,,SL,-6.287087122543735,0.5674303291885061,-1.1177973520332543,False,-2.2355947040665085,TURTLE20,3,
BTC,15m,20bar,1733193900000,1733209200000,1,96229.242,95548.10635646005,95567.21980042013,,SL,-6.613295138389218,0.9557475026377507,-1.2026818029049569,False,-2.4053636058099137,TURTLE20,18,
BTC,15m,20bar,1733218200000,1733234400000,-1,95263.34352,94452.95207740394,95765.9531541988,,TRAIL,7.43741261220892,1.215397091199121,1.3858899986029725,False,2.771779997205945,TURTLE20,19,
BTC,15m,20bar,1733238900000,1733319900000,1,95892.1746,95563.67454620688,94920.50770843243,,TRAIL,-2.516630079278734,0.6520328527255823,-0.4563020178299642,False,-0.9126040356599285,TURTLE20,91,
BTC,15m,20bar,1733328900000,1733335200000,-1,95246.54688000001,95844.37198801401,96054.65652349025,,TRAIL,-4.818230691981245,0.7753654029436023,-0.8816621173552682,False,-1.7633242347105362,TURTLE20,8,
BTC,15m,20bar,1733340600000,1733348700000,1,96736.44342000001,97789.25441244424,95894.552525943,,TRAIL,5.969300558502449,0.7442716679467454,1.111896541882983,False,2.223793083765966,TURTLE20,10,
BTC,15m,20bar,1733365800000,1733366700000,1,99326.06124,101025.58709060616,98367.86713940406,,TRAIL,9.045368996685072,0.6884964989436496,1.6482201890259782,False,3.296440378051956,TURTLE20,2,
BTC,15m,20bar,1733368500000,1733379300000,1,103281.55218,101514.11317970109,101534.42006371383,,SL,-6.133454805466034,0.3986967339948582,-1.081953895697895,False,-2.16390779139579,TURTLE20,13,
BTC,15m,20bar,1733410800000,1733411700000,1,103616.61918,102697.33187931155,102717.87545440243,,SL,-6.4368806516769395,0.7639052369377858,-1.1605929939933515,False,-2.321185987986703,TURTLE20,2,
BTC,15m,20bar,1733413500000,1733437800000,-1,101380.41986,94080.51234,102578.04680860185,,TRAIL,32.490611375081784,0.5305001931927333,5.997385888039078,False,11.994771776078158,TURTLE20,28,
BTC,15m,20bar,1733473800000,1733479200000,1,98678.03166000001,97845.60082458441,97865.17385935628,,SL,-7.093496557560874,0.8801264942581742,-1.1691405485113666,False,-2.3382810970227332,TURTLE20,7,
BTC,15m,20bar,1733490000000,1733491800000,-1,97642.9675,98371.09189577666,98351.42161145437,,SL,-7.07358323548633,0.9836594108401076,-1.1937722115521787,False,-2.3875444231043574,TURTLE20,3,
BTC,15m,20bar,1733495400000,1733521500000,1,99295.15506,100577.41044618694,98378.92515211187,,TRAIL,7.3375135192174685,0.757047648030065,1.2686028221479433,False,2.537205644295887,TURTLE20,30,
BTC,15m,20bar,1733526900000,1733531400000,-1,100203.4553,100463.99525558685,101066.08705533145,,TRAIL,-2.61900507915108,0.8277657656666768,-0.44160259991106376,False,-0.8832051998221275,TURTLE20,6,
BTC,15m,20bar,1733550300000,1733562900000,-1,99077.88046,99792.91943636844,99772.96484339976,,SL,-7.0561640759914805,1.0091058138313802,-1.2003743376095792,False,-2.4007486752191585,TURTLE20,15,
BTC,15m,20bar,1733580900000,1733582700000,-1,99225.25098000001,99660.4075983992,99640.4795024987,,SL,-7.661317120344484,1.6487924685470245,-1.3353803592525608,False,-2.6707607185051216,TURTLE20,3,
BTC,15m,20bar,1733597100000,1733607000000,1,100093.71474,99785.50752044041,99638.06937192405,,TRAIL,-5.246809621326428,1.4697170262169328,-0.9396227481115972,False,-1.8792454962231944,TURTLE20,12,
BTC,15m,20bar,1733647500000,1733652000000,-1,99246.04682,99355.63094673153,99678.0029408093,,TRAIL,-2.901448682662303,1.5114618644438382,-0.5295564118017454,False,-1.0591128236034908,TURTLE20,6,
BTC,15m,20bar,1733662800000,1733670000000,1,99975.4911,99725.46883109983,99418.45832551045,,TRAIL,-3.5992742172958563,1.1660820690316964,-0.6639516771661077,False,-1.3279033543322154,TURTLE20,9,
BTC,15m,20bar,1733698800000,1733702400000,1,100294.15482000001,100777.31379966714,99860.5836526566,,TRAIL,4.4723905712310135,1.4883810304657141,0.8361167111654364,False,1.6722334223308728,TURTLE20,5,
BTC,15m,20bar,1733711400000,1733729400000,-1,99353.82526,99477.12887121343,100086.57029749596,,TRAIL,-1.8005989940740785,0.8854367521779558,-0.33108676453302116,False,-0.6621735290660423,TURTLE20,21,
BTC,15m,20bar,1733744700000,1733750100000,-1,98125.07106,98928.32888383782,98908.54717440295,,SL,-6.354108674711572,0.8152658648651478,-1.176155656648628,False,-2.352311313297256,TURTLE20,7,
BTC,15m,20bar,1733755500000,1733757300000,1,99640.4241,99199.31777226193,98787.16121793585,,TRAIL,-3.4647743947189267,0.7376042188247847,-0.6567848955362063,False,-1.3135697910724127,TURTLE20,3,
BTC,15m,20bar,1733759100000,1733778900000,-1,97879.72014,96558.40782000001,99054.9456408897,,TRAIL,5.336404256791832,0.5167978748828967,1.0250368480874816,False,2.050073696174963,TURTLE20,23,
BTC,15m,20bar,1733791500000,1733799600000,1,97914.27893999999,96576.20504004262,96595.5241448716,,SL,-5.860738059438857,0.47011934515418363,-1.10313774457499,False,-2.2062754891499803,TURTLE20,10,
BTC,15m,20bar,1733822100000,1733834700000,1,97659.32796,96844.75966330206,96864.13248980002,,SL,-6.084650230763789,0.7624996334740886,-1.171121798565715,False,-2.3422435971314304,TURTLE20,15,
BTC,15m,20bar,1733844600000,1733849100000,-1,96803.23548,96044.31944979481,97811.71002934939,,TRAIL,3.2361336665259106,0.582157827158116,0.6378024092549391,False,1.2756048185098785,TURTLE20,6,
BTC,15m,20bar,1733866200000,1733881500000,1,96928.68186,95686.10272560608,95705.24377436095,,SL,-5.704403605846514,0.4854047427380085,-1.110107672049356,False,-2.220215344098712,TURTLE20,18,
BTC,15m,20bar,1733885100000,1734002100000,1,97318.05972,100168.1267393481,96179.47496339801,,TRAIL,12.054300982192167,0.5228978146553156,2.399097029565553,False,4.798194059131107,TURTLE20,131,
BTC,15m,20bar,1734010200000,1734010200000,1,101254.7469,100677.10481290074,100697.24426175309,,SL,-6.600164058364323,1.144345504976267,-1.253449132230871,False,-2.506898264461742,TURTLE20,1,
BTC,15m,20bar,1734015600000,1734015600000,1,101704.23677999999,100831.17942274777,100851.3496926863,,SL,-5.986451642214534,0.7314465441535862,-1.1661316272315334,False,-2.332263254463067,TURTLE20,1,
BTC,15m,20bar,1734019200000,1734028200000,1,101813.8587,101098.03823017282,100832.43704328388,,TRAIL,-4.278950518150822,0.6219796168551841,-0.853422789535564,False,-1.7068455790711283,TURTLE20,11,
BTC,15m,20bar,1734031800000,1734088500000,-1,99900.5159,100673.28588483865,100920.34872849143,,TRAIL,-4.315929477892668,0.5815576460877017,-0.8757457506351222,False,-1.7514915012702441,TURTLE20,64,
BTC,15m,20bar,1734101100000,1734104700000,1,100875.67109999999,100499.23841844455,100320.78833690619,,TRAIL,-4.339128248201087,1.0543326160812574,-0.8961489891918767,False,-1.7922979783837532,TURTLE20,5,
BTC,15m,20bar,1734111900000,1734170400000,1,101524.50084,101295.0880187118,100628.42238609825,,TRAIL,-1.863194825068555,0.6457775302032216,-0.39182347603005546,False,-0.7836469520601109,TURTLE20,66,
BTC,15m,20bar,1734182100000,1734184800000,-1,101191.2577,101354.74938623185,101572.6364021573,,TRAIL,-3.5258910924347497,1.503382794157989,-0.7473392952237563,False,-1.4946785904475124,TURTLE20,4,
BTC,15m,20bar,1734210000000,1734215400000,-1,100724.15114,101228.97497727314,101208.73323062703,,SL,-6.003641730900428,1.1621046507896986,-1.2918259363104343,False,-2.5836518726208686,TURTLE20,7,
BTC,15m,20bar,1734219900000,1734237000000,1,101423.68067999999,102181.19502955413,100981.74921579784,,TRAIL,6.508811550064414,1.251489222820962,1.4376695836207833,False,2.8753391672415667,TURTLE20,20,
BTC,15m,20bar,1734248700000,1734252300000,-1,101471.80158000001,101979.11966571564,101958.72792013161,,SL,-6.020180652850039,1.1676200284252847,-1.292574639303677,False,-2.585149278607354,TURTLE20,5,
BTC,15m,20bar,1734262200000,1734267600000,1,102443.18454,102739.87325776764,102024.78443860318,,TRAIL,1.8822797533518894,1.3349961995973922,0.41486338676660833,False,0.8297267735332168,TURTLE20,7,
BTC,15m,20bar,1734298200000,1734300900000,-1,102703.65516,103225.497322488,103204.85635121775,,SL,-5.890935754558813,1.1277806547823688,-1.287705746287992,False,-2.575411492575984,TURTLE20,4,
BTC,15m,20bar,1734304500000,1734306300000,1,103682.63238,104393.15393444312,103038.59475942655,,TRAIL,4.053054887263049,0.8639682660291379,0.9093817875623179,False,1.8187635751246358,TURTLE20,3,
BTC,15m,20bar,1734309900000,1734315300000,1,105974.89073999999,104861.68094409532,104882.65747559044,,SL,-5.150736896485561,0.5255884935890627,-1.1350247051716553,False,-2.27004941034331,TURTLE20,7,
BTC,15m,20bar,1734344100000,1734357600000,-1,104426.71048000001,104157.06627484984,105010.08646615937,,TRAIL,1.0984816680672558,0.9514258789798222,0.24768578502609837,False,0.4953715700521968,TURTLE20,16,
BTC,15m,20bar,1734360300000,1734375600000,1,105357.5673,106602.42330176337,104553.90530065594,,TRAIL,6.19843198844956,0.7052928802427002,1.3907339258476372,False,2.781467851695275,TURTLE20,18,
BTC,15m,20bar,1734382800000,1734406200000,-1,105785.63864,106809.1607732889,106787.80321264637,,SL,-5.261610513689148,0.583065637984987,-1.1485928003793349,False,-2.2971856007586697,TURTLE20,27,
BTC,15m,20bar,1734420600000,1734435900000,1,107158.22736,106681.13456631059,106583.56249089008,,TRAIL,-4.715034497383924,0.9992724935122926,-1.053477328069267,False,-2.106954656138534,TURTLE20,18,
BTC,15m,20bar,1734445800000,1734445800000,1,107763.64842,107168.68209775437,107190.12012177872,,SL,-5.530325279104135,0.9851665719342484,-1.2622319121853878,False,-2.524463824370776,TURTLE20,1,
BTC,15m,20bar,1734447600000,1734447600000,1,108287.55317999999,107560.29824340834,107581.8146063296,,SL,-5.184708315130331,0.7837224327253384,-1.213995776070245,False,-2.42799155214049,TURTLE20,1,
BTC,15m,20bar,1734449400000,1734451200000,-1,106006.19451999999,106973.54352593738,106952.15309531831,,SL,-4.824237400537349,0.5629240687115531,-1.1577006407457313,False,-2.3154012814914626,TURTLE20,3,
BTC,15m,20bar,1734474600000,1734508800000,-1,105837.72821999999,104275.47260103037,106673.7754282398,,TRAIL,6.9926033819335665,0.6138076298278028,1.7178308644803935,False,3.4356617289607874,TURTLE20,39,
BTC,15m,20bar,1734518700000,1734532200000,1,104449.98582,104245.1742646201,103754.19833707208,,TRAIL,-1.9971184542615386,0.7577323127188336,-0.47432392724555444,False,-0.9486478544911088,TURTLE20,16,
BTC,15m,20bar,1734552000000,1734576300000,-1,102762.24344,100376.09302596895,103871.03618482688,,TRAIL,8.516605695969767,0.4584394327625884,2.042101576435733,False,4.084203152871465,TURTLE20,28,
BTC,15m,20bar,1734593400000,1734619500000,1,101476.7913,101448.27881154674,100629.67026037144,,TRAIL,-0.7700052792743184,0.6239007511819428,-0.17738613904109474,False,-0.35477227808218953,TURTLE20,30,
BTC,15m,20bar,1734622200000,1734625800000,-1,99809.5341,100845.09359695025,100824.92861122801,,SL,-4.924199251241566,0.5128568315783458,-1.1384267501805065,False,-2.276853500361013,TURTLE20,5,
BTC,15m,20bar,1734630300000,1734633000000,-1,98736.54874,98679.72180302862,99975.62741140438,,TRAIL,-0.21021838377956148,0.4040762079957875,-0.049732778698054994,False,-0.09946555739610999,TURTLE20,4,
BTC,15m,20bar,1734639300000,1734642900000,-1,95901.91578000001,97676.0942080863,97656.5628955072,,SL,-4.5492784982712555,0.2795202421363021,-1.0773250173056845,False,-2.1546500346113695,TURTLE20,5,
BTC,15m,20bar,1734678900000,1734682500000,1,98005.79724,96796.05159221026,96815.4146751453,,SL,-4.604666332412359,0.4056894721968017,-1.114454122781094,False,-2.228908245562188,TURTLE20,5,
BTC,15m,20bar,1734684300000,1734698700000,-1,95969.70221999999,94030.21427510545,97163.40476020557,,TRAIL,6.177735331324879,0.3857935632435239,1.5292654019845562,False,3.058530803969112,TURTLE20,17,
BTC,15m,20bar,1734705900000,1734785100000,1,95939.78412,97042.13944534656,94351.63439069923,,TRAIL,2.586218158296338,0.3035336318111505,0.6212047598570742,False,1.2424095197141485,TURTLE20,89,
BTC,15m,20bar,1734787800000,1734788700000,-1,96557.08472,97386.92324297203,97367.44975302143,,SL,-4.921498611021429,0.6052569403177332,-1.167628030817044,False,-2.335256061634088,TURTLE20,2,
BTC,15m,20bar,1734812100000,1734816600000,1,97790.85426000001,96987.7524792571,97007.15391003911,,SL,-4.832298979762948,0.6138653709735178,-1.173878440697851,False,-2.347756881395702,TURTLE20,6,
BTC,15m,20bar,1734842700000,1734859800000,-1,96272.54164000001,96850.26983585718,96955.54078293011,,TRAIL,-4.082281967204015,0.6819892999362898,-1.0155237966582455,False,-2.031047593316491,TURTLE20,20,
BTC,15m,20bar,1734877800000,1734891300000,-1,95739.64824000001,96044.17506363413,96401.56254373753,,TRAIL,-2.4965029758950714,0.6846408597742809,-0.6339145645395928,False,-1.2678291290791859,TURTLE20,16,
BTC,15m,20bar,1734897600000,1734901200000,-1,94715.65308,95580.56196556446,95561.44967562934,,SL,-4.501064378386844,0.5248987181224243,-1.1575911036426887,False,-2.3151822072853774,TURTLE20,5,
BTC,15m,20bar,1734926400000,1734935400000,1,95950.6863,94908.58238502425,94927.56789860396,,SL,-4.293897965726566,0.425133888415182,-1.130484482156271,False,-2.2609689643125415,TURTLE20,11,
BTC,15m,20bar,1734951600000,1734960600000,1,96337.06356,95563.42012107134,95582.536628397,,SL,-4.372969957977386,0.5665101796180698,-1.1779350635623849,False,-2.3558701271247697,TURTLE20,11,
BTC,15m,20bar,1734962400000,1734972300000,-1,94811.93381999999,94021.59339145516,95591.77304288131,,TRAIL,3.1471014080524453,0.5266554283255394,0.8681793533242096,False,1.736358706648419,TURTLE20,12,
BTC,15m,20bar,1734980400000,1734987600000,-1,92635.66916,93713.66930014598,93694.93031408316,,SL,-4.142399193560176,0.3892723288350347,-1.1232449511017073,False,-2.2464899022034146,TURTLE20,9,
BTC,15m,20bar,1734993000000,1735005600000,1,94867.76976,93833.38375669414,93810.1277322461,,TRAIL,-3.9116879973011027,0.3859196919484507,-1.0850615475758179,False,-2.1701230951516357,TURTLE20,15,
BTC,15m,20bar,1735047000000,1735064100000,1,94718.13983999999,98499.91831471681,94177.77994907496,,TRAIL,23.92614039521209,0.7566537685982981,6.784085387145501,False,13.568170774291003,TURTLE20,20,
BTC,15m,20bar,1735121700000,1735123500000,1,98574.51096,98560.26604406521,98089.93542458759,,TRAIL,-1.095410409782195,0.9776670624139245,-0.2734883881920168,False,-0.5469767763840336,TURTLE20,3,
BTC,15m,20bar,1735151400000,1735161300000,1,98944.38492,98600.97402096991,98334.72845348941,,TRAIL,-3.0182455861786197,0.774441929488719,-0.7577023123179804,False,-1.515404624635961,TURTLE20,12,
BTC,15m,20bar,1735172100000,1735173900000,1,99683.83278,98947.2055786997,98966.9989784954,,SL,-4.683613277890551,0.6522350810608609,-1.1938692379171036,False,-2.3877384758342077,TURTLE20,3,
BTC,15m,20bar,1735190100000,1735221600000,-1,98038.8883,96130.35398772027,98721.70621667716,,TRAIL,10.050083719533223,0.6533643279697071,2.624466527808448,False,5.248933055616897,TURTLE20,36,
BTC,15m,20bar,1735229700000,1735245900000,1,96254.34702,95317.20434148125,95336.27159580041,,SL,-4.6186926329537705,0.5046034876470888,-1.145968600840054,False,-2.291937201680108,TURTLE20,19,
BTC,15m,20bar,1735263900000,1735283700000,1,96112.01856,95506.3962486687,95430.28313947217,,TRAIL,-4.162470256945538,0.6641243145103268,-1.0569985635462515,False,-2.113997127092503,TURTLE20,23,
BTC,15m,20bar,1735285500000,1735286400000,-1,94804.93522,95534.7924673872,95515.68932952131,,SL,-4.577747548129575,0.619382107468156,-1.1875570928012271,False,-2.375114185602454,TURTLE20,2,
BTC,15m,20bar,1735290900000,1735295400000,1,97235.9433,96184.42055851665,96203.6612907748,,SL,-4.256418221164657,0.42307071807044977,-1.1310620056963137,False,-2.2621240113926278,TURTLE20,6,
BTC,15m,20bar,1735310700000,1735324200000,-1,95286.83881999999,94619.07926768257,96086.58499599213,,TRAIL,2.547030256954778,0.5240326585704499,0.6924897149745775,False,1.384979429949155,TURTLE20,16,
BTC,15m,20bar,1735385400000,1735396200000,1,94662.02862,94777.74066,94363.31515182971,,TRAIL,0.025568625274605017,1.4189333498897638,0.006856665836162892,False,0.013713331672325784,TURTLE20,13,
BTC,15m,20bar,1735425000000,1735427700000,1,95176.73154,95033.71199199298,94774.19940733837,,TRAIL,-2.382499680529131,1.0573992561104295,-0.6388205891189723,False,-1.2776411782379447,TURTLE20,4,
BTC,15m,20bar,1735437600000,1735445700000,-1,94761.04400000001,95186.00067666602,95166.96728320938,,SL,-4.888253948820681,1.0337351848752618,-1.32765211005164,False,-2.65530422010328,TURTLE20,10,
BTC,15m,20bar,1735473600000,1735480800000,-1,94923.41152,95061.56064650785,95174.32941710226,,TRAIL,-3.6015716612305395,1.6282482600715436,-1.0048709666373214,False,-2.009741933274643,TURTLE20,9,
BTC,15m,20bar,1735482600000,1735483500000,-1,94559.68428,94454.54578822207,94901.25505650631,,TRAIL,-0.08503386031745896,1.1660836561130077,-0.024211808596702033,False,-0.04842361719340407,TURTLE20,2,
BTC,15m,20bar,1735489800000,1735515000000,-1,93846.52694000001,93700.76188003168,94365.8400398945,,TRAIL,0.22466879518013694,0.7606538611178641,0.06400124834721374,False,0.12800249669442748,TURTLE20,29,
BTC,15m,20bar,1735534800000,1735539300000,-1,93157.26482,93795.42627413468,93776.67093994669,,SL,-4.257831383987838,0.6365277516642209,-1.2113749680996633,False,-2.422749936199327,TURTLE20,6,
BTC,15m,20bar,1735561800000,1735563600000,1,94042.90482000001,93551.16705163328,93569.88102783884,,SL,-4.381510804554248,0.8161045766924866,-1.2775133545160267,False,-2.5550267090320533,TURTLE20,3,
BTC,15m,20bar,1735565400000,1735573500000,-1,93183.15964,92269.65714456042,93719.72357453276,,TRAIL,4.996843364858553,0.6930763597028877,1.4951262165382435,False,2.990252433076487,TURTLE20,10,
BTC,15m,20bar,1735582500000,1735594200000,1,94378.77197999999,93347.56181814085,93297.04572144459,,TRAIL,-3.6396881356333743,0.35840419033027027,-1.057426454328271,False,-2.1148529086565415,TURTLE20,14,
BTC,15m,20bar,1735633800000,1735634700000,1,94070.8104,93780.7063146166,93448.33006739985,,TRAIL,-2.18027258847075,0.6100579927663095,-0.6471128071301082,False,-1.2942256142602164,TURTLE20,2,
BTC,15m,20bar,1735650900000,1735657200000,1,95082.71273999999,95243.14228448355,94427.71158158193,,TRAIL,0.23474321904939988,0.5798028308241163,0.07058618274895821,False,0.14117236549791642,TURTLE20,8,
BTC,15m,20bar,1735667100000,1735740000000,-1,93625.17121999999,94340.34350698975,94642.82045687019,,TRAIL,-2.709523158653853,0.36907731158341495,-0.8135923123888332,False,-1.6271846247776662,TURTLE20,82,
BTC,15m,20bar,1735761600000,1735776900000,1,94584.01302,94342.58785608064,94072.01740675993,,TRAIL,-2.27015440979586,0.7253360337771728,-0.6929378206970122,False,-1.3858756413940243,TURTLE20,18,
BTC,15m,20bar,1735793100000,1735826400000,1,95814.05897999999,95989.6953118589,95186.2648404636,,TRAIL,0.31162077443042735,0.5922312929998813,0.09645531149511266,False,0.1929106229902253,TURTLE20,38,
BTC,15m,20bar,1735836300000,1735839000000,1,97438.28376,96527.66627618574,96546.97567132,,SL,-3.7297403391288664,0.422655133565529,-1.152235760989143,False,-2.3044715219782854,TURTLE20,4,
BTC,15m,20bar,1735887600000,1735902900000,-1,96478.30048,96702.73904562637,96906.48306978687,,TRAIL,-2.5136516880854023,0.8560491074696788,-0.7948646149091251,False,-1.5897292298182504,TURTLE20,18,
BTC,15m,20bar,1735906500000,1735910100000,1,96808.45782000001,96410.17427946396,96429.46017149826,,SL,-4.222409501494353,0.9519542984299741,-1.3567754887887225,False,-2.713550977577445,TURTLE20,5,
BTC,15m,20bar,1735914600000,1735914600000,1,97035.4032,96553.00688619899,96572.32135046908,,SL,-3.913334073683415,0.759412177782876,-1.2925347008504795,False,-2.585069401700959,TURTLE20,1,
BTC,15m,20bar,1735921800000,1735952400000,1,98079.81203999999,97799.57564962548,97316.68576361096,,TRAIL,-1.53730248812233,0.454227913029737,-0.5212296251551485,False,-1.042459250310297,TURTLE20,35,
BTC,15m,20bar,1735982100000,1735998300000,-1,97800.03608,98001.41104842207,98109.18402836527,,TRAIL,-3.01028167401565,1.1091235101196375,-1.031402079118411,False,-2.062804158236822,TURTLE20,19,
BTC,15m,20bar,1736023500000,1736031600000,1,98521.50036,98181.98041821773,98140.50467100978,,TRAIL,-3.4327148639908582,0.885462210190874,-1.2009113054844736,False,-2.401822610968947,TURTLE20,10,
BTC,15m,20bar,1736051400000,1736064000000,1,98485.79322,98168.6331105425,98188.27076469544,,SL,-4.080285039375814,1.1063785103768833,-1.4625879744450418,False,-2.9251759488900837,TURTLE20,15,
BTC,15m,20bar,1736065800000,1736082900000,-1,97841.4278,97943.64890716292,98120.94794768347,,TRAIL,-2.128514166512339,1.138132527676874,-0.7859617813167521,False,-1.5719235626335042,TURTLE20,20,
BTC,15m,20bar,1736087400000,1736088300000,-1,97409.91412,97788.02999278973,97768.47629753023,,SL,-3.681634336853404,0.8706751061756797,-1.3811680938256152,False,-2.76233618765123,TURTLE20,2,
BTC,15m,20bar,1736091900000,1736099100000,1,98035.30313999999,97625.08463702121,97609.29366163006,,TRAIL,-3.2101570893887375,0.7142718409869135,-1.2385046869469727,False,-2.4770093738939463,TURTLE20,9,
BTC,15m,20bar,1736109000000,1736124300000,1,98475.79122,98206.66654484902,98063.18325304794,,TRAIL,-2.371698697380026,0.7229610652134015,-0.9382614511049144,False,-1.876522902209829,TURTLE20,18,
BTC,15m,20bar,1736129700000,1736152200000,1,99027.3015,99041.4462913309,98436.75577649876,,TRAIL,-0.439730944528715,0.499139854914907,-0.1772876395127813,False,-0.3545752790255626,TURTLE20,26,
BTC,15m,20bar,1736158500000,1736163000000,-1,98839.2282,99366.4847796611,99346.6154565698,,SL,-3.1476025987991325,0.5792870191710087,-1.273544022010712,False,-2.5470880440214243,TURTLE20,6,
BTC,15m,20bar,1736175600000,1736244900000,1,100783.25262,101354.76415464452,99864.09493353967,,TRAIL,1.1797878802482717,0.31781177340574274,0.4898275140509947,False,0.9796550281019895,TURTLE20,78,
BTC,15m,20bar,1736250300000,1736264700000,-1,100595.67684,98115.38490259717,101029.10063753159,,TRAIL,13.24920691410555,0.6690447670594023,5.447474997459402,False,10.894949994918802,TURTLE20,17,
BTC,15m,20bar,1736298000000,1736305200000,1,97197.83567999999,96417.68357729207,96436.97097148637,,SL,-3.1773330354896236,0.4118038300084517,-1.1780299496520015,False,-2.356059899304003,TURTLE20,9,
BTC,15m,20bar,1736318700000,1736341200000,-1,95681.45988000001,95459.7830481241,96344.25723344031,,TRAIL,0.42513082134843716,0.45569744387925926,0.1614250352142944,False,0.3228500704285889,TURTLE20,26,
BTC,15m,20bar,1736356500000,1736358300000,-1,93746.44696,94070.85549771109,94815.1299064504,,TRAIL,-1.0806434288350069,0.2786054023202167,-0.4090071060247704,False,-0.8180142120495411,TURTLE20,3,
BTC,15m,20bar,1736376300000,1736388000000,1,95192.23464,94109.50836643831,94128.33403324496,,SL,-2.9466331212234724,0.27976228690664373,-1.1244540249059176,False,-2.2489080498118352,TURTLE20,14,
BTC,15m,20bar,1736407800000,1736415000000,-1,93682.55974000001,93627.90260867233,94321.5524309089,,TRAIL,-0.23142230949982998,0.45052964818495583,-0.09034398499834202,False,-0.18068796999668404,TURTLE20,9,
BTC,15m,20bar,1736430300000,1736435700000,-1,92207.65478000001,92916.01759358635,93004.52077889598,,TRAIL,-2.629364741098382,0.35640883687991387,-1.0283247348309232,False,-2.056649469661846,TURTLE20,7,
BTC,15m,20bar,1736437500000,1736444700000,1,93852.16668,93181.5702031591,92907.05119150478,,TRAIL,-2.074295959537118,0.29735950853779214,-0.8282762567114073,False,-1.6565525134228143,TURTLE20,9,
BTC,15m,20bar,1736452800000,1736467200000,-1,91805.33525999999,92686.4104007552,92837.71329335003,,TRAIL,-2.365991785099073,0.26407687579243055,-0.9606657213863745,False,-1.921331442772749,TURTLE20,17,
BTC,15m,20bar,1736470800000,1736515800000,1,92703.63702000001,93950.68063713607,91864.18551796595,,TRAIL,3.266143597663379,0.32226206064911556,1.3521341301926846,False,2.7042682603853696,TURTLE20,51,
BTC,15m,20bar,1736522100000,1736523000000,-1,92290.23826,93557.74601520479,93539.03820756328,,SL,-2.739558617848211,0.22152371492247924,-1.1042733853894686,False,-2.2085467707789372,TURTLE20,2,
BTC,15m,20bar,1736532000000,1736554500000,1,95754.04698,94280.38175688306,94299.2416052041,,SL,-2.647674409467091,0.19014439824981594,-1.091339025731751,False,-2.182678051463502,TURTLE20,26,
BTC,15m,20bar,1736559900000,1736595000000,-1,94255.54512,94658.69299718432,94830.07355411108,,TRAIL,-2.1334204272664596,0.4681931710868976,-0.8989919199625869,False,-1.7979838399251737,TURTLE20,40,
BTC,15m,20bar,1736615700000,1736626500000,-1,94029.59032,94407.15223824054,94388.27458332387,,SL,-3.187700412913846,0.734590961401882,-1.3678435714712827,False,-2.7356871429425653,TURTLE20,13,
BTC,15m,20bar,1736631000000,1736640900000,1,94746.64554,94427.05140279568,94404.73756602136,,TRAIL,-2.8712558497246565,0.752484155933145,-1.2667103090056935,False,-2.533420618011387,TURTLE20,12,
BTC,15m,20bar,1736665200000,1736676900000,-1,94287.73868000001,94000.56776433866,94523.53911718311,,TRAIL,1.632107276798242,1.0584742720570688,0.7387515217348148,False,1.4775030434696297,TURTLE20,14,
BTC,15m,20bar,1736688600000,1736697600000,1,94590.11424,94883.13833928117,94248.85851119092,,TRAIL,1.1781963078079007,0.7468601630089211,0.5255300720062933,False,1.0510601440125864,TURTLE20,11,
BTC,15m,20bar,1736716500000,1736724600000,-1,94451.40594000001,94275.57993330537,94815.35219458023,,TRAIL,0.3896075586518699,0.7048698899397896,0.1719754342378128,False,0.3439508684756256,TURTLE20,10,
BTC,15m,20bar,1736728200000,1736730000000,1,95222.44067999999,94993.66247910875,94642.63475007571,,TRAIL,-1.3444570924430022,0.44747423446783896,-0.5914183437749321,False,-1.1828366875498642,TURTLE20,3,
BTC,15m,20bar,1736750700000,1736773200000,-1,93778.44056,91153.71539164777,94391.97669088679,,TRAIL,9.203843416874982,0.40626375507755486,4.097176593573938,False,8.194353187147875,TURTLE20,26,
BTC,15m,20bar,1736801100000,1736870400000,1,92920.28034,95597.08996255459,91735.05214522444,,TRAIL,5.257196707262289,0.23194754632808334,2.163042704918577,False,4.326085409837154,TURTLE20,78,
BTC,15m,20bar,1736873100000,1736876700000,-1,95395.11716,96445.96045672087,96426.67512169653,,SL,-2.865943145054952,0.28293147622890746,-1.1302786528576076,False,-2.2605573057152153,TURTLE20,5,
BTC,15m,20bar,1736901000000,1736918100000,1,97193.83488,96700.58929232527,96553.39567042456,,TRAIL,-2.3588824419587984,0.4501845242140395,-0.9518190533372248,False,-1.9036381066744497,TURTLE20,20,
BTC,15m,20bar,1736940600000,1736944200000,-1,96590.1781,97136.85414104913,97117.43065491815,,SL,-3.056625014648854,0.5359540875680413,-1.257295491904591,False,-2.514590983809182,TURTLE20,5,
BTC,15m,20bar,1736948700000,1736963100000,1,98485.99326,98730.4393181911,97791.51396262237,,TRAIL,0.43038387439062176,0.40381222995457344,0.18159821195591122,False,0.36319642391182244,TURTLE20,17,
BTC,15m,20bar,1736971200000,1736973900000,1,99870.47009999999,99556.6583328915,99121.0360082337,,TRAIL,-1.3757595881409668,0.3797702567949708,-0.5783938159880302,False,-1.1567876319760604,TURTLE20,4,
BTC,15m,20bar,1736999100000,1737040500000,-1,99446.30675999999,98274.39745682802,100095.27461215,,TRAIL,3.8157958071811726,0.4297797747257356,1.6230031690358826,False,3.2460063380717656,TURTLE20,47,
BTC,15m,20bar,1737049500000,1737153900000,1,99979.19184,104232.53784159326,98932.17482466732,,TRAIL,9.576822604859805,0.28406466506591566,3.945321712342718,False,7.890643424685435,TURTLE20,117,
BTC,15m,20bar,1737158400000,1737176400000,-1,104049.28598000002,103685.35113663631,104739.22677290076,,TRAIL,0.9083284147633595,0.473119824439842,0.3468327479052951,False,0.6936654958105901,TURTLE20,21,
BTC,15m,20bar,1737188100000,1737191700000,-1,102547.68635999999,103392.36811320932,103371.69377445443,,SL,-3.0986994133685766,0.39544483556714616,-1.1750449922035289,False,-2.3500899844070573,TURTLE20,5,
BTC,15m,20bar,1737200700000,1737216900000,1,103666.7292,103809.22371699548,102905.57014192097,,TRAIL,0.060926981018421866,0.42115348588098867,0.023659897434229898,False,0.047319794868459795,TURTLE20,19,
BTC,15m,20bar,1737242100000,1737249300000,1,104583.9126,103996.48479872319,104017.28825637446,,SL,-3.2399495384594506,0.5690255562505177,-1.2575810547719013,False,-2.5151621095438026,TURTLE20,9,
BTC,15m,20bar,1737252900000,1737255600000,1,104851.36607999999,104613.59906378678,104309.00827611625,,TRAIL,-1.683035700070942,0.5819907531966831,-0.670122182619841,False,-1.340244365239682,TURTLE20,4,
BTC,15m,20bar,1737269100000,1737273600000,1,105497.39526,104818.2231106438,104839.19094883357,,SL,-3.031862645221174,0.47505229706886665,-1.2235737547075156,False,-2.4471475094150317,TURTLE20,6,
BTC,15m,20bar,1737278100000,1737279000000,-1,104097.27638000001,104552.11021727743,104781.1422304579,,TRAIL,-2.0501894362144206,0.4425035788685988,-0.8481538723529054,False,-1.6963077447058106,TURTLE20,2,
BTC,15m,20bar,1737316800000,1737317700000,1,106286.253,105515.63246769171,105536.73981565484,,SL,-2.8460460679069053,0.4028941558829373,-1.1977129720182516,False,-2.395425944036503,TURTLE20,2,
BTC,15m,20bar,1737322200000,1737324900000,-1,104405.81466,104353.00932812253,105458.09942730848,,TRAIL,-0.15968503737361972,0.2760718663190323,-0.06885014852083121,False,-0.1377002970416624,TURTLE20,4,
BTC,15m,20bar,1737329400000,1737348300000,-1,100483.19934,102413.57480219028,102421.74234247807,,TRAIL,-2.4518102123211696,0.14544937492656096,-1.0585855067709855,False,-2.117171013541971,TURTLE20,22,
BTC,15m,20bar,1737355500000,1737356400000,1,104677.33128,107514.69276,103173.81229570648,,TRAIL,4.086346669651234,0.19197240617841183,1.8024689371311107,False,3.6049378742622213,TURTLE20,2,
BTC,15m,20bar,1737376200000,1737390600000,-1,106652.86516,106494.92717635167,108467.32382891448,,TRAIL,0.03889871654156993,0.16555140945408964,0.016561032092562232,False,0.03312206418512447,TURTLE20,17,
BTC,15m,20bar,1737395100000,1737395100000,-1,100642.06756,103803.0201102027,103782.26365747121,,SL,-2.4569016214757395,0.09178312864936189,-1.04567342321364,False,-2.09134684642728,TURTLE20,1,
BTC,15m,20bar,1737421200000,1737429300000,-1,101142.56744,102997.2879129642,103062.3117972896,,TRAIL,-2.369304823876861,0.14677376221142613,-1.0299310836196423,False,-2.0598621672392845,TURTLE20,10,
BTC,15m,20bar,1737455400000,1737469800000,1,103148.42556,103689.53978908701,102109.20565455013,,TRAIL,0.9040948739537203,0.26905900679614125,0.40127353959510276,False,0.8025470791902056,TURTLE20,17,
BTC,15m,20bar,1737476100000,1737532800000,1,106072.91033999999,104878.79354132497,104509.04662714888,,TRAIL,-1.9179896548678503,0.18381475741039183,-0.8445031431773953,False,-1.6890062863547908,TURTLE20,64,
BTC,15m,20bar,1737534600000,1737548100000,-1,104769.34194,105518.27624503388,105497.17680967195,,SL,-2.684573593094374,0.3870607823470951,-1.2023426087559241,False,-2.4046852175118487,TURTLE20,16,
BTC,15m,20bar,1737553500000,1737556200000,-1,104539.38794,104690.66017766294,105232.86670477998,,TRAIL,-0.8698113525897475,0.3944738179722036,-0.39916184978115854,False,-0.798323699562317,TURTLE20,4,
BTC,15m,20bar,1737564300000,1737567000000,-1,103347.8263,104456.93966332966,104436.0524528391,,SL,-2.4508646820332367,0.24767527353461016,-1.1337682150799042,False,-2.267536430159809,TURTLE20,4,
BTC,15m,20bar,1737592200000,1737612000000,-1,103308.3342,102750.3323149638,104127.42792028049,,TRAIL,1.1203579867414226,0.318891131394732,0.5303015691274845,False,1.0606031382549688,TURTLE20,23,
BTC,15m,20bar,1737626400000,1737639900000,-1,101589.27808,102273.77348628313,102303.41710476964,,TRAIL,-2.4121595864185448,0.3656981750905254,-1.1297705478049438,False,-2.2595410956098876,TURTLE20,16,
BTC,15m,20bar,1737643500000,1737644400000,1,104967.28926,104344.93110326648,103835.06570331476,,TRAIL,-1.3785671411083396,0.23147484956135256,-0.6605987700354834,False,-1.3211975400709668,TURTLE20,2,
BTC,15m,20bar,1737648900000,1737651600000,1,106517.7993,104687.71076334533,104708.6524938441,,SL,-2.22735422703675,0.14424365450457685,-1.081621367616119,False,-2.163242735232238,TURTLE20,4,
BTC,15m,20bar,1737693900000,1737749700000,1,104392.8744,105453.1449715256,103292.61427163558,,TRAIL,1.7109460708785225,0.23055401663434943,0.8492200488003399,False,1.6984400976006797,TURTLE20,63,
BTC,15m,20bar,1737751500000,1737864900000,-1,104993.59708,105378.72454991349,105891.51947247052,,TRAIL,-1.1668380011921227,0.2880258199492872,-0.5694822483316246,False,-1.1389644966632493,TURTLE20,127,
BTC,15m,20bar,1737883800000,1737895500000,-1,104804.5349,104866.29532221555,105130.82046780849,,TRAIL,-1.164406578079221,0.78099261886505,-0.5748428335603379,False,-1.1496856671206759,TURTLE20,14,
BTC,15m,20bar,1737915300000,1737925200000,1,105095.41488,104820.98852393654,104821.33135113512,,TRAIL,-2.924953036890152,0.9201280563643124,-1.4607816812779209,False,-2.9215633625558417,TURTLE20,12,
BTC,15m,20bar,1737928800000,1737936000000,-1,104488.09820000001,102927.3969820826,104811.91050389003,,TRAIL,8.6217144127036,0.7470599572350152,4.435445792374753,False,8.870891584749508,TURTLE20,9,
BTC,15m,20bar,1737939600000,1737963000000,-1,101598.37626,98916.26068693148,102423.73208291682,,TRAIL,6.568607164955467,0.30847803642486665,3.103881646884045,False,6.20776329376809,TURTLE20,27,
BTC,15m,20bar,1737981900000,1737985500000,1,99662.72856,100004.9139914848,98608.4637327166,,TRAIL,0.47411082518216047,0.2554074861518471,0.2109383147372519,False,0.4218766294745038,TURTLE20,5,
BTC,15m,20bar,1737990000000,1737995400000,1,101888.47362,100407.6445223298,100427.73006834347,,SL,-2.475696010353975,0.18755020978218484,-1.0968432937722878,False,-2.1936865875445757,TURTLE20,7,
BTC,15m,20bar,1738012500000,1738013400000,1,102252.34637999999,100905.3622368202,100925.54734628946,,SL,-2.443995651662588,0.20281451423755997,-1.1070845930916988,False,-2.214169186183397,TURTLE20,2,
BTC,15m,20bar,1738038600000,1738072800000,1,102998.5956,102122.84428850363,102143.27294309225,,SL,-2.520894211666536,0.31061890364115174,-1.167774719122403,False,-2.335549438244806,TURTLE20,39,
BTC,15m,20bar,1738098000000,1738109700000,-1,101193.75720000001,101605.24301251926,102120.9224147389,,TRAIL,-1.2123743486328045,0.2766890636755712,-0.5750487660356417,False,-1.1500975320712834,TURTLE20,14,
BTC,15m,20bar,1738116900000,1738155600000,1,101978.8917,101836.7174053181,101204.99616723155,,TRAIL,-0.7121836068088883,0.329317386449867,-0.34173043898964456,False,-0.6834608779792891,TURTLE20,44,
BTC,15m,20bar,1738172700000,1738177200000,1,102557.10732000001,101963.90340299065,101893.70817539726,,TRAIL,-2.2336615301276415,0.3828636709411314,-1.0791640737973205,False,-2.158328147594641,TURTLE20,6,
BTC,15m,20bar,1738179000000,1738179000000,-1,101473.90116,102347.47945749603,102327.01405468509,,SL,-2.364015855312193,0.29030080072587466,-1.1673380300202065,False,-2.334676060040413,TURTLE20,1,
BTC,15m,20bar,1738182600000,1738289700000,1,104355.16686,104354.95609501637,102964.5763050139,,TRAIL,-0.1784103193790679,0.17811054581641214,-0.09020400599361854,False,-0.18040801198723708,TURTLE20,120,
BTC,15m,20bar,1738293300000,1738307700000,-1,104157.56431999999,104732.43101443905,104711.4887166957,,SL,-2.4956402302173126,0.4467127344525068,-1.2640726709575927,False,-2.528145341915186,TURTLE20,17,
BTC,15m,20bar,1738314900000,1738320300000,-1,103872.12142,104380.45612279882,104359.58420595762,,SL,-2.5000446066082254,0.49327526108784,-1.299147888962204,False,-2.598295777924408,TURTLE20,7,
BTC,15m,20bar,1738323000000,1738333800000,1,104816.55912,104304.46426760842,104325.3293334751,,SL,-2.432748291169691,0.47876233253916933,-1.297900664645127,False,-2.595801329290254,TURTLE20,13,
BTC,15m,20bar,1738337400000,1738340100000,1,105150.32586,105002.16421457207,104476.50368807427,,TRAIL,-0.7430870790056936,0.3416440744391478,-0.40701115353459383,False,-0.8140223070691877,TURTLE20,4,
BTC,15m,20bar,1738348200000,1738376100000,-1,103950.10582,102705.00440318923,104772.31968412358,,TRAIL,2.4691442900980283,0.2730840164302245,1.3635240167980767,False,2.7270480335961538,TURTLE20,32,
BTC,15m,20bar,1738398600000,1738405800000,-1,101882.31946,101890.95263207781,102266.69491378083,,TRAIL,-0.6334946951831301,0.591713271166635,-0.3405449906998753,False,-0.6810899813997506,TURTLE20,9,
BTC,15m,20bar,1738439100000,1738444500000,-1,101433.40926,101504.83562584044,101836.95434690213,,TRAIL,-0.8844870206147528,0.5574725879368343,-0.4787304294917814,False,-0.9574608589835628,TURTLE20,7,
BTC,15m,20bar,1738449000000,1738455300000,-1,100606.67464000001,101055.2014595403,101179.42304117071,,TRAIL,-1.8195764172772497,0.38657464407654896,-0.9943702051998983,False,-1.9887404103997963,TURTLE20,8,
BTC,15m,20bar,1738466100000,1738474200000,-1,99870.82184,99972.8781551541,100548.2113867487,,TRAIL,-0.5876778920238452,0.3174690474698467,-0.327673398883331,False,-0.6553467977666619,TURTLE20,10,
BTC,15m,20bar,1738491300000,1738504800000,-1,99155.06502,99127.23157698936,99876.46077530092,,TRAIL,-0.22509131374643124,0.29383550622060395,-0.12633278512922147,False,-0.2526655702584429,TURTLE20,16,
BTC,15m,20bar,1738517400000,1738524600000,-1,97721.75174,97985.79108405825,98559.11612994698,,TRAIL,-0.8096230912519952,0.24922309822727548,-0.455553011726271,False,-0.9111060234525421,TURTLE20,9,
BTC,15m,20bar,1738532700000,1738536300000,-1,96662.26368,97702.67066167353,97777.46328537304,,TRAIL,-1.8270878702925188,0.1841558435136908,-1.037505695575884,False,-2.0750113911517682,TURTLE20,5,
BTC,15m,20bar,1738543500000,1738548900000,-1,95466.30292,93970.99044,97117.88486481363,,TRAIL,1.4426481465927374,0.11868042105883789,0.8365616422017297,False,1.6731232844034594,TURTLE20,7,
BTC,15m,20bar,1738569600000,1738641600000,1,95260.64832000001,100131.45192837548,93738.66546751028,,TRAIL,5.476191447352875,0.13505701021335106,3.1232732618835657,False,6.2465465237671305,TURTLE20,81,
BTC,15m,20bar,1738644300000,1738649700000,-1,100094.67706,99347.54935221192,100871.84413912383,,TRAIL,1.5040308804988194,0.2868384918173834,0.807371270342718,False,1.6147425406854363,TURTLE20,7,
BTC,15m,20bar,1738658700000,1738665000000,-1,97784.73914,98820.94390774106,98801.18367100686,,SL,-2.149441330317799,0.21968672631817798,-1.1354954868284053,False,-2.2709909736568106,TURTLE20,8,
BTC,15m,20bar,1738680300000,1738681200000,1,100093.71474,99086.73430930833,99106.55562043242,,SL,-2.111073507674801,0.22396207038180263,-1.1411419676847143,False,-2.2822839353694286,TURTLE20,2,
BTC,15m,20bar,1738697400000,1738698300000,1,100370.17002,99224.09891376122,99243.94770330188,,SL,-2.0318303391121937,0.19222602010354806,-1.1239589633689815,False,-2.2479179267379625,TURTLE20,2,
BTC,15m,20bar,1738704600000,1738717200000,-1,97151.5658,98378.62530576905,98678.69598957534,,TRAIL,-1.5556368197841746,0.13575380609164528,-0.8803294110807529,False,-1.7606588221615058,TURTLE20,15,
BTC,15m,20bar,1738756800000,1738766700000,1,98149.42596000001,98139.48874341151,97530.44923442569,,TRAIL,-0.35817968645931425,0.33030956380731175,-0.20632531100754253,False,-0.41265062201508507,TURTLE20,12,
BTC,15m,20bar,1738772100000,1738808100000,-1,97615.37302,97393.33683410122,98483.30743951771,,TRAIL,0.20921028946724085,0.23306172947021014,0.1210125530505789,False,0.24202510610115782,TURTLE20,41,
BTC,15m,20bar,1738813500000,1738852200000,1,97424.481,98012.28597382727,96722.80226051212,,TRAIL,1.1621531618771042,0.28961539970146954,0.6705959396552355,False,1.341191879310471,TURTLE20,44,
BTC,15m,20bar,1738855800000,1738874700000,-1,97515.89292,96874.4921017775,98357.8718755643,,TRAIL,1.0945948348200107,0.24328383312094756,0.6232538043159365,False,1.246507608631873,TURTLE20,22,
BTC,15m,20bar,1738893600000,1738909800000,1,97348.16574,96515.37273880823,96496.58190711874,,TRAIL,-1.9817924236822722,0.2428781721912976,-1.1145245924500786,False,-2.229049184900157,TURTLE20,19,
BTC,15m,20bar,1738924200000,1738935000000,1,97361.16833999999,97109.30254589033,96816.27824480463,,TRAIL,-1.175881566271562,0.3722839809388016,-0.6763714001977926,False,-1.3527428003955855,TURTLE20,13,
BTC,15m,20bar,1738936800000,1738940400000,1,98790.45414,99059.45727828797,98078.16046502742,,TRAIL,0.3618625006103352,0.2858191898388238,0.2109989133945081,False,0.42199782678901626,TURTLE20,5,
BTC,15m,20bar,1738957500000,1739072700000,-1,96917.41264000001,97174.35205014584,98009.6082011463,,TRAIL,-0.5887890053900103,0.1836327636099551,-0.3418751020815599,False,-0.6837502041631199,TURTLE20,129,
BTC,15m,20bar,1739101500000,1739110500000,-1,96501.49584,96138.57493005547,96847.66063308771,,TRAIL,1.2221330562639332,0.5711201912891557,0.714506132401051,False,1.429012264802102,TURTLE20,11,
BTC,15m,20bar,1739137500000,1739139300000,-1,94892.0178,95507.27379536018,95488.17616012815,,SL,-2.1229303567078697,0.3324525486954776,-1.2236607235711547,False,-2.44732144714231,TURTLE20,3,
BTC,15m,20bar,1739146500000,1739150100000,1,96889.67406,96026.61199242508,96045.82115665641,,SL,-1.9631179317072194,0.23214926830570726,-1.1599318261844567,False,-2.3198636523689133,TURTLE20,5,
BTC,15m,20bar,1739175300000,1739197800000,1,97735.24313999999,97221.08473799226,97016.32128075337,,TRAIL,-1.4513054661196345,0.2689843917371968,-0.8778870618788854,False,-1.7557741237577706,TURTLE20,26,
BTC,15m,20bar,1739232900000,1739241000000,1,97690.33416,97383.85195811259,97229.59711410828,,TRAIL,-1.4929831017670834,0.41259611846217237,-0.9192373770131236,False,-1.838474754026247,TURTLE20,10,
BTC,15m,20bar,1739253600000,1739266200000,1,98380.87224,97883.43763259752,97903.01823624477,,SL,-2.0525077601692616,0.3928853798396392,-1.2874082638034205,False,-2.574816527606841,TURTLE20,15,
BTC,15m,20bar,1739269800000,1739284200000,-1,97824.33122,97119.95034924826,98227.53739143396,,TRAIL,2.262856912128157,0.4505825074426359,1.456858409981867,False,2.913716819963734,TURTLE20,17,
BTC,15m,20bar,1739293200000,1739309400000,-1,96242.14772,95722.7649912297,96874.9039876821,,TRAIL,1.0211203400685007,0.2909709697336469,0.638798541852808,False,1.277597083705616,TURTLE20,19,
BTC,15m,20bar,1739348100000,1739367000000,1,96137.62367999999,95813.71092527073,95673.51587751402,,TRAIL,-1.531632955251092,0.4017444783002443,-0.9460809603727641,False,-1.8921619207455282,TURTLE20,22,
BTC,15m,20bar,1739379600000,1739426400000,1,96888.77388,96246.27657750213,95693.82139291699,,TRAIL,-1.0080112621931026,0.15402521214473763,-0.6346514534846897,False,-1.2693029069693793,TURTLE20,53,
BTC,15m,20bar,1739429100000,1739459700000,-1,96057.38468,96085.23540556454,96622.6863977894,,TRAIL,-0.39705601824634035,0.31979889771077763,-0.2532033657629728,False,-0.5064067315259457,TURTLE20,35,
BTC,15m,20bar,1739481300000,1739546100000,1,96400.17618,96494.08827528053,95708.9652677746,,TRAIL,-0.04926181548852196,0.2612386337325629,-0.03157424601754953,False,-0.06314849203509906,TURTLE20,72,
BTC,15m,20bar,1739552400000,1739562300000,1,97613.31876,97644.94806390732,96850.95362419423,,TRAIL,-0.1749187944487027,0.23960768378763814,-0.112184637216681,False,-0.22436927443336202,TURTLE20,12,
BTC,15m,20bar,1739585700000,1739602800000,1,97848.96587999999,97309.47675658994,97328.94254509895,,SL,-1.9642427452600126,0.35030257647264257,-1.2626052427377312,False,-2.5252104854754625,TURTLE20,20,
BTC,15m,20bar,1739641500000,1739646000000,-1,97270.34204,97595.40512197862,97575.88994398982,,SL,-2.1935405664945624,0.5802662668409295,-1.4465245040283892,False,-2.8930490080567783,TURTLE20,6,
BTC,15m,20bar,1739657700000,1739657700000,1,97698.33576,97430.43541304988,97449.9253981295,,SL,-2.2821067620499904,0.6940216942457623,-1.5497646988439253,False,-3.099529397687851,TURTLE20,1,
BTC,15m,20bar,1739691000000,1739699100000,-1,97271.94172,97256.90332521562,97474.605068588,,TRAIL,-0.7158990024091629,0.8217810539231203,-0.5017133731933817,False,-1.0034267463867634,TURTLE20,10,
BTC,15m,20bar,1739713500000,1739717100000,-1,96792.03772,96957.33515221968,97037.68695546305,,TRAIL,-1.6190185150168444,0.6684860992114638,-1.146134468573775,False,-2.2922689371475498,TURTLE20,5,
BTC,15m,20bar,1739747700000,1739772000000,-1,96223.05154,96349.12714420677,96662.13781982532,,TRAIL,-0.7594972865144595,0.36319519770428443,-0.5502766142304123,False,-1.1005532284608246,TURTLE20,28,
BTC,15m,20bar,1739797200000,1739805300000,1,96364.46904,96362.0361022278,95987.13516478245,,TRAIL,-0.42711865090558676,0.41831740333294165,-0.31290283913542966,False,-0.6258056782708593,TURTLE20,10,
BTC,15m,20bar,1739808000000,1739825100000,-1,95538.28852,95933.74281429833,96081.21984689162,,TRAIL,-1.2750442143719956,0.2870280543764788,-0.9399669678680926,False,-1.8799339357361853,TURTLE20,20,
BTC,15m,20bar,1739829600000,1739832300000,1,96346.66548,95815.80471455661,95834.97170889839,,SL,-1.680735010204946,0.29990256336400345,-1.2627831020280615,False,-2.5255662040561235,TURTLE20,4,
BTC,15m,20bar,1739859300000,1739870100000,-1,95188.35852,95583.16434592819,95602.70999020927,,TRAIL,-1.5945544015539255,0.35839101966566966,-1.2290742914234363,False,-2.458148582846872,TURTLE20,13,
BTC,15m,20bar,1739881800000,1739889000000,1,95877.57168,96078.946026179,95476.73530162846,,TRAIL,0.2721413478027092,0.363612817811597,0.21505142798038726,False,0.43010285596077447,TURTLE20,9,
BTC,15m,20bar,1739897100000,1739907900000,-1,94569.0824,94357.45122597739,95261.33292838246,,TRAIL,0.18042511322039623,0.20811195017332346,0.14196486650094495,False,0.28392973300188984,TURTLE20,13,
BTC,15m,20bar,1739917800000,1739991600000,1,95327.0616,95366.3895611541,94456.7320052106,,TRAIL,-0.10996003537837222,0.16755242951650268,-0.08627548688696654,False,-0.17255097377393308,TURTLE20,83,
BTC,15m,20bar,1740020400000,1740062700000,1,97127.02152000001,97362.34411290145,96674.74473406152,,TRAIL,0.33372128002435714,0.3282768355317072,0.2622928640380033,False,0.5245857280760065,TURTLE20,48,
BTC,15m,20bar,1740075300000,1740148200000,1,98247.6456,98596.7541082663,97647.91061281854,,TRAIL,0.4926356363959825,0.2518747578335603,0.3851732404790185,False,0.7703464809580369,TURTLE20,82,
BTC,15m,20bar,1740151800000,1740153600000,-1,98215.75292,98477.85564247573,99039.23086458126,,TRAIL,-0.5949355860925529,0.18471067516621487,-0.4616017831619037,False,-0.9232035663238072,TURTLE20,3,
BTC,15m,20bar,1740159900000,1740187800000,-1,97092.07770000001,96362.62901809071,98108.71456263488,,TRAIL,0.7704336628051859,0.14579382253410358,0.6033382030715723,False,1.2066764061431448,TURTLE20,32,
BTC,15m,20bar,1740202200000,1740250800000,1,96424.98113999999,96323.23630632185,96020.17006549648,,TRAIL,-0.6940300663275691,0.3692094628316674,-0.5370252392738176,False,-1.0740504785476355,TURTLE20,55,
BTC,15m,20bar,1740275100000,1740294900000,-1,96337.92856,96371.88954948723,96526.5035212513,,TRAIL,-1.0141525643479694,0.7839076090751583,-0.7932488987950237,False,-1.5864977975900474,TURTLE20,23,
BTC,15m,20bar,1740307500000,1740315600000,-1,96010.49406,95860.00398621787,96206.34542792683,,TRAIL,0.2272111457292022,0.7395735086347218,0.18058477369232415,False,0.36116954738464824,TURTLE20,10,
BTC,15m,20bar,1740322800000,1740332700000,-1,95467.60266,95609.40236672504,95776.93032200074,,TRAIL,-1.0468663338894488,0.4680100001084951,-0.8290429251699445,False,-1.658085850339889,TURTLE20,12,
BTC,15m,20bar,1740352500000,1740352500000,1,96052.60668,95738.31235426363,95757.46384703304,,SL,-1.8065550209170511,0.4841722810119068,-1.4547833428331887,False,-2.9095666856663773,TURTLE20,1,
BTC,15m,20bar,1740355200000,1740360600000,1,96161.32842,95832.35727600726,95799.47445135993,,TRAIL,-1.4799348900375553,0.38382580439652786,-1.2274768108240417,False,-2.4549536216480834,TURTLE20,7,
BTC,15m,20bar,1740367800000,1740378600000,-1,95377.22074,95680.683856515,95845.094843931,,TRAIL,-1.0509534198861035,0.28815209709206674,-0.893611883538984,False,-1.787223767077968,TURTLE20,13,
BTC,15m,20bar,1740389400000,1740390300000,1,95933.58287999999,95452.16942991452,95471.26368265104,,SL,-1.4896535324234086,0.28689398729992277,-1.28968233395982,False,-2.57936466791964,TURTLE20,2,
BTC,15m,20bar,1740408300000,1740412800000,-1,95007.19476,94598.78246922433,95583.25718841731,,TRAIL,0.5755571618650566,0.22222207628871565,0.511487453274215,False,1.02297490654843,TURTLE20,6,
BTC,15m,20bar,1740426300000,1740429900000,-1,93641.36798000001,94494.05360714218,94475.1585754271,,SL,-1.3164337231375884,0.15389994329742862,-1.1580448201144262,False,-2.3160896402288524,TURTLE20,5,
BTC,15m,20bar,1740435300000,1740447000000,-1,93039.98828,92137.41645740968,93911.80898689743,,TRAIL,1.0080948823690496,0.14151703826057244,0.907830444363382,False,1.815660888726764,TURTLE20,14,
BTC,15m,20bar,1740465000000,1740469500000,-1,91446.707,89272.44575586222,92241.07798528497,,TRAIL,2.9402374623393195,0.1543274964810706,2.6005856089307597,False,5.20117121786152,TURTLE20,6,
BTC,15m,20bar,1740478500000,1740483000000,-1,87637.16906,88743.39488408667,88960.67080945667,,TRAIL,-1.0892544287096941,0.09510629955293395,-0.9157933965336175,False,-1.8315867930672347,TURTLE20,6,
BTC,15m,20bar,1740496500000,1740514500000,-1,86693.35786,88037.75598810891,88069.11729155056,,TRAIL,-1.2299868018759885,0.08897799080515936,-1.053408585238195,False,-2.10681717047639,TURTLE20,21,
BTC,15m,20bar,1740557700000,1740561300000,-1,88238.74872,88929.31871091224,88911.53640363151,,SL,-1.3538356458248624,0.18059873862663706,-1.184431360380311,False,-2.368862720760622,TURTLE20,5,
BTC,15m,20bar,1740574800000,1740580200000,-1,87821.23224000001,86257.91929085377,88433.09061492742,,TRAIL,2.6607785321679405,0.19049847263667283,2.3843188522193284,False,4.768637704438657,TURTLE20,7,
BTC,15m,20bar,1740594600000,1740602700000,-1,85032.99,84296.55133351946,86448.50377024114,,TRAIL,0.5243563367012034,0.08391615489125198,0.4484880013369945,False,0.896976002673989,TURTLE20,10,
BTC,15m,20bar,1740633300000,1740665700000,1,85461.98898,85504.29674188144,84452.65450152683,,TRAIL,-0.07044244232602528,0.11988930992582479,-0.05971460485811061,False,-0.11942920971622122,TURTLE20,37,
BTC,15m,20bar,1740667500000,1740670200000,-1,85470.9024,86055.97800804065,86450.08669329272,,TRAIL,-0.8278537894508995,0.12383797983256592,-0.70261721005753,False,-1.4052344201150597,TURTLE20,4,
BTC,15m,20bar,1740675600000,1740691800000,-1,84391.71828,84299.97851941666,85501.4442204391,,TRAIL,-0.009918911139405087,0.1059541411614814,-0.008538376144077563,False,-0.017076752288155122,TURTLE20,19,
BTC,15m,20bar,1740707100000,1740711600000,-1,82414.41382,81207.70727140026,83581.42635587281,,TRAIL,1.1032851175325271,0.09770848833312935,0.9498897757047924,False,1.8997795514095848,TURTLE20,6,
BTC,15m,20bar,1740730500000,1740734100000,-1,78692.15841999999,80235.79630474374,80219.75235427289,,SL,-1.2698645633897903,0.07388076961829607,-1.0729256124983964,False,-2.145851224996793,TURTLE20,5,
BTC,15m,20bar,1740748500000,1740814200000,1,80909.27862,84699.83608487382,79715.2928311001,,TRAIL,3.580424435285033,0.09638364869066152,3.0914873781302026,False,6.182974756260405,TURTLE20,74,
BTC,15m,20bar,1740816000000,1740819600000,-1,84662.76406,85326.81343705273,85309.75148675538,,SL,-1.4560600972056625,0.19386509698328686,-1.1840154721284446,False,-2.3680309442568896,TURTLE20,5,
BTC,15m,20bar,1740827700000,1740846600000,-1,84469.10280000001,85140.66917196909,85123.64444308047,,SL,-1.418543970730512,0.18667184048815286,-1.181486683586265,False,-2.36297336717253,TURTLE20,22,
BTC,15m,20bar,1740848400000,1740883500000,1,85211.0388,85557.10046801709,84627.73236942769,,TRAIL,0.4895650822187629,0.20591588404206068,0.4176206050347744,False,0.8352412100695487,TURTLE20,40,
BTC,15m,20bar,1740925800000,1740928500000,-1,85354.4257,85733.32897512667,85835.186687221,,TRAIL,-1.1840181857983816,0.2523956215504931,-1.0016535050303177,False,-2.0033070100606354,TURTLE20,4,
BTC,15m,20bar,1740930300000,1740930300000,1,88036.50378,86937.78907765943,86955.18011368216,,SL,-1.2894798791063709,0.11246621184256132,-1.113172046029518,False,-2.226344092059036,TURTLE20,1,
BTC,15m,20bar,1740933000000,1740940200000,1,88946.7858,92930.79256358722,87591.63645104216,,TRAIL,3.238510082445714,0.09120473486369834,2.859375034603391,False,5.7187500692067825,TURTLE20,9,
BTC,15m,20bar,1740964500000,1741003200000,-1,92806.03508,92941.1573264571,94029.6388515549,,TRAIL,-0.24128291449923778,0.10905833266960638,-0.20151177009502622,False,-0.40302354019005243,TURTLE20,44,
BTC,15m,20bar,1741009500000,1741012200000,1,93624.62117999999,92684.48781469621,92703.02842038029,,SL,-1.3611797581155785,0.1446500512290829,-1.1414139485369463,False,-2.2828278970738927,TURTLE20,4,
BTC,15m,20bar,1741014000000,1741014900000,-1,89113.27378,90657.53962612635,90639.4117437776,,SL,-1.261517212137546,0.08236066314995748,-1.082555033281892,False,-2.165110066563784,TURTLE20,2,
BTC,15m,20bar,1741026600000,1741099500000,-1,87680.76034000001,84720.14505147339,89488.73494647277,,TRAIL,1.8016956662263104,0.06522820445809183,1.5803179619131267,False,3.160635923826253,TURTLE20,82,
BTC,15m,20bar,1741110300000,1741185900000,1,85159.72854,88267.68040513906,83403.20228675207,,TRAIL,2.0113198128158247,0.06967312804581204,1.710134086648351,False,3.420268173296702,TURTLE20,85,
BTC,15m,20bar,1741188600000,1741194900000,-1,88048.8867,89463.19583642489,89445.30677506987,,SL,-1.3246993624968626,0.09277259690693271,-1.0890822991574713,False,-2.1781645983149427,TURTLE20,8,
BTC,15m,20bar,1741208400000,1741251600000,1,90469.49028,90971.63110527664,89253.33314460338,,TRAIL,0.38476924844780513,0.1065098356137221,0.32337610083356016,False,0.6467522016671203,TURTLE20,49,
BTC,15m,20bar,1741265100000,1741272300000,-1,90355.02538,90296.79869373841,91162.29252437358,,TRAIL,-0.0744167357203928,0.16079351320827506,-0.06214102547375656,False,-0.12428205094751311,TURTLE20,9,
BTC,15m,20bar,1741281300000,1741298400000,-1,88632.36998,89916.0083272218,90038.50784382215,,TRAIL,-1.1829835495345553,0.09112370548126274,-0.9890690023990714,False,-1.9781380047981425,TURTLE20,20,
BTC,15m,20bar,1741307400000,1741310100000,-1,86952.30606,87232.98865800441,88726.78145985657,,TRAIL,-0.25449797967627175,0.0690506573435879,-0.2170747336741553,False,-0.43414946734831056,TURTLE20,4,
BTC,15m,20bar,1741331700000,1741360500000,1,88508.49816,89370.47497809168,87361.90398610076,,TRAIL,0.7688934266773979,0.10865547221490898,0.6586894050232568,False,1.3173788100465136,TURTLE20,33,
BTC,15m,20bar,1741365000000,1741573800000,-1,87423.91171999999,82547.53826834381,89144.25562367935,,TRAIL,3.2822532553581985,0.07011022690747504,2.7752535824098947,False,5.5505071648197895,TURTLE20,233,
BTC,15m,20bar,1741596300000,1741598100000,-1,81378.32108000001,82242.76962929124,82226.32436441837,,SL,-1.417058010870591,0.14451826519615799,-1.135162117181031,False,-2.270324234362062,TURTLE20,3,
BTC,15m,20bar,1741616100000,1741639500000,-1,80082.78024000001,79574.62303796683,81544.96194229905,,TRAIL,0.34406008406470534,0.07992730417924877,0.28201882120261135,False,0.5640376424052227,TURTLE20,27,
BTC,15m,20bar,1741653000000,1741656600000,-1,77199.65698000001,78500.961308725,78496.84032868178,,TRAIL,-1.3191252301694847,0.08835662578374867,-1.0751947295003341,False,-2.1503894590006687,TURTLE20,5,
BTC,15m,20bar,1741667400000,1741701600000,1,80029.60272000001,80471.49315431368,78884.23414038843,,TRAIL,0.36222099824000886,0.10093504681712478,0.3017280052385245,False,0.6034560104770491,TURTLE20,39,
BTC,15m,20bar,1741703400000,1741705200000,-1,79834.32994000001,80929.2054597139,81129.21948038125,,TRAIL,-1.111147169991825,0.08996570293487263,-0.9200272330588067,False,-1.8400544661176133,TURTLE20,3,
BTC,15m,20bar,1741716900000,1741761900000,1,82399.87667999999,81366.44629379301,80847.24810861888,,TRAIL,-0.8641023457415682,0.07502629235656326,-0.7288866125815179,False,-1.4577732251630358,TURTLE20,51,
BTC,15m,20bar,1741767300000,1741785300000,1,82665.82986,83240.26089745351,81875.61336824365,,TRAIL,0.7020565966661306,0.14716179407562457,0.6009585828100587,False,1.2019171656201173,TURTLE20,21,
BTC,15m,20bar,1741790700000,1741798800000,-1,81634.06992,82300.02089364664,82793.41412531621,,TRAIL,-0.7794249069783195,0.10030543214156526,-0.6592618694517571,False,-1.3185237389035145,TURTLE20,10,
BTC,15m,20bar,1741812300000,1741846500000,1,83114.51958,82859.50226525319,82165.84820416365,,TRAIL,-0.43609088629650417,0.12246938342923527,-0.37378773818419203,False,-0.7475754763683842,TURTLE20,39,
BTC,15m,20bar,1741854600000,1741856400000,-1,82602.57618,83211.9489271061,83195.30986513308,,SL,-1.3848248295932701,0.194360182120057,-1.1959189766838025,False,-2.3918379533676055,TURTLE20,3,
BTC,15m,20bar,1741874400000,1741905900000,-1,81668.1631,81266.83653941484,82600.76748989733,,TRAIL,0.3679037918280426,0.11848064193560258,0.32550303653935503,False,0.6510060730787101,TURTLE20,36,
BTC,15m,20bar,1741913100000,1741960800000,1,81455.68788,82954.0696773853,80831.87234860624,,TRAIL,2.552626486410066,0.1798953740848327,2.243829902284578,False,4.487659804569155,TURTLE20,54,
BTC,15m,20bar,1741965300000,1741969800000,1,84268.45032,84038.85620843036,83410.92374357808,,TRAIL,-0.4582361554137226,0.13998096208540872,-0.3855023326111522,False,-0.7710046652223044,TURTLE20,6,
BTC,15m,20bar,1742022900000,1742038200000,-1,84055.28558000001,84098.99491547776,84387.07152939057,,TRAIL,-0.5140637227557505,0.35867583969006284,-0.4358288952279203,False,-0.8716577904558406,TURTLE20,18,
BTC,15m,20bar,1742041800000,1742088600000,1,84191.13486,83932.75033419023,83853.96093352475,,TRAIL,-1.2458113412815401,0.3498045582629238,-1.0655001134930697,False,-2.131000226986139,TURTLE20,53,
BTC,15m,20bar,1742091300000,1742092200000,-1,83748.14701999999,84057.66386720254,84040.85569606333,,SL,-1.6036306330232184,0.39361041414259335,-1.4013945170730584,False,-2.802789034146117,TURTLE20,2,
BTC,15m,20bar,1742118300000,1742127300000,-1,83776.94125999999,82819.22133361941,84102.64997286588,,TRAIL,2.9291072578704345,0.34133796937302047,2.6335255857205744,False,5.267051171441149,TURTLE20,11,
BTC,15m,20bar,1742141700000,1742151600000,1,84114.01943999999,83294.86395705651,83255.19855170761,,TRAIL,-1.2536806936212272,0.13693590659738908,-1.0707713628276805,False,-2.141542725655361,TURTLE20,12,
BTC,15m,20bar,1742166000000,1742170500000,-1,82027.49122,82810.29592626501,82793.73717882925,,SL,-1.318392832142653,0.14788645008047974,-1.1506845398570498,False,-2.3013690797140995,TURTLE20,6,
BTC,15m,20bar,1742181300000,1742192100000,1,83454.98766,82901.30792071683,82838.4587115443,,TRAIL,-1.1864920782399104,0.18122330690218358,-1.0599559327562518,False,-2.1199118655125035,TURTLE20,13,
BTC,15m,20bar,1742233500000,1742260500000,1,84220.24067999999,83430.35428079084,83366.03233217775,,TRAIL,-1.1421684540658599,0.12902204546460133,-1.0424585037782226,False,-2.084917007556445,TURTLE20,31,
BTC,15m,20bar,1742262300000,1742281200000,-1,82970.4026,82950.51234251194,83486.249781526,,TRAIL,-0.16567337277925123,0.20703906766926863,-0.1544300217785111,False,-0.3088600435570222,TURTLE20,22,
BTC,15m,20bar,1742303700000,1742308200000,-1,82229.35084,81762.6701778486,82692.93871298876,,TRAIL,0.8496303883594398,0.22699664840793848,0.7944242526585978,False,1.5888485053171957,TURTLE20,6,
BTC,15m,20bar,1742328000000,1742406300000,1,82231.54302,83839.04038544923,81536.87848004555,,TRAIL,2.3583487874541986,0.15584483455152578,2.1706232701972077,False,4.341246540394415,TURTLE20,88,
BTC,15m,20bar,1742410800000,1742431500000,1,85632.92316,85953.58765275287,84632.51099031768,,TRAIL,0.24670853390983977,0.1166635073722823,0.2176228887083167,False,0.4352457774166334,TURTLE20,24,
BTC,15m,20bar,1742445900000,1742460300000,-1,85521.49228,86158.59993918937,86141.3716648564,,SL,-1.3594341653431032,0.18920375148886492,-1.1939672984807401,False,-2.3879345969614802,TURTLE20,17,
BTC,15m,20bar,1742466600000,1742478300000,-1,85225.65146,85806.25913032451,85789.1013100625,,SL,-1.3476554967308878,0.2024148544495659,-1.2125778658081674,False,-2.425155731616335,TURTLE20,14,
BTC,15m,20bar,1742481000000,1742482800000,1,86375.87172000001,85668.78344170601,85685.92062583118,,SL,-1.273628375564205,0.16224870726046342,-1.1744529115751192,False,-2.3489058231502384,TURTLE20,3,
BTC,15m,20bar,1742485500000,1742591700000,-1,85013.19396,84423.47127246435,85880.74705098837,,TRAIL,0.595747183710361,0.12409286614894671,0.5625715514887336,False,1.1251431029774672,TURTLE20,119,
BTC,15m,20bar,1742619600000,1742649300000,1,84337.56414,84108.73821521418,84070.81968703022,,TRAIL,-1.3244086654259966,0.40575204371496054,-1.2367406426866627,False,-2.4734812853733255,TURTLE20,34,
BTC,15m,20bar,1742655600000,1742664600000,-1,83941.7083,84171.02940753949,84154.19856782592,,SL,-1.62289092206439,0.49576850048361454,-1.553900578799752,False,-3.107801157599504,TURTLE20,11,
BTC,15m,20bar,1742677200000,1742688900000,-1,83875.12161999999,83904.08648915021,84066.08943702618,,TRAIL,-0.6869233387954011,0.5334382105177397,-0.6788180125551468,False,-1.3576360251102937,TURTLE20,14,
BTC,15m,20bar,1742697900000,1742730300000,1,84197.23607999999,84634.66593235372,83964.92046056956,,TRAIL,1.4442692681735587,0.4352569750002725,1.4468709076488604,False,2.893741815297721,TURTLE20,37,
BTC,15m,20bar,1742738400000,1742751000000,1,85081.0128,84958.50311071394,84767.88232666538,,TRAIL,-0.7364834006144534,0.3346440615995505,-0.7170601967970793,False,-1.4341203935941587,TURTLE20,15,
BTC,15m,20bar,1742769000000,1742777100000,1,85507.89816,86130.49289639827,85140.97308358307,,TRAIL,1.4336247115579641,0.28413336886172286,1.4161248035661869,False,2.8322496071323733,TURTLE20,10,
BTC,15m,20bar,1742789700000,1742826600000,1,86750.3466,87971.26596539255,86192.74426059188,,TRAIL,2.083706342421581,0.195720617845116,2.0015812685398617,False,4.003162537079724,TURTLE20,42,
BTC,15m,20bar,1742854500000,1742895000000,-1,87783.9397,87266.36047240486,88429.0844387525,,TRAIL,0.6923540865966821,0.17626528252272367,0.6394674291065701,False,1.2789348582131401,TURTLE20,46,
BTC,15m,20bar,1742903100000,1742905800000,1,87493.39517999999,87001.4714513889,87018.87522643419,,SL,-1.378709464828135,0.24194039353871968,-1.2573141426542347,False,-2.5146282853084694,TURTLE20,4,
BTC,15m,20bar,1742909400000,1742910300000,1,87699.5364,87220.60506023372,87186.80232086801,,TRAIL,-1.2173133111388463,0.2188100647483576,-1.1387646119229722,False,-2.2775292238459444,TURTLE20,2,
BTC,15m,20bar,1742913900000,1742940900000,1,88181.03267999999,87506.70269532144,87480.36426555742,,TRAIL,-1.1625230786003347,0.15716035539094778,-1.1128553961207104,False,-2.2257107922414208,TURTLE20,31,
BTC,15m,20bar,1742960700000,1742967000000,-1,87090.0785,87574.45448286567,87556.94309424682,,SL,-1.2889636399593687,0.229272809430598,-1.2619819748933794,False,-2.5239639497867583,TURTLE20,8,
BTC,15m,20bar,1742972400000,1742991300000,1,87891.37476,87664.4503054233,87475.74945340294,,TRAIL,-0.7959004904907255,0.2523189602047058,-0.7994170334244497,False,-1.5988340668488994,TURTLE20,22,
BTC,15m,20bar,1742995800000,1742995800000,-1,87460.20446,87867.77543409479,87850.20539301618,,SL,-1.2880736204619663,0.2642545369106548,-1.314785987986301,False,-2.629571975972602,TURTLE20,1,
BTC,15m,20bar,1742997600000,1743018300000,-1,86803.53581999999,86714.34661329088,87391.2230669374,,TRAIL,-0.024220303286555,0.1689903560786997,-0.025390244264486835,False,-0.050780488528973676,TURTLE20,24,
BTC,15m,20bar,1743021000000,1743080400000,1,87193.53522,86602.17081328375,86451.58333411242,,TRAIL,-0.8939269927007195,0.1340005727633211,-0.9375834788856302,False,-1.8751669577712606,TURTLE20,67,
BTC,15m,20bar,1743082200000,1743083100000,-1,86276.7412,86448.50815004644,86750.39438752279,,TRAIL,-0.5439735944552292,0.20469990938919425,-0.5814425130269307,False,-1.1628850260538615,TURTLE20,2,
BTC,15m,20bar,1743111900000,1743118200000,1,87625.72163999999,87098.98089197598,87116.40417281054,,SL,-1.146642006188242,0.1903303671991133,-1.2400430188039473,False,-2.4800860376078946,TURTLE20,8,
BTC,15m,20bar,1743131700000,1743165000000,-1,86807.73498000001,85402.2288161124,87258.67929693207,,TRAIL,2.603949575952926,0.20661936058797264,2.887674013654585,False,5.77534802730917,TURTLE20,38,
BTC,15m,20bar,1743171300000,1743208200000,-1,84347.22718,84556.91345775807,85046.7575503836,,TRAIL,-0.42409470098501123,0.13818275298891433,-0.44462510179532533,False,-0.8892502035906507,TURTLE20,42,
BTC,15m,20bar,1743241500000,1743253200000,-1,83438.10904000001,82515.66680261887,83819.61070388746,,TRAIL,2.039033720743603,0.24673546727428267,2.1569236775814553,False,4.313847355162911,TURTLE20,14,
BTC,15m,20bar,1743268500000,1743269400000,-1,81801.03652,82309.86993090519,82294.54529760382,,TRAIL,-1.2135005037678706,0.19675483202581306,-1.2305757918317486,False,-2.461151583663497,TURTLE20,2,
BTC,15m,20bar,1743278400000,1743341400000,1,82666.53,82579.80742158894,82092.76639484247,,TRAIL,-0.31159207950603035,0.1662108282188936,-0.3239494091176833,False,-0.6478988182353665,TURTLE20,71,
BTC,15m,20bar,1743353100000,1743357600000,-1,82408.81494000001,82636.80067857339,82852.1773319494,,TRAIL,-0.7048433125735162,0.21344336776506498,-0.7375752068340709,False,-1.4751504136681417,TURTLE20,6,
BTC,15m,20bar,1743372900000,1743373800000,-1,81788.23908000001,82288.26330223365,82271.80894044557,,SL,-1.1652397852308407,0.19167720576638408,-1.2376084049398006,False,-2.4752168098796012,TURTLE20,2,
BTC,15m,20bar,1743381900000,1743382800000,-1,81267.84318000001,81928.62575982978,81912.24331116755,,SL,-1.081089814815802,0.13952545127533486,-1.1773747777162158,False,-2.3547495554324316,TURTLE20,2,
BTC,15m,20bar,1743425100000,1743427800000,1,82428.68243999999,82194.42485628228,81857.14617539608,,TRAIL,-0.522443854859134,0.15495172831263512,-0.5826952176451698,False,-1.1653904352903397,TURTLE20,4,
BTC,15m,20bar,1743430500000,1743443100000,1,83273.45136,82540.81131052731,82374.7535064249,,TRAIL,-0.8205101741607042,0.09809946807647152,-0.9259269995635664,False,-1.851853999127133,TURTLE20,15,
BTC,15m,20bar,1743451200000,1743477300000,-1,82384.91971999999,83165.73869150344,83149.1088697295,,SL,-1.001716520760572,0.11305001345639473,-1.1517428202977034,False,-2.3034856405954063,TURTLE20,30,
BTC,15m,20bar,1743485400000,1743487200000,1,83238.6444,82801.48149351652,82818.04510253703,,SL,-1.0844307499889962,0.20126309796879524,-1.2762431731518662,False,-2.5524863463037324,TURTLE20,3,
BTC,15m,20bar,1743489900000,1743507000000,1,83302.75722,83840.32448073346,82882.07036606228,,TRAIL,0.860679046525981,0.19738760121733545,1.0394463426179248,False,2.07889268523585,TURTLE20,20,
BTC,15m,20bar,1743516900000,1743517800000,-1,82747.54718000001,83396.73574473594,83380.05973278938,,SL,-1.0007264221868888,0.13321177282602795,-1.1839688100864394,False,-2.367937620172879,TURTLE20,2,
BTC,15m,20bar,1743520500000,1743570900000,1,84871.971,84250.88168640394,84010.28885366488,,TRAIL,-0.6919842470884292,0.09717935665028646,-0.8385493749419008,False,-1.6770987498838021,TURTLE20,57,
BTC,15m,20bar,1743572700000,1743581700000,-1,84140.36856,84538.2348896847,84582.96710495686,,TRAIL,-0.9149066292824639,0.1855340045872077,-1.1275985821488725,False,-2.255197164297745,TURTLE20,11,
BTC,15m,20bar,1743585300000,1743591600000,1,85290.35466,84708.4732131041,84725.41829676344,,SL,-0.9600564587068345,0.14319029233808234,-1.2105447411842267,False,-2.4210894823684534,TURTLE20,8,
BTC,15m,20bar,1743606900000,1743624000000,1,86192.83512,86072.4737522782,85337.19181930297,,TRAIL,-0.20234152692246127,0.09348204755943221,-0.26146473987808544,False,-0.5229294797561709,TURTLE20,20,
BTC,15m,20bar,1743625800000,1743723900000,-1,85800.23651999999,83294.10514746225,87237.11552506615,,TRAIL,1.2883415922946184,0.05435694082197569,1.6735401930565075,False,3.3470803861130145,TURTLE20,110,
BTC,15m,20bar,1743726600000,1743731100000,1,83302.45716,82674.16542147075,82690.70356218319,,SL,-0.9466184866564555,0.12951340865199207,-1.1898217103679163,False,-2.3796434207358326,TURTLE20,6,
BTC,15m,20bar,1743750900000,1743760800000,1,83517.80022,84003.20016274504,83036.44007627365,,TRAIL,0.6210076970463044,0.1621749834245424,0.7995829059212262,False,1.5991658118424525,TURTLE20,12,
BTC,15m,20bar,1743764400000,1743769800000,-1,82522.69216,82776.40997683413,83311.37306242136,,TRAIL,-0.3530779597042489,0.09923024065523467,-0.4474525464389819,False,-0.8949050928779638,TURTLE20,7,
BTC,15m,20bar,1743788700000,1743858900000,1,84144.32549999999,82759.4023791468,82775.95757066093,,SL,-0.8487157984059707,0.0572313521182604,-1.0852822005978866,False,-2.170564401195773,TURTLE20,79,
BTC,15m,20bar,1743860700000,1743876000000,-1,82580.38062,82915.65501685815,82973.41879785161,,TRAIL,-0.8458944496797733,0.1932828237162195,-1.10567380658967,False,-2.2113476131793397,TURTLE20,18,
BTC,15m,20bar,1743888600000,1743908400000,1,83174.23152,83199.57772830699,82818.307664464,,TRAIL,-0.15654852289944002,0.20982475690679883,-0.20925283900913513,False,-0.41850567801827027,TURTLE20,23,
BTC,15m,20bar,1743922800000,1743950700000,-1,83063.78392,82623.6368933418,83371.99924476915,,TRAIL,0.8236035867718572,0.24029393740950722,1.1055082171057238,False,2.2110164342114476,TURTLE20,32,
BTC,15m,20bar,1743957900000,1743966000000,-1,82042.78816,79307.18591959157,82502.51463235328,,TRAIL,4.370787073156534,0.1603520806235987,5.739918004836584,False,11.479836009673168,TURTLE20,10,
BTC,15m,20bar,1743980400000,1743987600000,-1,77984.30002,78803.06233223081,79130.27402685487,,TRAIL,-0.6761883288326055,0.06968476182271525,-0.796557970932888,False,-1.593115941865776,TURTLE20,9,
BTC,15m,20bar,1744001100000,1744013700000,-1,76710.6548,76329.83933500644,77965.32142962572,,TRAIL,0.19241192610394803,0.06113712692324774,0.23033303165062197,False,0.4606660633012439,TURTLE20,15,
BTC,15m,20bar,1744034400000,1744036200000,1,78323.56158,78076.48158,76694.93524257377,,TRAIL,-0.17567213339489648,0.048354676448405604,-0.2093298002504125,False,-0.41865960050082496,TURTLE20,3,
BTC,15m,20bar,1744065000000,1744099200000,1,79771.25106,79021.67929912661,78576.93677589679,,TRAIL,-0.5911660577478632,0.06666740815422545,-0.7073912874811175,False,-1.414782574962235,TURTLE20,39,
BTC,15m,20bar,1744101000000,1744111800000,-1,78902.81628000001,79605.75562210273,79589.83765457182,,SL,-0.9570143163043614,0.11405001252848321,-1.1616006645228074,False,-2.3232013290456153,TURTLE20,13,
BTC,15m,20bar,1744113600000,1744119000000,1,79959.58872,79334.68577006197,79305.96194160964,,TRAIL,-0.887043260608991,0.11767239159783885,-1.1022796777181247,False,-2.2045593554362495,TURTLE20,7,
BTC,15m,20bar,1744124400000,1744137000000,-1,78409.21501999999,77904.81329956345,79352.64993025496,,TRAIL,0.3425253204720089,0.07823640227228115,0.43523225500933294,False,0.870464510018666,TURTLE20,15,
BTC,15m,20bar,1744141500000,1744163100000,-1,76412.01454,76240.1830031316,77538.48121195027,,TRAIL,0.05654697581699311,0.06454633574925275,0.07123177306577086,False,0.14246354613154172,TURTLE20,25,
BTC,15m,20bar,1744179300000,1744196400000,1,77222.74146,76210.7990913847,76106.5477994032,,TRAIL,-0.7862929869899986,0.0655670893908853,-0.9890779099711472,False,-1.9781558199422944,TURTLE20,20,
BTC,15m,20bar,1744218900000,1744254000000,1,78455.28792,81871.8248949148,77319.86257061931,,TRAIL,2.278771780357156,0.06602013453264263,2.9243144069637794,False,5.848628813927559,TURTLE20,40,
BTC,15m,20bar,1744255800000,1744264800000,-1,81638.56902,82338.68445814546,82322.22001414264,,SL,-0.9633929185878022,0.1187031964682416,-1.167996239417064,False,-2.335992478834128,TURTLE20,11,
BTC,15m,20bar,1744292700000,1744295400000,-1,80841.92838000001,81662.26557114266,81645.93638386589,,SL,-0.9196085835851059,0.09769042485485038,-1.1415803115144727,False,-2.2831606230289454,TURTLE20,4,
BTC,15m,20bar,1744299000000,1744309800000,-1,80186.9594,79825.08717473637,81117.85674973101,,TRAIL,0.22481502217546248,0.08118356044268507,0.28560076725496464,False,0.5712015345099294,TURTLE20,13,
BTC,15m,20bar,1744333200000,1744335000000,-1,78984.2,79659.3019270294,79643.37325237892,,SL,-0.9251095581100187,0.1143177211078564,-1.1685668758641103,False,-2.3371337517282207,TURTLE20,3,
BTC,15m,20bar,1744336800000,1744372800000,1,80399.0766,81877.72693905738,79683.07060090765,,TRAIL,1.49154191835331,0.10513809317952613,1.929151792980714,False,3.8583035859614285,TURTLE20,41,
BTC,15m,20bar,1744381800000,1744385400000,-1,81415.61361999999,82442.65960958485,82426.17437470991,,SL,-0.8942103680532306,0.07812094405153011,-1.1136004918829803,False,-2.2272009837659605,TURTLE20,5,
BTC,15m,20bar,1744393500000,1744425900000,1,83952.38712,82928.75710732973,82945.34617656504,,SL,-0.8761011971982703,0.07806200940678572,-1.1159016984687746,False,-2.2318033969375493,TURTLE20,37,
BTC,15m,20bar,1744438500000,1744453800000,1,83526.50196,83327.00174179654,83075.8588333246,,TRAIL,-0.5103320645584097,0.170521745372063,-0.6648549654688226,False,-1.3297099309376454,TURTLE20,18,
BTC,15m,20bar,1744465500000,1744476300000,1,84177.8322,84571.22556375826,83633.08540069015,,TRAIL,0.40617624770647626,0.14077004981272684,0.5362930621531203,False,1.0725861243062405,TURTLE20,13,
BTC,15m,20bar,1744490700000,1744499700000,1,85802.05698,85204.30699621915,85221.35126647244,,SL,-0.9232240605383828,0.13525494334974342,-1.2060391104337762,False,-2.4120782208675524,TURTLE20,11,
BTC,15m,20bar,1744511400000,1744513200000,-1,84823.032,85503.52766738544,85486.43038130918,,SL,-0.8813695844608396,0.11508030634720348,-1.1798213942597764,False,-2.3596427885195532,TURTLE20,3,
BTC,15m,20bar,1744520400000,1744563600000,-1,84618.97282,84503.1571066996,85293.01122183847,,TRAIL,0.01552063237222337,0.1098090669362265,0.021278365305690158,False,0.04255673061138031,TURTLE20,49,
BTC,15m,20bar,1744565400000,1744572600000,1,84741.84498,84096.79236783947,84113.61509085764,,SL,-0.8669284349528735,0.11766855703453219,-1.1880297443156154,False,-2.3760594886312303,TURTLE20,9,
BTC,15m,20bar,1744590600000,1744638300000,1,84779.85257999999,84076.498289938,83807.13604447953,,TRAIL,-0.5893085657842151,0.07419841339491727,-0.827238019710871,False,-1.6544760394217422,TURTLE20,54,
BTC,15m,20bar,1744641900000,1744642800000,1,85507.99818,84689.2860248061,84706.22727026015,,SL,-0.8046301073902433,0.08923196304378095,-1.1484958041388236,False,-2.296991608277647,TURTLE20,2,
BTC,15m,20bar,1744681500000,1744725600000,1,85006.69794,85565.78341999999,84433.02051731813,,TRAIL,0.5449767627557722,0.12211450731624895,0.7961651846934755,False,1.592330369386951,TURTLE20,50,
BTC,15m,20bar,1744727400000,1744805700000,-1,84902.31614000001,84189.49419996305,85678.53397739724,,TRAIL,0.5477141933867249,0.09089205663801547,0.7876227836801337,False,1.5752455673602677,TURTLE20,88,
BTC,15m,20bar,1744813800000,1744824600000,1,84328.46232,84540.52632204986,83709.96385144915,,TRAIL,0.12647355538029895,0.11571405950789698,0.17905074061718637,False,0.35810148123437274,TURTLE20,13,
BTC,15m,20bar,1744826400000,1744826400000,-1,83203.25602,84129.32905954223,84112.50655823058,,SL,-0.8002760741549652,0.07827521094666176,-1.128921619983285,False,-2.25784323996657,TURTLE20,1,
BTC,15m,20bar,1744860600000,1744866900000,-1,83734.14981999999,84238.4943142116,84221.64998421476,,SL,-0.8600634677432993,0.1432428665034129,-1.2412879525216658,False,-2.4825759050433316,TURTLE20,8,
BTC,15m,20bar,1744871400000,1744879500000,1,84584.81357999999,84439.73224490123,84171.68001621938,,TRAIL,-0.4031435247744306,0.16586346360322424,-0.5966498106278382,False,-1.1932996212556766,TURTLE20,10,
BTC,15m,20bar,1744899300000,1744902000000,-1,84140.46854,84410.1618916478,84597.49927223587,,TRAIL,-0.5416873471870391,0.14772799554360272,-0.8113759179665359,False,-1.6227518359330717,TURTLE20,4,
BTC,15m,20bar,1744907400000,1744918200000,1,84922.38107999999,84596.91632152282,84350.49278477237,,TRAIL,-0.4905883461660985,0.11681011034756594,-0.746957649741831,False,-1.493915299483662,TURTLE20,13,
BTC,15m,20bar,1744949700000,1745028000000,-1,84588.77886,84712.37499819732,84912.47138255529,,TRAIL,-0.45006510343896033,0.20303121191516801,-0.695650392955163,False,-1.391300785910326,TURTLE20,88,
BTC,15m,20bar,1745032500000,1745077500000,1,84815.9598,85241.04838000001,84560.36182976901,,TRAIL,0.8063391786685794,0.25467594103371943,1.263916042838943,False,2.5278320856778858,TURTLE20,51,
BTC,15m,20bar,1745081100000,1745083800000,-1,84972.90202,85185.22949711539,85299.63389918147,,TRAIL,-0.6294528686003384,0.2043872300041793,-0.9623253072621997,False,-1.9246506145243993,TURTLE20,4,
BTC,15m,20bar,1745128800000,1745146800000,-1,85012.59408000001,84163.1505935613,85184.77385668638,,TRAIL,2.7866643104212874,0.3781885543094607,4.343936634305896,False,8.687873268611792,TURTLE20,21,
BTC,15m,20bar,1745180100000,1745186400000,1,84888.57432,84789.2388707293,84607.65155384908,,TRAIL,-0.49922737188865385,0.2526804475654599,-0.7160051139360858,False,-1.4320102278721716,TURTLE20,8,
BTC,15m,20bar,1745194500000,1745209800000,1,85321.86096,87096.28943379235,84938.92583910856,,TRAIL,2.9989110791554277,0.1856637838419269,4.363604935651154,False,8.727209871302309,TURTLE20,18,
BTC,15m,20bar,1745231400000,1745236800000,-1,87320.13248000001,87313.82242307639,87717.62839854416,,TRAIL,-0.1851096525976778,0.1969716277820437,-0.2477266090652515,False,-0.495453218130503,TURTLE20,7,
BTC,15m,20bar,1745245800000,1745253000000,1,88420.38054,87664.64063258693,87682.17706800053,,SL,-0.867607983872487,0.10641354579568346,-1.16687465284263,False,-2.33374930568526,TURTLE20,9,
BTC,15m,20bar,1745280000000,1745288100000,1,87552.40697999999,88136.7726674078,87044.37442588469,,TRAIL,0.6846119277036935,0.1506775578939976,0.9427588364951192,False,1.8855176729902383,TURTLE20,10,
BTC,15m,20bar,1745309700000,1745335800000,1,88596.81582,90741.87810894511,88130.74270066075,,TRAIL,3.2343807523221813,0.17081558916037587,4.371543837319292,False,8.743087674638584,TURTLE20,30,
BTC,15m,20bar,1745359200000,1745415900000,1,93099.51617999999,93213.24637243147,92082.70802635456,,TRAIL,0.0015370492254919987,0.08845304783253931,0.001910424196600662,False,0.003820848393201324,TURTLE20,64,
BTC,15m,20bar,1745421300000,1745423100000,-1,92651.26604,93247.27753528515,93525.44570837439,,TRAIL,-0.6512254657764752,0.10265996124680811,-0.8093881006704924,False,-1.6187762013409848,TURTLE20,3,
BTC,15m,20bar,1745466300000,1745486100000,-1,92855.92510000001,92515.20961070924,93427.21766440118,,TRAIL,0.3179781582413781,0.15410671663530623,0.4017080262630399,False,0.8034160525260798,TURTLE20,23,
BTC,15m,20bar,1745511300000,1745514900000,1,93462.58877999999,92833.82484529456,92852.39532435943,,SL,-0.9683760771389882,0.1461673016016242,-1.2136180354527553,False,-2.427236070905511,TURTLE20,5,
BTC,15m,20bar,1745537400000,1745543700000,1,93696.2355,93728.31237649302,93227.1829008057,,TRAIL,-0.13341525418125333,0.18665808801884787,-0.17136212947319088,False,-0.3427242589463817,TURTLE20,8,
BTC,15m,20bar,1745550000000,1745562600000,-1,92959.80432,93602.025437813,93583.30877605779,,SL,-0.9384746661774299,0.13929455167314259,-1.2095474352115838,False,-2.4190948704231676,TURTLE20,15,
BTC,15m,20bar,1745579700000,1745585100000,1,94065.10926,94341.22219294695,93608.8808404211,,TRAIL,0.2706162806067779,0.1875983003762925,0.3574287069308429,False,0.7148574138616857,TURTLE20,7,
BTC,15m,20bar,1745590500000,1745603100000,1,95339.96418,94606.85236703574,94548.85767202983,,TRAIL,-0.8164835775347983,0.10985158952733806,-1.0707532985235222,False,-2.1415065970470444,TURTLE20,15,
BTC,15m,20bar,1745658000000,1745704800000,-1,94313.6335,94479.44920205662,94695.26188614691,,TRAIL,-0.5457108362004133,0.22148953720198733,-0.7313175901187731,False,-1.4626351802375461,TURTLE20,53,
BTC,15m,20bar,1745706600000,1745716500000,1,94657.4277,94819.17093793447,94351.92565557382,,TRAIL,0.11566515822230711,0.2736214949762015,0.1573059153891016,False,0.3146118307782032,TURTLE20,12,
BTC,15m,20bar,1745730000000,1745743500000,-1,94011.89386,94327.17163268945,94440.01486580078,,TRAIL,-0.7378773593775382,0.1946914248270504,-1.000374207717224,False,-2.000748415434448,TURTLE20,16,
BTC,15m,20bar,1745756100000,1745761500000,-1,93822.03184000001,94078.02340325085,94133.17730575099,,TRAIL,-0.8566261643214517,0.2619142571535088,-1.1850778397390407,False,-2.370155679478082,TURTLE20,7,
BTC,15m,20bar,1745779500000,1745791200000,1,94373.67096,94006.04496842374,94024.43441893274,,TRAIL,-0.9712695551448809,0.2283982461098994,-1.3762987677762768,False,-2.7525975355525536,TURTLE20,14,
BTC,15m,20bar,1745793000000,1745806500000,-1,93770.94206,93316.54858644011,94137.32810722444,,TRAIL,0.6408719036401123,0.2102626523744498,0.9338264428023625,False,1.8676528856047252,TURTLE20,16,
BTC,15m,20bar,1745814600000,1745847000000,1,94157.52773999999,94870.94788505802,93678.98263027072,,TRAIL,0.8765404187851752,0.16569025425395323,1.253806689242829,False,2.5076133784856585,TURTLE20,37,
BTC,15m,20bar,1745848800000,1745849700000,-1,93958.80448,94664.87661542169,94645.9474259365,,SL,-0.8544072132124655,0.11803148213628531,-1.1922502427240902,False,-2.3845004854481804,TURTLE20,2,
BTC,15m,20bar,1745854200000,1745866800000,-1,93717.2528,94540.01218429404,94521.1079627015,,SL,-0.814294442007354,0.09829727027804562,-1.1640327595085433,False,-2.328065519017087,TURTLE20,15,
BTC,15m,20bar,1745869500000,1745901900000,1,94897.87577999999,94384.73216371874,94224.28301258216,,TRAIL,-0.6357076981103666,0.11519950238204377,-0.9304036672631383,False,-1.8608073345262766,TURTLE20,37,
BTC,15m,20bar,1745903700000,1745907300000,-1,94190.45814,94730.51356356093,94711.57124931108,,SL,-0.840777326163658,0.1458572296435127,-1.2538698315359682,False,-2.507739663071936,TURTLE20,5,
BTC,15m,20bar,1745913600000,1745932500000,1,94912.07862,94605.44637801923,94480.57317101343,,TRAIL,-0.6368189254840656,0.17227133517921048,-0.9741308202869686,False,-1.9482616405739366,TURTLE20,22,
BTC,15m,20bar,1745945100000,1745945100000,1,95447.08559999999,94893.68617617329,94912.66870991526,,SL,-0.8007420882818914,0.13697990985645878,-1.249219287935619,False,-2.4984385758712384,TURTLE20,1,
BTC,15m,20bar,1745962200000,1745973000000,-1,94532.98962,94457.83378919896,95029.32100053263,,TRAIL,-0.048150024594553975,0.1427860498749377,-0.07704260650103331,False,-0.15408521300206662,TURTLE20,13,
BTC,15m,20bar,1745985600000,1745999100000,1,95015.69933999999,94522.34537812635,94541.25362885212,,SL,-0.7984596044925942,0.1495742960737011,-1.2795495342043546,False,-2.559099068408709,TURTLE20,16,
BTC,15m,20bar,1746012600000,1746016200000,1,95096.0154,94767.48211451322,94786.43940239369,,SL,-0.869031290093654,0.22374976255707002,-1.4292173405450892,False,-2.8584346810901784,TURTLE20,5,
BTC,15m,20bar,1746018900000,1746022500000,-1,94224.6513,93551.7437779854,94675.25260874478,,TRAIL,0.734387379825614,0.14768691992172406,1.2433201459810428,False,2.4866402919620856,TURTLE20,5,
BTC,15m,20bar,1746044100000,1746054000000,1,94610.71836,93941.40656611643,93960.1986058376,,SL,-0.7281179694116218,0.10527655937942065,-1.2027967849288606,False,-2.405593569857721,TURTLE20,12,
BTC,15m,20bar,1746066600000,1746106200000,1,94895.27526,96090.0040010522,94462.87269426046,,TRAIL,1.4757922627384117,0.15656594364266746,2.497990666748762,False,4.995981333497523,TURTLE20,45,
BTC,15m,20bar,1746111600000,1746124200000,1,96832.26258,96443.37004759023,96184.64146841483,,TRAIL,-0.4835654501460456,0.11107452145429192,-0.7795575267004434,False,-1.5591150534008869,TURTLE20,15,
BTC,15m,20bar,1746141300000,1746144900000,-1,96292.83758,96825.4289610312,96806.0677474817,,SL,-0.7715342100180981,0.13786214539106356,-1.2634922536561992,False,-2.5269845073123984,TURTLE20,5,
BTC,15m,20bar,1746157500000,1746164700000,1,97220.24016,96741.07335321428,96760.42543830193,,SL,-0.7708993725127188,0.15064353591691082,-1.2951816607661935,False,-2.590363321532387,TURTLE20,9,
BTC,15m,20bar,1746170100000,1746183600000,-1,96509.39426,96946.7064154903,96927.32095130005,,SL,-0.767709374784747,0.16102840856972317,-1.3241217357382824,False,-2.6482434714765652,TURTLE20,16,
BTC,15m,20bar,1746190800000,1746190800000,1,97203.33678,96783.5931343151,96802.95372506011,,SL,-0.7558086241129967,0.16408192879579475,-1.3390571779167213,False,-2.6781143558334426,TURTLE20,1,
BTC,15m,20bar,1746197100000,1746205200000,1,97391.77446,97042.87358737378,96821.51779452774,,TRAIL,-0.448466570340925,0.11237708812980984,-0.8164072244014798,False,-1.63281444880296,TURTLE20,10,
BTC,15m,20bar,1746215100000,1746411300000,-1,96866.82276,94285.93998187018,97424.1689781629,,TRAIL,2.3909756489158243,0.11119371823436885,4.424881770282073,False,8.849763540564146,TURTLE20,219,
BTC,15m,20bar,1746441900000,1746450000000,-1,94122.07182,94363.03281618423,94467.71200039392,,TRAIL,-0.6024817180486437,0.1924442919486693,-1.0243370969268009,False,-2.0486741938536017,TURTLE20,10,
BTC,15m,20bar,1746468900000,1746476100000,1,94636.52352,94095.48300364372,94114.30586481668,,SL,-0.7218105068278208,0.12492706809908324,-1.2528870170825106,False,-2.505774034165021,TURTLE20,9,
BTC,15m,20bar,1746485100000,1746489600000,1,95154.72713999999,94640.16792173365,94659.09974168199,,SL,-0.712190281403134,0.129053758523146,-1.2679608864160699,False,-2.5359217728321397,TURTLE20,6,
BTC,15m,20bar,1746498600000,1746504900000,-1,94056.88486,94534.26756833574,94515.36449543665,,SL,-0.7051185227405703,0.13510993361187587,-1.288034089519192,False,-2.576068179038384,TURTLE20,8,
BTC,15m,20bar,1746520200000,1746521100000,-1,93974.2014,94313.89980043682,94295.04079227836,,SL,-0.7524812050599263,0.18779622580093586,-1.4108967665802226,False,-2.821793533160445,TURTLE20,2,
BTC,15m,20bar,1746529200000,1746540000000,-1,93883.31958000001,93861.58499342366,94214.53094456774,,TRAIL,-0.1422613683538654,0.17627205905967513,-0.2744844105405565,False,-0.5489688210811131,TURTLE20,13,
BTC,15m,20bar,1746548100000,1746549900000,1,94764.24906,94182.66103290634,94201.50133317297,,SL,-0.6365349529887302,0.10383789698994272,-1.2349337723100502,False,-2.4698675446201,TURTLE20,3,
BTC,15m,20bar,1746556200000,1746583200000,1,94894.37508,96925.99487949269,94360.85770205013,,TRAIL,1.8058592811176144,0.10844631701492694,3.5922495812256496,False,7.184499162451299,TURTLE20,31,
BTC,15m,20bar,1746604800000,1746629100000,1,96962.58864,96866.7837389189,96561.94917553822,,TRAIL,-0.28526040645936024,0.1564107141394298,-0.5294099641267255,False,-1.058819928253451,TURTLE20,28,
BTC,15m,20bar,1746635400000,1746642600000,-1,96524.6912,96691.99586462222,97047.69413339286,,TRAIL,-0.2887146161076357,0.1181729912093259,-0.5415546620811115,False,-1.0831093241622232,TURTLE20,9,
BTC,15m,20bar,1746653400000,1746739800000,1,97107.91769999999,103154.82787904791,96382.54796949102,,TRAIL,4.308779732751991,0.08735523085476539,8.170664259097052,False,16.341328518194103,TURTLE20,97,
BTC,15m,20bar,1746762300000,1746771300000,-1,102351.0257,103037.47564424602,103016.87226979206,,SL,-0.7460566832323164,0.11354922029545311,-1.2160204494338902,False,-2.43204089886778,TURTLE20,11,
BTC,15m,20bar,1746774000000,1746777600000,1,103209.73782000001,103607.16993929705,102734.7065116696,,TRAIL,0.3444468844368628,0.15636992368991176,0.5754188615528789,False,1.150837723105758,TURTLE20,5,
BTC,15m,20bar,1746799200000,1746800100000,1,103612.31832,102861.65481149816,102882.2312577497,,SL,-0.7252981945065142,0.10274236635607567,-1.1978679497280642,False,-2.3957358994561284,TURTLE20,2,
BTC,15m,20bar,1746845100000,1746863100000,1,103135.02287999999,103622.66192011845,102819.08677090515,,TRAIL,0.6801151566521513,0.23205454999505298,1.1508163162484388,False,2.3016326324968777,TURTLE20,21,
BTC,15m,20bar,1746891900000,1746913500000,-1,103282.93928,103557.22084294331,103631.07866501817,,TRAIL,-0.6918461778438514,0.21552217701622162,-1.1443280368760804,False,-2.288656073752161,TURTLE20,25,
BTC,15m,20bar,1746918900000,1746919800000,1,103918.17947999999,104365.1779186117,103531.93900044238,,TRAIL,0.49253876060490637,0.19114019572280233,0.8337510986455173,False,1.6675021972910344,TURTLE20,2,
BTC,15m,20bar,1746957600000,1746971100000,1,104324.26067999999,104107.62569795738,103846.6661056751,,TRAIL,-0.4296989188721268,0.15726865509188526,-0.7154480646108645,False,-1.4308961292217288,TURTLE20,16,
BTC,15m,20bar,1747003500000,1747008000000,-1,103554.68492,104186.8023918348,104165.9691979952,,SL,-0.732897525420247,0.12071416009265436,-1.2379876130690235,False,-2.4759752261380474,TURTLE20,6,
BTC,15m,20bar,1747012500000,1747013400000,1,104730.74196,104112.50793020298,104133.3345971224,,SL,-0.7185753689866151,0.12109875953501205,-1.2446113421663394,False,-2.4892226843326792,TURTLE20,2,
BTC,15m,20bar,1747034100000,1747035000000,1,105601.71612,104915.63349866819,104936.62082283276,,SL,-0.6876595883261096,0.10691692451698594,-1.2214686144423936,False,-2.4429372288847873,TURTLE20,2,
BTC,15m,20bar,1747051200000,1747056600000,-1,103742.54734,104388.09287186994,104367.21942798435,,SL,-0.6773725010821074,0.10979563540392978,-1.233325341113003,False,-2.4666506822260055,TURTLE20,7,
BTC,15m,20bar,1747060200000,1747080900000,-1,102948.80612,102100.8537585541,103845.45186899045,,TRAIL,0.4330856261476399,0.07350086580045864,0.808482688213215,False,1.61696537642643,TURTLE20,24,
BTC,15m,20bar,1747091700000,1747096200000,1,102886.0731,102197.42400808206,102217.86758159837,,SL,-0.6612326976142007,0.1002400266027568,-1.2147448170204025,False,-2.4294896340408054,TURTLE20,6,
BTC,15m,20bar,1747107000000,1747109700000,-1,101582.57942,102327.58390399175,102307.12247949585,,SL,-0.6357967690501454,0.08968375121465022,-1.1971001179552723,False,-2.3942002359105445,TURTLE20,4,
BTC,15m,20bar,1747121400000,1747144800000,1,102754.34676,103066.77418305851,102198.22999981539,,TRAIL,0.17612026399789335,0.11511679051833765,0.33973935694719815,False,0.6794787138943964,TURTLE20,27,
BTC,15m,20bar,1747152900000,1747181700000,1,104256.04703999999,103790.20606583409,103508.00963542525,,TRAIL,-0.4121213254280818,0.08709480675236023,-0.7896245861731936,False,-1.579249172346387,TURTLE20,33,
BTC,15m,20bar,1747188000000,1747216800000,-1,103699.25600000001,103617.3194143522,104196.82319620965,,TRAIL,-0.04382797684372959,0.12841762562993458,-0.0853218618996662,False,-0.1706437237993324,TURTLE20,33,
BTC,15m,20bar,1747223100000,1747230300000,1,104066.20907999999,103603.96841028512,103621.51572508313,,TRAIL,-0.67672230822148,0.1436858874888126,-1.3196571743662513,False,-2.639314348732503,TURTLE20,9,
BTC,15m,20bar,1747233000000,1747248300000,-1,103061.3836,103463.12783118738,103645.89290363336,,TRAIL,-0.4489992534949551,0.10584355529731447,-0.8993166315378217,False,-1.7986332630756436,TURTLE20,18,
BTC,15m,20bar,1747269000000,1747272600000,1,103717.33932,103350.60358036678,103371.27783593396,,SL,-0.6955974328215391,0.17601974178977525,-1.4187551287265954,False,-2.837510257453191,TURTLE20,5,
BTC,15m,20bar,1747274400000,1747298700000,-1,102992.8973,102293.59146373563,103381.77739933405,,TRAIL,0.7057597789185479,0.15088464967249968,1.481520766922096,False,2.963041533844192,TURTLE20,28,
BTC,15m,20bar,1747302300000,1747307700000,-1,101634.96894,102115.46387064579,102095.04486167346,,SL,-0.6425911985547705,0.13033192492538373,-1.310099403028465,False,-2.62019880605693,TURTLE20,7,
BTC,15m,20bar,1747312200000,1747316700000,1,102469.08972,101994.84992214592,101975.09292222334,,TRAIL,-0.5771518162934643,0.11861599299330047,-1.2083441923630336,False,-2.4166883847260676,TURTLE20,6,
BTC,15m,20bar,1747323900000,1747334700000,1,102914.17872000001,102973.09731883297,102154.69089150413,,TRAIL,-0.03965328775281483,0.07581146687733994,-0.08507544738183889,False,-0.17015089476367778,TURTLE20,13,
BTC,15m,20bar,1747359900000,1747383300000,1,104040.60396000001,103438.09728114134,103408.87033117129,,TRAIL,-0.5354663021909121,0.0916908818609739,-1.1507918312837937,False,-2.301583662567587,TURTLE20,27,
BTC,15m,20bar,1747404000000,1747404000000,1,103950.58596,103493.56731217372,103514.27016620696,,SL,-0.6058436848946906,0.12968042169444166,-1.3327162299914639,False,-2.6654324599829278,TURTLE20,1,
BTC,15m,20bar,1747406700000,1747407600000,-1,103323.23122,103862.71542280144,103841.94703339477,,SL,-0.5662327640517769,0.10604057127491967,-1.2796906391630631,False,-2.5593812783261267,TURTLE20,2,
BTC,15m,20bar,1747412100000,1747421100000,1,104272.25028,103663.66221832136,103684.39909814099,,SL,-0.5378655197938789,0.09150469810856729,-1.2475089475171173,False,-2.495017895034234,TURTLE20,11,
BTC,15m,20bar,1747433700000,1747449000000,-1,103425.21082,103270.80168910355,103868.48991896001,,TRAIL,0.02882252719820791,0.11761506060087393,0.06856069564813794,False,0.13712139129627585,TURTLE20,18,
BTC,15m,20bar,1747474200000,1747502100000,-1,102858.12426,103211.50601448712,103237.56025156718,,TRAIL,-0.5292406882085724,0.137176166977439,-1.2571910500149908,False,-2.5143821000299815,TURTLE20,32,
BTC,15m,20bar,1747515600000,1747519200000,1,103315.05888,102986.33280510298,103006.93419194137,,SL,-0.602686151118002,0.16486155990445323,-1.4685837501666652,False,-2.9371675003333313,TURTLE20,5,
BTC,15m,20day_equiv,1730142900000,1730643300000,1,69669.93119999999,67771.18643801006,65709.83493024315,,TRAIL,-10.005864997288977,0.41647811045699323,-0.5002932498644489,False,-1.0005864997288976,TURTLE20,557,
BTC,15m,20day_equiv,1730862900000,1731627000000,1,74105.21807999999,86644.08890651712,69572.0590899956,,TRAIL,54.34587263449673,0.4212714483828368,2.7447573027464407,False,5.489514605492881,TURTLE20,850,
BTC,15m,20day_equiv,1732041000000,1733436900000,1,93797.2557,94118.97606793129,86828.9313995885,,TRAIL,0.6263669104427904,0.3379551762390066,0.02998864861358368,False,0.05997729722716736,TURTLE20,1552,
BTC,15m,20day_equiv,1734305400000,1734632100000,1,104828.66154,96995.04633986882,97014.44922971475,,SL,-21.27509091948799,0.3238698616520572,-1.0179796899540257,False,-2.0359593799080513,TURTLE20,364,
BTC,15m,20day_equiv,1735570800000,1736138700000,-1,91771.74198,99519.86141869871,99499.96142641343,,SL,-20.83061051238557,0.3040651964737612,-1.0174263884790442,False,-2.034852776958089,TURTLE20,632,
BTC,15m,20day_equiv,1736454600000,1736947800000,-1,91176.761,98476.33727304648,98456.6459438577,,SL,-20.42498037333879,0.31351424138054473,-1.0183358925562729,False,-2.036671785112546,TURTLE20,549,
BTC,15m,20day_equiv,1737126000000,1737962100000,1,103375.57097999999,98261.76981864161,95553.29090605542,,TRAIL,-13.149205015020572,0.3038945965385701,-0.6692145405626999,False,-1.3384290811253998,TURTLE20,930,
BTC,15m,20day_equiv,1738547100000,1740933000000,-1,94033.68950000001,90920.43088045748,102527.6906468569,,TRAIL,6.852072055487659,0.25327078718461304,0.3534595881736152,False,0.7069191763472303,TURTLE20,2651,
BTC,15m,20day_equiv,1741633200000,1742428800000,-1,77562.9843,87330.5367193583,87313.07410453739,,SL,-19.755838353877856,0.19810146657372946,-1.0119382210590875,False,-2.023876442118175,TURTLE20,885,
BTC,15m,20day_equiv,1743961500000,1744464600000,-1,81031.2905,84368.30416387809,87642.79052021817,,TRAIL,-9.941385125724793,0.2871093954185808,-0.5197388505132323,False,-1.0394777010264649,TURTLE20,560,
BTC,15m,20day_equiv,1745326800000,1747917900000,1,89048.3061,111557.78398000001,82737.94075064616,,TIME,67.1592911457244,0.3610476771878258,3.5479901695778278,False,7.095980339155654,TURTLE20,2880,
BTC,15m,20day_equiv,1749156300000,1749419100000,-1,100797.23651999999,106430.76698410914,106409.48508709173,,SL,-20.798002098558555,0.44911717333778767,-1.0259465876072806,False,-2.0518931752145613,TURTLE20,293,
BTC,15m,20day_equiv,1750602600000,1750716000000,-1,99518.29235999999,104987.51770904189,104966.52440416106,,SL,-20.379754691959263,0.44719219774105556,-1.026374939568931,False,-2.052749879137862,TURTLE20,127,
BTC,15m,20day_equiv,1751472900000,1753416000000,1,109417.37909999999,115065.94528395725,103965.06423945857,,TRAIL,19.66804724094164,0.4804404535597264,1.0112908609205558,False,2.0225817218411115,TURTLE20,2160,
BTC,15m,20day_equiv,1754076600000,1754838000000,-1,113332.52896,118985.04742386115,118961.25517282658,,SL,-20.417053907226286,0.4913655037765995,-1.0289910702163878,False,-2.057982140432775,TURTLE20,847,
BTC,15m,20day_equiv,1754878500000,1755479700000,1,121319.7591,116663.63310870927,116070.95655127357,,TRAIL,-17.76779078758667,0.5286742798039289,-0.9142877793679574,False,-1.8285755587359145,TURTLE20,669,
BTC,15m,20day_equiv,1756152900000,1757637000000,-1,109965.5025,115910.17376783388,115886.99636856017,,SL,-19.58943692913344,0.43664153167514497,-1.026801143183989,False,-2.053602286367978,TURTLE20,1650,
BTC,15m,20day_equiv,1757702700000,1758686400000,1,116435.18238,111015.8348712237,111038.04247971965,,SL,-19.235718890857836,0.4724975226480223,-1.0294004272222843,False,-2.0588008544445686,TURTLE20,1094,
BTC,15m,20day_equiv,1758822300000,1759157100000,-1,109315.6325,114164.78705132917,114141.95865959725,,SL,-18.896652422492274,0.5084679167831503,-1.0325126479798084,False,-2.0650252959596167,TURTLE20,373,
BTC,15m,20day_equiv,1759361400000,1760110200000,1,118323.1599,118462.83993031752,113202.69417014175,,TRAIL,-0.008371453456909206,0.497307624126144,-0.0004670609485239473,False,-0.0009341218970478945,TURTLE20,833,
BTC,15m,20day_equiv,1762273800000,1764337500000,-1,102684.65896,92122.24560757352,110345.00981175766,,TRAIL,24.440216000063778,0.27348290720514645,1.3635836545644922,False,2.7271673091289848,TURTLE20,2294,
BTC,15m,20day_equiv,1765298700000,1765811700000,1,94218.23988,86920.62858977406,86938.01619301266,,SL,-18.731166579743988,0.27486962083793354,-1.0173169025761941,False,-2.0346338051523882,TURTLE20,571,
BTC,15m,20day_equiv,1767485700000,1768920300000,1,91381.2726,90359.24542148119,86358.48216655696,,TRAIL,-4.061871022181174,0.3915967561752408,-0.22518787202442872,False,-0.45037574404885744,TURTLE20,1595,
BTC,15m,20day_equiv,1769014800000,1770383700000,-1,87544.78754,67366.83755963773,92546.03168192216,,TRAIL,72.11317258568427,0.33371671649906476,4.016001305943673,False,8.032002611887346,TURTLE20,1522,
BTC,15m,20day_equiv,1772614800000,1774618200000,1,71007.89873999999,66114.2432476758,64435.363656781556,,TRAIL,-14.686368684892734,0.24282819414849455,-0.7570790744383812,False,-1.5141581488767626,TURTLE20,2227,
BTC,15m,20day_equiv,1775604600000,1778195700000,1,72759.44897999999,79893.81804,67702.74815146807,,TIME,26.608700724209065,0.3460485861604411,1.3927612762949808,False,2.7855225525899616,TURTLE20,2880,
BTC,15m,20day_equiv,1779479100000,1781471700000,-1,75767.14354,64851.72446322381,79598.01502035937,,TRAIL,55.52030229440961,0.4324901285121,2.827306478827166,False,5.654612957654333,TURTLE20,2215,
BTC,15m,20day_equiv,1782396000000,1783110600000,-1,58248.8479,62875.32377581254,62862.75122556743,,SL,-21.130912407293035,0.3267991942064171,-1.018476124711631,False,-2.036952249423262,TURTLE20,795,
BTC,15m,20day_equiv,1784043900000,1786635000000,1,64772.55192,63682.261,60814.40075302657,,TIME,-5.994369823960897,0.395766417905141,-0.2949265347651229,False,-0.5898530695302459,TURTLE20,2880,
BTC,15m,20day_equiv,1787151600000,1787462100000,1,65909.47926000001,75829.05498402445,63566.55998903732,,TRAIL,84.81190160181653,0.7334022939883439,4.197555043984535,False,8.39511008796907,TURTLE20,346,
BTC,15m,20day_equiv,1787582700000,1789482600000,1,79642.12524,75816.23070449202,75393.80706885703,,TRAIL,-20.20445353611813,0.4808596959358483,-0.9225226056974594,False,-1.845045211394919,TURTLE20,2110,
BTC,15m,20day_equiv,1789979400000,1790854200000,1,82222.74126,83859.5,77624.44034208075,,END,7.186041278383108,0.4658642429719669,0.3342776870591482,False,0.6685553741182964,TURTLE20,973,
ETH,5m,20bar,1727789400000,1727790300000,-1,2607.998296,2580.836064,2616.124246075763,,TRAIL,59.19044827934824,7.662613200851489,2.959522413967412,False,5.919044827934824,TURTLE20,4,
ETH,5m,20bar,1727793300000,1727795700000,-1,2560.03789,2509.25175,2579.0458729682205,,TRAIL,53.20984196774321,3.3897398846957083,2.5118165507526267,False,5.023633101505253,TURTLE20,9,
ETH,5m,20bar,1727803200000,1727803500000,-1,2468.2662480000004,2468.0544387124028,2496.081301561195,,TRAIL,-2.1995873702419124,2.3690040585702565,-0.09886672043897661,False,-0.19773344087795322,TURTLE20,2,
ETH,5m,20bar,1727813400000,1727815500000,-1,2473.635174,2440.157934,2493.1653737270867,,TRAIL,34.70858251797033,3.351914453630717,1.5631670214237123,False,3.126334042847424,TURTLE20,8,
ETH,5m,20bar,1727825400000,1727827500000,-1,2438.0422940000003,2454.405999535427,2453.9152164921284,,SL,-27.840876952160357,4.234690479231313,-1.2158551470983783,False,-2.4317102941967565,TURTLE20,8,
ETH,5m,20bar,1727829600000,1727848200000,1,2460.732048,2470.316370282122,2444.1024109967184,,TRAIL,8.901400061940866,3.974820429918293,0.3984268105097785,False,0.7968536210195569,TURTLE20,63,
ETH,5m,20bar,1727849400000,1727850600000,-1,2468.296242,2479.156819466498,2478.6610872490483,,SL,-30.045971014096295,6.449511952008921,-1.3342263170448738,False,-2.668452634089748,TURTLE20,5,
ETH,5m,20bar,1727860500000,1727864700000,-1,2472.10548,2458.663790485315,2481.3250730819286,,TRAIL,24.922617093360078,7.033387525029405,1.137059722618545,False,2.27411944523709,TURTLE20,15,
ETH,5m,20bar,1727867400000,1727867400000,-1,2438.852132,2453.8567858283154,2453.366112605794,,SL,-27.708867550799525,4.534090757985021,-1.2360688405392235,False,-2.472137681078447,TURTLE20,1,
ETH,5m,20bar,1727873700000,1727876700000,-1,2437.532396,2437.6351231838053,2452.1412694042315,,TRAIL,-4.5312628417337635,4.377527584098794,-0.20725949301735544,False,-0.4145189860347108,TURTLE20,11,
ETH,5m,20bar,1727885100000,1727887500000,1,2469.303762,2450.6370594772543,2451.1272849342413,,SL,-25.895246420592386,3.5359186536735896,-1.189376078621839,False,-2.378752157243678,TURTLE20,9,
ETH,5m,20bar,1727888700000,1727894400000,-1,2438.26225,2417.859206355938,2454.3361887089695,,TRAIL,23.125816761279452,3.8526866327716,1.0880575748674208,False,2.176115149734842,TURTLE20,20,
ETH,5m,20bar,1727895600000,1727917200000,-1,2385.632778,2381.3909020391175,2407.75149943432,,TRAIL,1.3565515633200973,2.808232946518905,0.062465715161794826,False,0.12493143032358965,TURTLE20,73,
ETH,5m,20bar,1727918700000,1727939700000,1,2385.456996,2373.9987682406363,2368.56939447055,,TRAIL,-18.43006487928736,3.676862534805448,-0.8475982331147717,False,-1.6951964662295433,TURTLE20,71,
ETH,5m,20bar,1727941500000,1727944500000,-1,2367.4964059999998,2341.7817448495844,2378.5498496378154,,TRAIL,44.26317548767885,5.464111498107091,2.0707659087887036,False,4.141531817577407,TURTLE20,11,
ETH,5m,20bar,1727946300000,1727947200000,-1,2321.005706,2339.851188913389,2339.3833122509386,,SL,-26.21464093660027,3.387377505121589,-1.1776287267680265,False,-2.355257453536053,TURTLE20,4,
ETH,5m,20bar,1727953200000,1727954400000,1,2365.683042,2351.460927283057,2351.9313135457664,,SL,-26.953343018635174,4.473603408852268,-1.2400187478442435,False,-2.480037495688487,TURTLE20,5,
ETH,5m,20bar,1727957100000,1727958600000,-1,2338.562194,2352.1148691802728,2351.6445402722184,,SL,-26.519389092719,4.560149252092948,-1.2510815015604961,False,-2.5021630031209923,TURTLE20,6,
ETH,5m,20bar,1727967300000,1727970600000,-1,2317.266454,2340.2144505988317,2339.746501298572,,SL,-23.666069940317726,2.569082236489562,-1.1451259332192976,False,-2.290251866438595,TURTLE20,12,
ETH,5m,20bar,1727985300000,1727987400000,1,2349.4998060000003,2338.0084103184217,2338.4761055395297,,SL,-26.202206637137742,5.152009744794908,-1.2975588970928054,False,-2.5951177941856107,TURTLE20,8,
ETH,5m,20bar,1727989500000,1727989800000,-1,2331.173672,2341.8047618602936,2341.336494561381,,SL,-26.00224595439905,5.426529857840656,-1.3219631494563542,False,-2.643926298912708,TURTLE20,2,
ETH,5m,20bar,1728003300000,1728004500000,-1,2336.592588,2347.5307684074337,2347.0613561362065,,SL,-25.14891068313819,5.14089290382233,-1.3133020277456002,False,-2.6266040554912005,TURTLE20,5,
ETH,5m,20bar,1728005100000,1728012600000,1,2361.602226,2358.033249477789,2349.736486971984,,TRAIL,-10.058459751437645,4.44999778769421,-0.5394318712374272,False,-1.0788637424748544,TURTLE20,26,
ETH,5m,20bar,1728016200000,1728017100000,1,2373.844674,2365.2685627073497,2365.5774949278466,,TRAIL,-25.478668823262577,6.344172277768571,-1.3813150936985839,False,-2.7626301873971677,TURTLE20,4,
ETH,5m,20bar,1728021000000,1728024900000,1,2379.335772,2372.326385781351,2371.3281347731595,,TRAIL,-22.085467483563995,6.385715926981263,-1.231372405366596,False,-2.4627448107331915,TURTLE20,14,
ETH,5m,20bar,1728030000000,1728031800000,1,2388.487602,2379.1069158853484,2379.582832451839,,SL,-24.048640916661924,5.619731765754748,-1.3746838432119273,False,-2.7493676864238545,TURTLE20,7,
ETH,5m,20bar,1728035700000,1728042300000,-1,2372.755354,2381.2881401210348,2380.8119777254897,,SL,-24.04186711035088,6.023396652021816,-1.4131493048988848,False,-2.826298609797769,TURTLE20,23,
ETH,5m,20bar,1728042900000,1728045000000,1,2382.936492,2375.940846310963,2376.4161295368704,,SL,-24.976767933911574,7.239572326137657,-1.5108013009593937,False,-3.0216026019187874,TURTLE20,8,
ETH,5m,20bar,1728051900000,1728054000000,-1,2358.818142,2371.8642078059647,2373.7084498893582,,TRAIL,-17.103031086646123,3.0561541199317626,-1.066766069169099,False,-2.133532138338198,TURTLE20,8,
ETH,5m,20bar,1728055500000,1728063300000,1,2392.5284100000003,2412.8035201497314,2376.255941080457,,TRAIL,16.76994581076193,2.7800909092761037,1.0687936217689522,False,2.1375872435379044,TURTLE20,27,
ETH,5m,20bar,1728068400000,1728073800000,1,2429.4157859999996,2418.061284752342,2418.544993751092,,SL,-21.026776843519393,4.287747655593346,-1.3120467362020156,False,-2.6240934724040312,TURTLE20,19,
ETH,5m,20bar,1728081300000,1728089700000,-1,2415.796744,2419.7328244479254,2422.6613539053765,,TRAIL,-15.543539603648707,6.595600543443917,-0.996035941334241,False,-1.9920718826684818,TURTLE20,29,
ETH,5m,20bar,1728096300000,1728097500000,-1,2408.46821,2396.6524772181147,2414.5558206140577,,TRAIL,22.442440310420924,7.24343900333286,1.4673508106655917,False,2.934701621331183,TURTLE20,5,
ETH,5m,20bar,1728103200000,1728114600000,1,2404.5108060000002,2413.1100020937924,2397.3911961213653,,TRAIL,12.62330700827446,6.391835651748986,0.8018169121971783,False,1.6036338243943566,TURTLE20,39,
ETH,5m,20bar,1728119400000,1728125400000,1,2419.693842,2416.154027160529,2414.3110020682548,,TRAIL,-19.1412732377874,8.622229688403369,-1.1966403687725073,False,-2.3932807375450147,TURTLE20,21,
ETH,5m,20bar,1728133200000,1728134700000,1,2420.18394,2415.426758680948,2415.9099406690816,,SL,-27.976853109046132,10.598759046731761,-1.7918925917602702,False,-3.5837851835205408,TURTLE20,6,
ETH,5m,20bar,1728135900000,1728139200000,-1,2409.587986,2410.2946559431266,2414.9087172438435,,TRAIL,-10.181204532624403,8.181884749618712,-0.676335519193246,False,-1.3526710383864922,TURTLE20,12,
ETH,5m,20bar,1728147600000,1728151200000,-1,2401.309642,2408.662588262315,2408.1809520719003,,SL,-22.127752589068002,6.237011853267855,-1.4900986119581567,False,-2.9801972239163135,TURTLE20,13,
ETH,5m,20bar,1728152100000,1728162600000,-1,2397.160472,2397.7050253374373,2404.0494807368996,,TRAIL,-7.155484077117573,6.016634479328074,-0.49665674213962896,False,-0.993313484279258,TURTLE20,36,
ETH,5m,20bar,1728163200000,1728173100000,1,2401.750254,2405.2407304120857,2394.5100561080008,,TRAIL,1.194459201373097,5.682263009594738,0.08373829424031864,False,0.1674765884806373,TURTLE20,34,
ETH,5m,20bar,1728177900000,1728182700000,1,2415.372978,2410.2527078682247,2409.3350072067733,,TRAIL,-18.967995580006278,6.851534004534477,-1.3275396350522481,False,-2.6550792701044967,TURTLE20,17,
ETH,5m,20bar,1728186900000,1728187500000,-1,2409.41802,2415.244580231866,2414.761627906285,,SL,-22.700569844135785,7.534784808256843,-1.6321103540826554,False,-3.2642207081653107,TURTLE20,3,
ETH,5m,20bar,1728189600000,1728190800000,-1,2408.538196,2414.692586526236,2414.2097445773206,,SL,-21.465504536558694,6.865339376483336,-1.5953894906118207,False,-3.190778981223641,TURTLE20,5,
ETH,5m,20bar,1728195000000,1728197100000,1,2416.1631359999997,2410.9624576222936,2411.444746571608,,SL,-22.352133109924548,7.995344225977642,-1.7160418521535865,False,-3.4320837043071735,TURTLE20,8,
ETH,5m,20bar,1728202800000,1728203700000,1,2418.313566,2417.388924600731,2414.0543804002473,,TRAIL,-11.299246920286599,8.568567427157035,-0.8983085625222929,False,-1.7966171250445855,TURTLE20,4,
ETH,5m,20bar,1728214800000,1728216000000,1,2427.1853399999995,2422.2985478169035,2422.783104437791,,SL,-21.8763992083935,8.164393001824616,-1.7710280164731378,False,-3.542056032946276,TURTLE20,5,
ETH,5m,20bar,1728219900000,1728219900000,1,2433.726648,2426.969936794875,2427.455427880451,,SL,-18.378215968932572,5.540974186582968,-1.5424636628283546,False,-3.0849273256567087,TURTLE20,1,
ETH,5m,20bar,1728223500000,1728224100000,-1,2423.485206,2430.35316871436,2429.8671952753048,,SL,-17.695967820067565,5.269388581452409,-1.532479187489925,False,-3.06495837497985,TURTLE20,3,
ETH,5m,20bar,1728225600000,1728227100000,1,2441.88828,2443.494528731313,2433.7755413743143,,TRAIL,-1.8281115275415432,4.044295702198185,-0.16332104546433227,False,-0.32664209092866453,TURTLE20,6,
ETH,5m,20bar,1728238200000,1728238500000,1,2446.0091039999998,2438.8403964380686,2439.3282620904865,,SL,-16.866048556598432,4.894528578293869,-1.511728222129138,False,-3.023456444258276,TURTLE20,2,
ETH,5m,20bar,1728241500000,1728243600000,1,2448.909684,2441.9470371432535,2442.435524248103,,SL,-16.539925346746138,4.904097606559931,-1.528717434958501,False,-3.057434869917002,TURTLE20,8,
ETH,5m,20bar,1728244500000,1728252300000,-1,2438.5022019999997,2423.454670519958,2445.3008929929038,,TRAIL,18.714107769395984,4.500470128368548,1.7842195459670196,False,3.56843909193404,TURTLE20,27,
ETH,5m,20bar,1728260400000,1728271800000,1,2449.529808,2497.2732097290905,2439.4896432232017,,TRAIL,48.44468334168069,3.2113178355935075,4.45962002754424,False,8.91924005508848,TURTLE20,39,
ETH,5m,20bar,1728277200000,1728288300000,-1,2485.982704,2487.1621495733757,2493.8310117644883,,TRAIL,-6.2765058351638965,4.4984117124154235,-0.5304751814598696,False,-1.0609503629197392,TURTLE20,38,
ETH,5m,20bar,1728292500000,1728297000000,-1,2472.265448,2445.9570248405907,2479.54261311206,,TRAIL,37.573749710730254,4.746984272246058,3.2096962644144873,False,6.419392528828974,TURTLE20,16,
ETH,5m,20bar,1728301200000,1728311100000,1,2459.101722,2501.8846744541693,2448.476365009842,,TRAIL,46.671345293387574,3.4899333501478624,3.7463551251189204,False,7.492710250237841,TURTLE20,32,
ETH,5m,20bar,1728317700000,1728320400000,-1,2461.077686,2478.5575324546285,2478.061920070614,,SL,-16.11878803737616,2.336794663308681,-1.2036826330056904,False,-2.407365266011381,TURTLE20,10,
ETH,5m,20bar,1728324600000,1728327900000,-1,2460.9377139999997,2434.3083795065204,2472.3631719069645,,TRAIL,27.099979788837683,3.359615668389096,2.073631274150808,False,4.147262548301616,TURTLE20,12,
ETH,5m,20bar,1728336600000,1728341400000,1,2449.309764,2438.2701263244367,2438.739568983731,,TRAIL,-17.991469559000667,3.7761341254674776,-1.3218474766314787,False,-2.6436949532629574,TURTLE20,17,
ETH,5m,20bar,1728342000000,1728342300000,-1,2412.497404,2420.7633086338906,2426.507436621852,,TRAIL,-10.560936901930692,2.742847746485377,-0.7969903684631988,False,-1.5939807369263976,TURTLE20,2,
ETH,5m,20bar,1728356400000,1728362400000,1,2443.008504,2432.007713721164,2432.4942125636767,,SL,-17.270749380726425,3.6275912306362317,-1.3244639540197825,False,-2.648927908039565,TURTLE20,21,
ETH,5m,20bar,1728364200000,1728369000000,-1,2428.0642900000003,2424.492150565894,2436.1209110841705,,TRAIL,1.0408809732498376,4.587548669071072,0.08199536292758386,False,0.16399072585516772,TURTLE20,17,
ETH,5m,20bar,1728370500000,1728371400000,1,2432.63643,2421.123109546129,2421.607431032335,,SL,-16.631080635135593,3.3575060833037718,-1.30796785999275,False,-2.6159357199855,TURTLE20,4,
ETH,5m,20bar,1728372000000,1728372600000,-1,2410.587786,2422.7915369303446,2422.3070755152416,,SL,-15.958630445299471,3.0641649423092354,-1.2887964329628414,False,-2.577592865925683,TURTLE20,3,
ETH,5m,20bar,1728381300000,1728391200000,1,2431.5262079999998,2425.122569024181,2422.3094920669373,,TRAIL,-12.195491979737536,3.8140105831701043,-1.0109488357570806,False,-2.0218976715141608,TURTLE20,34,
ETH,5m,20bar,1728393300000,1728393900000,-1,2420.585786,2430.012738166279,2429.526832799719,,SL,-16.30914997891072,3.8473118016254158,-1.3798508784414436,False,-2.7597017568828877,TURTLE20,3,
ETH,5m,20bar,1728401700000,1728402000000,-1,2399.709962,2417.033871825382,2416.5505617130393,,SL,-13.79555636244596,1.972389589544783,-1.2003109432038706,False,-2.400621886407741,TURTLE20,2,
ETH,5m,20bar,1728405600000,1728413100000,1,2440.53801,2428.5018755799515,2423.7064264327987,,TRAIL,-9.968463725284606,1.946982776309952,-0.8886601959748817,False,-1.7773203919497635,TURTLE20,26,
ETH,5m,20bar,1728422400000,1728424800000,1,2444.078718,2451.600554657885,2435.757702698017,,TRAIL,6.070342871405373,3.8894856256557677,0.5509458795488017,False,1.1018917590976034,TURTLE20,9,
ETH,5m,20bar,1728428700000,1728431100000,-1,2433.093284,2442.97943847019,2442.4909402821336,,SL,-15.186374099142324,3.4678909501468818,-1.3632971582531284,False,-2.7265943165062567,TURTLE20,9,
ETH,5m,20bar,1728434400000,1728435600000,-1,2426.9545120000002,2437.5582492457183,2437.0708350787027,,SL,-14.484056687996834,3.126263590714495,-1.3366956350903758,False,-2.6733912701807516,TURTLE20,5,
ETH,5m,20bar,1728436800000,1728440100000,1,2451.180138,2453.4169664626015,2439.1562323745375,,TRAIL,-0.6191633391159099,2.581061221573849,-0.05871052402319163,False,-0.11742104804638326,TURTLE20,12,
ETH,5m,20bar,1728443400000,1728445200000,-1,2441.421618,2452.631253398134,2452.1408252330875,,SL,-13.90119295160802,2.885600896653933,-1.3196934076717461,False,-2.6393868153434923,TURTLE20,7,
ETH,5m,20bar,1728452400000,1728455700000,1,2448.2595539999998,2439.196377326573,2439.6843141894105,,SL,-14.346297900757314,3.5071162001349094,-1.398870526910506,False,-2.797741053821012,TURTLE20,12,
ETH,5m,20bar,1728457500000,1728474300000,-1,2436.422618,2436.2166840348436,2444.1540968130616,,TRAIL,-3.504044196695768,3.7695683876153545,-0.35150450279618556,False,-0.7030090055923711,TURTLE20,57,
ETH,5m,20bar,1728474900000,1728476400000,1,2439.2977619999997,2432.4238765069485,2432.7767637935913,,TRAIL,-14.871342783088618,4.437050850613515,-1.5023648475363385,False,-3.004729695072677,TURTLE20,6,
ETH,5m,20bar,1728477600000,1728478800000,-1,2425.374828,2433.949985297794,2433.463292639266,,SL,-13.639790374503715,3.460879013494229,-1.4206345330348593,False,-2.841269066069719,TURTLE20,5,
ETH,5m,20bar,1728479400000,1728481200000,-1,2421.2656500000003,2432.6736190035585,2432.1871815672453,,SL,-12.231415529972871,2.4875350298095,-1.3112018654883058,False,-2.622403730976612,TURTLE20,7,
ETH,5m,20bar,1728483600000,1728485100000,1,2436.3771779999997,2423.6378738498684,2424.1226983895463,,SL,-11.604678106092578,2.161524702107982,-1.2775175836831825,False,-2.5550351673663654,TURTLE20,6,
ETH,5m,20bar,1728486600000,1728489900000,1,2444.308764,2450.8570760291723,2431.271053978248,,TRAIL,2.4517565585217236,1.9940817445233276,0.2769821171916028,False,0.5539642343832056,TURTLE20,12,
ETH,5m,20bar,1728493500000,1728508800000,-1,2425.5647900000004,2367.0954454888674,2438.583599760295,,TRAIL,38.00839126972817,1.9659905380888465,4.270263518205245,False,8.54052703641049,TURTLE20,52,
ETH,5m,20bar,1728516600000,1728518700000,-1,2361.187668,2372.1912292707,2371.7168858935215,,SL,-12.701918146680281,2.6058123948149516,-1.3147784335985353,False,-2.6295568671970706,TURTLE20,8,
ETH,5m,20bar,1728519300000,1728519900000,1,2375.334972,2365.287264649592,2365.7604167329387,,SL,-12.666256813760178,2.7945499321222895,-1.34649394491974,False,-2.69298788983948,TURTLE20,3,
ETH,5m,20bar,1728521400000,1728545400000,1,2376.9753,2391.1838665911555,2366.287962313845,,TRAIL,9.719081621937637,2.4503069090057767,1.0617865201266108,False,2.1235730402532216,TURTLE20,81,
ETH,5m,20bar,1728548100000,1728552600000,-1,2387.332438,2375.5071793300667,2394.339151640606,,TRAIL,11.96392546522454,3.812561539211309,1.279851776382822,False,2.559703552765644,TURTLE20,16,
ETH,5m,20bar,1728555600000,1728563400000,1,2395.7390520000004,2388.728702166439,2385.1279591892203,,TRAIL,-8.927562640367087,2.593674959492753,-0.9311981962897302,False,-1.8623963925794604,TURTLE20,27,
ETH,5m,20bar,1728575700000,1728576600000,1,2394.188742,2397.752279847627,2381.2140984120797,,TRAIL,0.4991772312879901,2.084939737774399,0.05305527121837853,False,0.10611054243675705,TURTLE20,4,
ETH,5m,20bar,1728580200000,1728581100000,-1,2374.525,2391.3769304250986,2390.8987506749636,,SL,-11.338554503160719,1.6448829373189788,-1.2038458368304064,False,-2.4076916736608127,TURTLE20,4,
ETH,5m,20bar,1728582900000,1728586500000,-1,2366.366632,2352.3223108732336,2383.23121873136,,TRAIL,6.111568725352765,1.5431185920530486,0.6648907524186004,False,1.3297815048372008,TURTLE20,13,
ETH,5m,20bar,1728590100000,1728613800000,1,2364.612828,2390.5698895926357,2350.90215255488,,TRAIL,15.69520294969657,1.9382023803892618,1.6851067662245873,False,3.3702135324491747,TURTLE20,80,
ETH,5m,20bar,1728624300000,1728627900000,-1,2400.929718,2409.188190749887,2408.706449459995,,SL,-13.79749062994241,3.573096922481713,-1.43306266295375,False,-2.8661253259075,TURTLE20,13,
ETH,5m,20bar,1728628800000,1728632400000,1,2413.462596,2405.751766657368,2406.23301326002,,SL,-13.714970265311724,3.7404159678795983,-1.4665241884009181,False,-2.9330483768018363,TURTLE20,13,
ETH,5m,20bar,1728636600000,1728637800000,-1,2402.199464,2408.7689507123355,2408.2872932536848,,SL,-14.100195791492474,4.30425827992085,-1.5532741420826288,False,-3.1065482841652576,TURTLE20,5,
ETH,5m,20bar,1728640500000,1728642300000,1,2415.392982,2413.5211660519813,2408.5809310924797,,TRAIL,-6.15794591385764,3.7410568505381168,-0.7001069871020452,False,-1.4002139742040902,TURTLE20,7,
ETH,5m,20bar,1728650100000,1728650400000,1,2424.104724,2415.980688488464,2416.463981284721,,SL,-12.517339418543155,3.296219548141717,-1.4433265416694059,False,-2.8866530833388118,TURTLE20,2,
ETH,5m,20bar,1728653700000,1728653700000,1,2433.2065439999997,2422.034311356072,2422.518815119096,,SL,-11.099653064986665,2.2956356130263043,-1.3179018025343416,False,-2.6358036050686833,TURTLE20,1,
ETH,5m,20bar,1728659700000,1728660300000,1,2450.660034,2437.133147381705,2437.620671516008,,SL,-10.351125301067468,1.8443075719470783,-1.2622981029425897,False,-2.5245962058851794,TURTLE20,3,
ETH,5m,20bar,1728673800000,1728675000000,1,2459.431788,2453.312485569546,2448.805160578689,,TRAIL,-6.82003176964063,2.217178372250836,-0.8532292170526631,False,-1.706458434105326,TURTLE20,5,
ETH,5m,20bar,1728684000000,1728692700000,-1,2447.640374,2442.260208580094,2454.2402898922737,,TRAIL,2.912082497556907,3.4926779405236696,0.37064488552371355,False,0.741289771047427,TURTLE20,30,
ETH,5m,20bar,1728693300000,1728700200000,1,2444.0587140000002,2436.5779563838532,2435.8739903544238,,TRAIL,-10.066163559642764,2.831893247691841,-1.2717765521629352,False,-2.543553104325871,TURTLE20,24,
ETH,5m,20bar,1728706200000,1728710400000,1,2440.578018,2440.699195622337,2434.521762397054,,TRAIL,-3.575963137863692,3.7303043737109984,-0.4635849095389696,False,-0.9271698190779393,TURTLE20,15,
ETH,5m,20bar,1728728100000,1728732600000,1,2447.919486,2459.072214547254,2443.5213581321354,,TRAIL,14.263169297072402,5.115840957558565,1.8663699131857268,False,3.732739826371454,TURTLE20,16,
ETH,5m,20bar,1728742200000,1728745200000,1,2462.4623939999997,2466.920818200667,2454.890413947394,,TRAIL,1.5712520733786377,3.096481801749529,0.19820367498597916,False,0.39640734997195826,TURTLE20,11,
ETH,5m,20bar,1728746100000,1728747600000,1,2479.7658539999998,2468.43263905219,2468.9264243370576,,SL,-10.501388984509369,2.1799386157148186,-1.3194544813124995,False,-2.638908962624999,TURTLE20,6,
ETH,5m,20bar,1728756600000,1728757200000,1,2480.335968,2471.793090974511,2472.287548484208,,SL,-11.085600174627128,2.8606871454169456,-1.4306106234002072,False,-2.8612212468004143,TURTLE20,3,
ETH,5m,20bar,1728767400000,1728774900000,1,2474.154732,2481.010130973176,2468.8979690307197,,TRAIL,5.559056749102509,4.25717367767633,0.7385343562339353,False,1.4770687124678703,TURTLE20,26,
ETH,5m,20bar,1728777600000,1728779100000,-1,2474.065088,2480.82322335772,2480.327157926135,,SL,-11.869732391779266,3.6263149864732105,-1.5539699267684166,False,-3.107939853536833,TURTLE20,6,
ETH,5m,20bar,1728781500000,1728792900000,-1,2468.976106,2460.7957506786593,2476.110472135122,,TRAIL,5.417624682265482,3.068380301402015,0.7320190901926961,False,1.464038180385392,TURTLE20,39,
ETH,5m,20bar,1728797100000,1728798300000,1,2467.333368,2461.245875211005,2461.738222855576,,SL,-12.138879360295242,3.9688098123701856,-1.6165157652676707,False,-3.2330315305353414,TURTLE20,5,
ETH,5m,20bar,1728803400000,1728806700000,-1,2460.297842,2466.0198026382627,2465.534592639562,,TRAIL,-12.041236532960752,4.101451248640179,-1.6570869652429472,False,-3.314173930485895,TURTLE20,12,
ETH,5m,20bar,1728807600000,1728809100000,1,2468.673636,2462.6583632730976,2463.150993471792,,SL,-11.416453488832401,3.764065378726716,-1.624959768920335,False,-3.2499195378406704,TURTLE20,6,
ETH,5m,20bar,1728815400000,1728816000000,1,2469.1437300000002,2463.487767662266,2463.980563775021,,SL,-11.342437418653269,3.8963122016464027,-1.6686546318516675,False,-3.337309263703335,TURTLE20,3,
ETH,5m,20bar,1728817200000,1728822000000,-1,2460.077886,2463.526467010537,2465.492709644295,,TRAIL,-7.7692770614986495,3.5846676315056643,-1.1824473044638348,False,-2.3648946089276692,TURTLE20,17,
ETH,5m,20bar,1728825000000,1728827400000,1,2467.283358,2460.656429519863,2461.1486592517135,,SL,-10.021770101904224,3.091919761775352,-1.5622107532706093,False,-3.1244215065412186,TURTLE20,9,
ETH,5m,20bar,1728828300000,1728836100000,-1,2458.888124,2443.3580906190837,2465.1932072082654,,TRAIL,12.408197246563763,2.899176593793947,1.9965931037425322,False,3.993186207485064,TURTLE20,27,
ETH,5m,20bar,1728837300000,1728841200000,1,2453.59062,2445.031003429092,2443.628699648048,,TRAIL,-7.45990104787347,1.9068041434545842,-1.1542743907516202,False,-2.3085487815032404,TURTLE20,14,
ETH,5m,20bar,1728848100000,1728857700000,1,2453.4205859999997,2470.434047795095,2445.371132058981,,TRAIL,11.02740136845548,2.317237889842092,1.7465966160977275,False,3.493193232195455,TURTLE20,33,
ETH,5m,20bar,1728864900000,1728868800000,-1,2457.248452,2460.237779932475,2465.9106064001116,,TRAIL,-4.480636314807951,2.225670334092851,-0.6857208261674469,False,-1.3714416523348938,TURTLE20,14,
ETH,5m,20bar,1728871500000,1728874500000,-1,2440.931716,2450.879348549706,2450.3892706955667,,SL,-8.77856882803541,2.0000327335758303,-1.362161742979363,False,-2.724323485958726,TURTLE20,11,
ETH,5m,20bar,1728876000000,1728878700000,1,2460.9020819999996,2525.980432081245,2452.3775302486233,,TRAIL,45.65864001473465,2.20043292768228,7.283224078354013,False,14.566448156708026,TURTLE20,10,
ETH,5m,20bar,1728880500000,1728884100000,1,2543.25855,2524.7547769440516,2525.2598289098337,,SL,-8.597123291060019,1.2134003062880625,-1.19700621750763,False,-2.39401243501526,TURTLE20,13,
ETH,5m,20bar,1728891000000,1728891000000,-1,2516.8565280000003,2528.1924632795694,2527.6869258943907,,SL,-9.29678716747609,1.959320284560171,-1.3261714679731849,False,-2.6523429359463693,TURTLE20,1,
ETH,5m,20bar,1728901500000,1728912900000,1,2543.888676,2548.4037153933073,2533.3222285283628,,TRAIL,0.9427197344973419,1.9733053638830187,0.13814141057242155,False,0.2762828211448431,TURTLE20,39,
ETH,5m,20bar,1728913800000,1728918000000,1,2569.983894,2618.3974924458475,2555.648545304352,,TRAIL,21.624811994475625,1.4860445198848449,3.160060531191148,False,6.320121062382294,TURTLE20,15,
ETH,5m,20bar,1728931500000,1728933600000,1,2636.97729,2625.531662523225,2626.0568738980046,,SL,-9.729247482515852,2.103668541947978,-1.337232273193399,False,-2.6744645463867975,TURTLE20,8,
ETH,5m,20bar,1728936300000,1728937800000,-1,2618.466202,2628.572352117824,2628.04674276927,,SL,-9.796442100463011,2.3268837427603746,-1.3834681746575515,False,-2.766936349315103,TURTLE20,6,
ETH,5m,20bar,1728941100000,1728944100000,-1,2617.446406,2625.5718033304843,2625.04679397169,,SL,-10.210520581699754,2.8497714239841176,-1.4829780134995116,False,-2.965956026999023,TURTLE20,11,
ETH,5m,20bar,1728945900000,1728947100000,1,2637.407376,2640.803534699863,2628.3067569468585,,TRAIL,0.16828364220266856,2.3249004374608937,0.025188633004467397,False,0.050377266008934794,TURTLE20,5,
ETH,5m,20bar,1728951300000,1728951600000,-1,2625.4847980000004,2636.3895394056103,2635.8623669322237,,SL,-9.057396150894176,2.033537242190153,-1.3550250641448058,False,-2.7100501282896117,TURTLE20,2,
ETH,5m,20bar,1728952800000,1728956700000,-1,2619.0260900000003,2632.050262458079,2631.523957666546,,SL,-8.41642199078449,1.639410363131198,-1.2942062359046234,False,-2.5884124718092467,TURTLE20,14,
ETH,5m,20bar,1728962700000,1728966900000,-1,2619.0060940000003,2619.268947193755,2627.407878742996,,TRAIL,-2.567938090453432,2.369750552205045,-0.405368421430974,False,-0.810736842861948,TURTLE20,15,
ETH,5m,20bar,1728970200000,1728972900000,-1,2602.269442,2603.3957360111117,2610.59121796448,,TRAIL,-3.208786704120656,2.35836359179084,-0.5106714163007541,False,-1.021342832601508,TURTLE20,10,
ETH,5m,20bar,1728975900000,1728983100000,1,2613.8026560000003,2612.282622508543,2605.691156387975,,TRAIL,-3.569630486680569,2.4041825902253118,-0.5739610283232696,False,-1.1479220566465391,TURTLE20,25,
ETH,5m,20bar,1728990900000,1728991800000,-1,2600.449806,2605.727696240413,2609.9923337189666,,TRAIL,-5.412838411440877,2.0124887037850447,-0.8804372373012538,False,-1.7608744746025073,TURTLE20,4,
ETH,5m,20bar,1728993300000,1728994500000,-1,2581.463604,2595.8002128532094,2595.281156621885,,SL,-7.624307144183841,1.3577867520528848,-1.2623774716582663,False,-2.5247549433165326,TURTLE20,5,
ETH,5m,20bar,1728999900000,1729001100000,1,2621.6442239999997,2666.080159347277,2606.436837826729,,TRAIL,15.97404391757719,1.2282053067308303,2.7133723209972778,False,5.426744641994556,TURTLE20,5,
ETH,5m,20bar,1729003200000,1729006500000,-1,2578.4941980000003,2584.8212217968203,2610.7773140349673,,TRAIL,-1.812019192468022,0.5956082982015898,-0.29194867801761476,False,-0.5838973560352295,TURTLE20,12,
ETH,5m,20bar,1729010100000,1729012200000,1,2603.07051,2577.09795423114,2575.9207324146078,,TRAIL,-6.609231279628697,0.7063856561535377,-1.0711195241262321,False,-2.1422390482524643,TURTLE20,8,
ETH,5m,20bar,1729023900000,1729027500000,-1,2576.974502,2582.806185052641,2590.638253441199,,TRAIL,-3.945215202130466,1.368109405113974,-0.6533748438920233,False,-1.3067496877840465,TURTLE20,13,
ETH,5m,20bar,1729031100000,1729041000000,1,2597.099316,2588.456293895709,2584.66622235413,,TRAIL,-5.633980716494715,1.4912933534022,-0.9454087458057973,False,-1.8908174916115947,TURTLE20,34,
ETH,5m,20bar,1729041900000,1729052700000,1,2619.233742,2609.6191813353116,2606.0185725460947,,TRAIL,-5.64165624370013,1.3880027861205313,-0.964942028414267,False,-1.929884056828534,TURTLE20,37,
ETH,5m,20bar,1729053300000,1729056600000,-1,2608.748146,2617.185501672718,2618.0877238700145,,TRAIL,-7.104894517605684,1.9249966612206615,-1.2391262241602659,False,-2.4782524483205313,TURTLE20,12,
ETH,5m,20bar,1729057500000,1729059600000,1,2623.12452,2613.1973145188,2613.720058530506,,SL,-7.770553247708103,1.8680444740539945,-1.3896594317818718,False,-2.779318863563744,TURTLE20,8,
ETH,5m,20bar,1729062900000,1729065600000,-1,2600.649766,2610.950252416464,2610.4281667831074,,SL,-7.46496568417109,1.738428025334093,-1.3731740726674504,False,-2.7463481453349012,TURTLE20,10,
ETH,5m,20bar,1729068300000,1729074600000,1,2615.733042,2615.2250671904803,2605.996572984809,,TRAIL,-1.9801075824912697,1.7042729273566248,-0.3745248579690057,False,-0.7490497159380114,TURTLE20,22,
ETH,5m,20bar,1729086000000,1729087500000,-1,2608.608174,2625.7354924206497,2625.2104503305836,,SL,-6.405963426878868,0.9926328832964146,-1.2207919093098014,False,-2.441583818619603,TURTLE20,6,
ETH,5m,20bar,1729089900000,1729099500000,-1,2599.1600639999997,2622.6345906867446,2622.110168653014,,SL,-5.935108232683884,0.6988660170366976,-1.1593674138676078,False,-2.3187348277352156,TURTLE20,33,
ETH,5m,20bar,1729110900000,1729112700000,1,2624.354766,2615.874766517579,2616.3980461268043,,SL,-7.305425034162721,1.975997186539624,-1.4609207546806506,False,-2.9218415093613013,TURTLE20,7,
ETH,5m,20bar,1729115100000,1729116300000,-1,2611.1276700000003,2618.7819381491486,2618.2582864918504,,SL,-7.347233203439865,2.1362826476595993,-1.5135036257205003,False,-3.027007251441001,TURTLE20,5,
ETH,5m,20bar,1729118400000,1729120200000,1,2623.42458,2615.9990843364176,2616.5223888141804,,SL,-7.208488816559795,2.144069904319629,-1.5312745731961026,False,-3.062549146392205,TURTLE20,7,
ETH,5m,20bar,1729122600000,1729123200000,-1,2608.498196,2615.072881823338,2614.549971828972,,SL,-7.320938334409435,2.3632990446285627,-1.6042941352111477,False,-3.2085882704222954,TURTLE20,3,
ETH,5m,20bar,1729125300000,1729126500000,1,2623.1845319999998,2614.671206769938,2615.194245619062,,SL,-6.443297908270143,1.7372487791762148,-1.4587760835619774,False,-2.917552167123955,TURTLE20,5,
ETH,5m,20bar,1729129800000,1729131300000,1,2632.12632,2627.285106062018,2621.958065552864,,TRAIL,-3.3723560897831746,1.330767805700019,-0.7864536470044428,False,-1.5729072940088855,TURTLE20,6,
ETH,5m,20bar,1729137000000,1729139400000,1,2642.1183180000003,2631.7590677925295,2631.1998180016594,,TRAIL,-5.227614340219059,1.2231881159808673,-1.2385929057106109,False,-2.4771858114212213,TURTLE20,9,
ETH,5m,20bar,1729145100000,1729146000000,-1,2621.4456059999998,2631.266119976537,2630.7399719821406,,SL,-5.744775597612824,1.3957133267276842,-1.395699398651711,False,-2.7913987973034224,TURTLE20,4,
ETH,5m,20bar,1729153200000,1729162500000,-1,2619.2160519999998,2612.972859892657,2628.887697163153,,TRAIL,1.2840746310180255,1.2987339194924894,0.32092562411534237,False,0.6418512482306847,TURTLE20,32,
ETH,5m,20bar,1729165800000,1729167600000,-1,2595.920712,2606.73337658436,2606.2121341575285,,SL,-5.45221423298992,1.221420758698894,-1.3539680740156272,False,-2.7079361480312545,TURTLE20,7,
ETH,5m,20bar,1729170000000,1729171800000,1,2613.712638,2602.9325037266694,2603.4531943655425,,SL,-5.3118892729361376,1.1952551953424457,-1.355835838080733,False,-2.711671676161466,TURTLE20,7,
ETH,5m,20bar,1729174200000,1729174800000,-1,2588.4921980000004,2604.1738008446814,2603.6530702306354,,SL,-4.7257601575190735,0.783285517994492,-1.2398496707864377,False,-2.4796993415728754,TURTLE20,3,
ETH,5m,20bar,1729179300000,1729182600000,1,2613.67263,2610.954352280551,2599.3608666263967,,TRAIL,-1.5201521357815158,0.8141624515514253,-0.40896804649611945,False,-0.8179360929922391,TURTLE20,12,
ETH,5m,20bar,1729185900000,1729194000000,-1,2603.269242,2595.1857165133133,2617.1909792000333,,TRAIL,1.3146457681870647,0.8259674310165614,0.35659720049641086,False,0.7131944009928217,TURTLE20,28,
ETH,5m,20bar,1729195500000,1729211400000,1,2598.189534,2597.8253502018433,2587.5107448063504,,TRAIL,-1.2105928096618777,1.08396887716509,-0.326047519577251,False,-0.652095039154502,TURTLE20,54,
ETH,5m,20bar,1729212600000,1729213500000,-1,2594.73095,2603.8181133841117,2603.297453893333,,SL,-5.256008637509906,1.3430917565782563,-1.4248861582427135,False,-2.849772316485427,TURTLE20,4,
ETH,5m,20bar,1729215000000,1729216800000,1,2619.503796,2636.743490714667,2609.3623980617526,,TRAIL,4.977461743703096,1.1144201098879956,1.3889550955804626,False,2.777910191160925,TURTLE20,7,
ETH,5m,20bar,1729223700000,1729230600000,-1,2611.667562,2622.647184144801,2622.1227595928826,,SL,-4.974259631046472,1.1063647937750387,-1.350544632661918,False,-2.701089265323836,TURTLE20,24,
ETH,5m,20bar,1729238100000,1729239000000,1,2640.257946,2635.2797359848864,2630.287217162555,,TRAIL,-2.926937316980262,1.1376759070715299,-0.8167439669727268,False,-1.6334879339454538,TURTLE20,4,
ETH,5m,20bar,1729243800000,1729258800000,-1,2628.62417,2626.346555943146,2638.396476257654,,TRAIL,-0.3157683109818483,1.1373633803165677,-0.08957643729456177,False,-0.17915287458912357,TURTLE20,51,
ETH,5m,20bar,1729260600000,1729260600000,1,2636.987292,2623.681481644602,2624.206322909184,,SL,-4.53231833391082,0.8690093196125576,-1.2880253056408812,False,-2.576050611281763,TURTLE20,1,
ETH,5m,20bar,1729263000000,1729267500000,1,2642.62842,2637.7046192554276,2625.7065467744737,,TRAIL,-1.639340651891406,0.6418386553906434,-0.47819768297985804,False,-0.9563953659597162,TURTLE20,16,
ETH,5m,20bar,1729275600000,1729278900000,1,2656.3411619999997,2657.899462436422,2644.959651930592,,TRAIL,-0.48634100284380133,0.9512195275874473,-0.14323617237944175,False,-0.28647234475888356,TURTLE20,12,
ETH,5m,20bar,1729282200000,1729306800000,-1,2646.22065,2647.6820777336397,2656.3803824498395,,TRAIL,-1.54550045267826,1.05849106442143,-0.4564853841552643,False,-0.9129707683105287,TURTLE20,83,
ETH,5m,20bar,1729307400000,1729308900000,1,2658.471588,2651.728946144706,2651.11638260261,,TRAIL,-4.528552122522626,1.4532034995408045,-1.34989597697761,False,-2.69979195395522,TURTLE20,6,
ETH,5m,20bar,1729314000000,1729314300000,-1,2639.012092,2646.101065463028,2645.5719510728136,,SL,-5.105372544828105,1.577915955904888,-1.5640642952266621,False,-3.1281285904533247,TURTLE20,2,
ETH,5m,20bar,1729322100000,1729326300000,-1,2639.4420059999998,2645.0064520891074,2644.477556577792,,SL,-5.485196609847004,1.9910147644173732,-1.7346891921779988,False,-3.4693783843559975,TURTLE20,15,
ETH,5m,20bar,1729329300000,1729333500000,1,2646.919278,2641.5574769236746,2642.085894102495,,SL,-5.389917531917426,2.003854519461482,-1.765820243181081,False,-3.531640486362162,TURTLE20,15,
ETH,5m,20bar,1729338000000,1729340100000,-1,2634.293036,2637.810485196653,2639.5473373234777,,TRAIL,-3.743934588743019,1.7727223776983587,-1.271474721010047,False,-2.542949442020094,TURTLE20,8,
ETH,5m,20bar,1729348200000,1729351200000,1,2643.7586459999998,2646.330409072634,2638.66414799003,,TRAIL,-0.3392644088269172,1.7879139902136774,-0.11822369136873201,False,-0.236447382737464,TURTLE20,11,
ETH,5m,20bar,1729354500000,1729365900000,-1,2639.282038,2646.4734467078115,2645.9442578562403,,SL,-4.453141000186079,1.3628405629067544,-1.55546682971293,False,-3.1109336594258608,TURTLE20,39,
ETH,5m,20bar,1729369500000,1729374900000,1,2647.6894319999997,2642.404818248967,2642.9334049299528,,SL,-4.933308139741075,1.8511891889984406,-1.7785160127566708,False,-3.5570320255133416,TURTLE20,19,
ETH,5m,20bar,1729375500000,1729375800000,-1,2640.9717,2646.555336965718,2646.02613173937,,SL,-4.6343843120955075,1.679123137116664,-1.7323714394427716,False,-3.464742878885543,TURTLE20,2,
ETH,5m,20bar,1729377900000,1729383900000,1,2651.970288,2646.0974718120115,2645.9669523539196,,TRAIL,-3.8937892659475426,1.3674552446633852,-1.5077712421070144,False,-3.015542484214029,TURTLE20,21,
ETH,5m,20bar,1729384500000,1729398300000,-1,2642.7513440000002,2645.1468802775703,2649.20202472993,,TRAIL,-2.1619929500983894,1.2318786244769213,-0.8632073800057098,False,-1.7264147600114195,TURTLE20,47,
ETH,5m,20bar,1729404300000,1729404300000,-1,2637.27244,2642.1334169498195,2641.6050959306335,,SL,-4.561027128890805,1.799525593168295,-1.8530482439708678,False,-3.706096487941736,TURTLE20,1,
ETH,5m,20bar,1729407600000,1729409700000,1,2651.150124,2645.686266032456,2646.215509134283,,SL,-4.150818087184117,1.5264734942616491,-1.7512936747309804,False,-3.5025873494619617,TURTLE20,8,
ETH,5m,20bar,1729425900000,1729427400000,1,2654.83086,2650.214044140459,2650.744192979055,,SL,-4.365228552549321,1.7814000160693033,-1.908607371740591,False,-3.8172147434811814,TURTLE20,6,
ETH,5m,20bar,1729429200000,1729431000000,-1,2644.07108,2650.24541874378,2649.7154756486507,,SL,-3.6443915755297067,1.2380307785109381,-1.6566749081917156,False,-3.313349816383431,TURTLE20,7,
ETH,5m,20bar,1729432500000,1729435200000,1,2659.2517439999997,2710.779542730158,2651.4580569686623,,TRAIL,13.18288277198886,0.8793046256110697,6.1980651473287995,False,12.396130294657599,TURTLE20,10,
ETH,5m,20bar,1729445700000,1729447500000,-1,2689.5119900000004,2700.1214548404932,2699.581538532787,,SL,-3.2864990821277673,0.7677257241909534,-1.374763214291434,False,-2.7495264285828678,TURTLE20,7,
ETH,5m,20bar,1729449300000,1729451700000,1,2706.571206,2696.955874959655,2697.4953740344617,,SL,-3.293560483684935,0.8304996878364149,-1.416668723896796,False,-2.8333374477935926,TURTLE20,9,
ETH,5m,20bar,1729455900000,1729458900000,1,2706.321156,2708.062795268464,2699.1227273832883,,TRAIL,-0.4729199218235618,1.0194765042952865,-0.2093500099172333,False,-0.4187000198344666,TURTLE20,11,
ETH,5m,20bar,1729461300000,1729462200000,1,2719.9638840000002,2724.2131187763985,2708.5136413363703,,TRAIL,0.19306844922830535,0.6417431048261351,0.08582600418191069,False,0.17165200836382136,TURTLE20,4,
ETH,5m,20bar,1729463400000,1729471800000,1,2745.989088,2743.488279448025,2727.2367295218473,,TRAIL,-0.6963008810610851,0.39578889401368583,-0.3090008640350305,False,-0.6180017280700609,TURTLE20,29,
ETH,5m,20bar,1729479000000,1729487100000,-1,2732.083474,2745.639328674202,2745.0903106120795,,SL,-2.899876794890994,0.5658803227437872,-1.2948950508200328,False,-2.5897901016400655,TURTLE20,28,
ETH,5m,20bar,1729494000000,1729505100000,-1,2728.914108,2715.9788651277763,2738.3427405443917,,TRAIL,2.236923749579277,0.7558599635413181,1.0254198626180961,False,2.050839725236192,TURTLE20,38,
ETH,5m,20bar,1729514400000,1729517100000,-1,2697.750342,2686.731331066839,2707.17118561996,,TRAIL,1.8404335324476437,0.7634338217572827,0.8267117302339434,False,1.6534234604678868,TURTLE20,10,
ETH,5m,20bar,1729518900000,1729519500000,-1,2664.1170700000002,2681.5596661238797,2681.023461431593,,SL,-2.7641221329888284,0.4293298353286873,-1.221431684526426,False,-2.4428633690528514,TURTLE20,3,
ETH,5m,20bar,1729532400000,1729533600000,1,2680.455984,2668.2044793406053,2668.7382269860022,,SL,-2.91294163746609,0.6046427971701468,-1.3194249478744204,False,-2.638849895748841,TURTLE20,5,
ETH,5m,20bar,1729540200000,1729551600000,1,2678.5356,2669.1715674750712,2669.7055085767865,,SL,-3.060515960765695,0.7810637019762743,-1.423842203078615,False,-2.8476844061572306,TURTLE20,39,
ETH,5m,20bar,1729553700000,1729557300000,-1,2665.36682,2626.1251199999997,2672.3383222685543,,TRAIL,10.80356876112757,0.9510184883194422,5.173462396861456,False,10.346924793722915,TURTLE20,13,
ETH,5m,20bar,1729575600000,1729583700000,1,2648.369568,2646.1061100182505,2640.6249774620624,,TRAIL,-1.6186690532613408,0.945196108390149,-0.7024442882953298,False,-1.4048885765906598,TURTLE20,28,
ETH,5m,20bar,1729584300000,1729586400000,-1,2641.181658,2637.712111167833,2648.7632575320936,,TRAIL,0.09056291030171959,0.949150088010654,0.03986105694280431,False,0.07972211388560864,TURTLE20,8,
ETH,5m,20bar,1729588800000,1729592400000,-1,2618.436208,2630.486732278662,2631.47409332174,,TRAIL,-2.650822191793438,0.5492397257621994,-1.1658238792363669,False,-2.3316477584727333,TURTLE20,13,
ETH,5m,20bar,1729595700000,1729599600000,1,2633.906676,2627.8472800303857,2624.49343014149,,TRAIL,-2.174331228041438,0.7448072520865288,-0.9790935541007169,False,-1.9581871082014342,TURTLE20,14,
ETH,5m,20bar,1729600800000,1729602900000,-1,2624.87492,2629.3467218176206,2634.5802836230473,,TRAIL,-1.710420892284374,0.7072299972185652,-0.7855795103447415,False,-1.5711590206894828,TURTLE20,8,
ETH,5m,20bar,1729604700000,1729605900000,-1,2612.4174120000002,2624.015485991368,2625.168719784157,,TRAIL,-2.477285260483276,0.5280405572987716,-1.155954665958053,False,-2.311909331916106,TURTLE20,5,
ETH,5m,20bar,1729606500000,1729607100000,1,2633.546604,2616.3751824327737,2616.8985621452025,,SL,-2.555446311146704,0.3961117838104593,-1.2206465370718518,False,-2.441293074143703,TURTLE20,3,
ETH,5m,20bar,1729615500000,1729617600000,-1,2607.7583440000003,2620.919106089732,2620.395027084315,,SL,-2.634166696987598,0.5070524448906273,-1.289734691535875,False,-2.57946938307175,TURTLE20,8,
ETH,5m,20bar,1729620300000,1729639500000,1,2628.07551,2625.5484257053436,2617.282445441011,,TRAIL,-1.0469844646437343,0.5811106318824562,-0.5261951899796425,False,-1.052390379959285,TURTLE20,65,
ETH,5m,20bar,1729640700000,1729646400000,-1,2620.855724,2621.2321028145634,2628.1795664200495,,TRAIL,-0.9466808465476563,0.845503135672544,-0.48084479548760645,False,-0.9616895909752128,TURTLE20,20,
ETH,5m,20bar,1729651200000,1729655400000,-1,2608.9581040000003,2611.033150590855,2616.5906094476686,,TRAIL,-1.3302271159027987,0.8001212343153231,-0.6822191453790198,False,-1.3644382907580395,TURTLE20,15,
ETH,5m,20bar,1729664400000,1729666200000,1,2621.414178,2613.312309070858,2613.8350760860753,,SL,-2.852912664908019,0.7970084279303329,-1.483382193440163,False,-2.966764386880326,TURTLE20,7,
ETH,5m,20bar,1729667700000,1729670700000,-1,2607.12847,2596.118517315114,2614.9598350374267,,TRAIL,1.8796873136649885,0.7439506933261402,1.007232386027209,False,2.014464772054418,TURTLE20,11,
ETH,5m,20bar,1729674000000,1729678800000,-1,2573.695158,2582.2898072995854,2587.714655279028,,TRAIL,-1.5872099396321881,0.42009560329035844,-0.833713224243059,False,-1.667426448486118,TURTLE20,17,
ETH,5m,20bar,1729685700000,1729686900000,-1,2573.365224,2570.61402,2581.5640262007933,,TRAIL,-0.07653275946681803,0.7047176338072265,-0.04088201400534099,False,-0.08176402801068199,TURTLE20,5,
ETH,5m,20bar,1729691400000,1729692300000,1,2584.41678,2573.306306255092,2573.8210704691855,,SL,-2.5076927911715208,0.5463099063875115,-1.3406471322519375,False,-2.6812942645038746,TURTLE20,4,
ETH,5m,20bar,1729695300000,1729703700000,-1,2562.677362,2499.172707860357,2574.5369717807007,,TRAIL,9.281284875123092,0.4661721245130117,5.098611608294691,False,10.197223216589384,TURTLE20,29,
ETH,5m,20bar,1729706700000,1729709100000,-1,2461.70756,2485.745268016512,2485.2482183728375,,SL,-2.301290116078277,0.2529537553346305,-1.1472142913591201,False,-2.2944285827182402,TURTLE20,9,
ETH,5m,20bar,1729712700000,1729759200000,1,2506.7712539999998,2532.593709685725,2488.9679138784168,,TRAIL,2.509905393524818,0.33286775455853224,1.280593223059047,False,2.561186446118094,TURTLE20,156,
ETH,5m,20bar,1729759800000,1729761000000,-1,2530.0438900000004,2521.747521615496,2540.0973942042083,,TRAIL,1.0527719687839165,0.6060499023325651,0.5237271930846671,False,1.0474543861693342,TURTLE20,5,
ETH,5m,20bar,1729777500000,1729777800000,1,2539.577814,2526.3292416031036,2526.8346085248086,,SL,-2.596251440546563,0.48448947619952365,-1.2781804909265693,False,-2.556360981853139,TURTLE20,2,
ETH,5m,20bar,1729779000000,1729780500000,-1,2521.475604,2532.7482631772596,2536.14721230089,,TRAIL,-1.9298523053570533,0.40910619979474616,-0.9750255871197498,False,-1.9500511742394995,TURTLE20,6,
ETH,5m,20bar,1729786500000,1729791900000,-1,2511.737552,2526.5879084220182,2526.0826918836415,,SL,-2.4180019411931566,0.40896685577472647,-1.2459517190664384,False,-2.491903438132877,TURTLE20,19,
ETH,5m,20bar,1729794300000,1729802400000,1,2529.165732,2523.659108059256,2518.7996197570633,,TRAIL,-1.558664240692302,0.5534338224554152,-0.8236760942461576,False,-1.6473521884923152,TURTLE20,28,
ETH,5m,20bar,1729804200000,1729805400000,1,2541.638226,2545.2454389997133,2533.05957055712,,TRAIL,0.12042612511462891,0.6621646585672769,0.06470510494439007,False,0.12941020988878013,TURTLE20,5,
ETH,5m,20bar,1729809600000,1729825200000,-1,2529.873924,2522.1166507871285,2539.6801812372,,TRAIL,0.8981347662744117,0.5760422330016426,0.48194522677529705,False,0.9638904535505942,TURTLE20,53,
ETH,5m,20bar,1729826400000,1729828500000,1,2527.05531,2518.729534530156,2519.233381206397,,SL,-2.7309648229669383,0.7282425021508494,-1.4514637854857084,False,-2.9029275709714164,TURTLE20,8,
ETH,5m,20bar,1729830000000,1729830900000,-1,2508.9981000000002,2497.351539298722,2516.3647389541175,,TRAIL,2.143377409190341,0.7449362006307507,1.173228520025224,False,2.346457040050448,TURTLE20,4,
ETH,5m,20bar,1729840500000,1729842300000,-1,2478.5042,2475.2780791487003,2488.96418926646,,TRAIL,0.04537716067447084,0.5313072928778739,0.024268809206566388,False,0.048537618413132776,TURTLE20,7,
ETH,5m,20bar,1729845300000,1729861200000,1,2504.90088,2531.3014287830433,2490.9899585994535,,TRAIL,3.1438833477619874,0.4063479909873914,1.680609553070601,False,3.3612191061412013,TURTLE20,54,
ETH,5m,20bar,1729863600000,1729864200000,-1,2530.4238139999998,2540.2156293812523,2540.7668702040764,,TRAIL,-2.399258844441856,0.5687511851743718,-1.2408517167510507,False,-2.4817034335021018,TURTLE20,3,
ETH,5m,20bar,1729864800000,1729867200000,1,2550.830064,2544.262395362949,2537.4416199352017,,TRAIL,-1.355506192873607,0.4305430036902116,-0.7188829460754537,False,-1.437765892150907,TURTLE20,9,
ETH,5m,20bar,1729871100000,1729872600000,-1,2531.953508,2529.045681256294,2546.8038528446596,,TRAIL,-0.016115410134922736,0.3800185911534132,-0.008671365627846445,False,-0.01734273125569289,TURTLE20,6,
ETH,5m,20bar,1729878300000,1729879800000,-1,2504.24905,2486.570633104976,2520.034837825072,,TRAIL,1.728440516069853,0.3524807528769701,0.9301990656328851,False,1.86039813126577,TURTLE20,6,
ETH,5m,20bar,1729893600000,1729896600000,1,2492.938488,2479.015927732387,2479.5118300984063,,SL,-2.3831423711025383,0.4205274729037277,-1.259116977654281,False,-2.518233955308562,TURTLE20,11,
ETH,5m,20bar,1729897200000,1729899000000,-1,2460.497802,2405.6640548504097,2474.003779095407,,TRAIL,7.091958725872889,0.3988587176529006,3.843783361156029,False,7.687566722312058,TURTLE20,7,
ETH,5m,20bar,1729910700000,1729952100000,1,2447.699442,2458.0895441844614,2434.3309424590907,,TRAIL,1.1067509426345663,0.4374720483001633,0.5570280172402957,False,1.1140560344805914,TURTLE20,139,
ETH,5m,20bar,1729952700000,1729955700000,-1,2454.588984,2453.730284409531,2463.2336790366257,,TRAIL,-0.48485268185073144,0.6844138196083632,-0.24133783340392176,False,-0.4826756668078435,TURTLE20,11,
ETH,5m,20bar,1729960200000,1729975200000,1,2466.373176,2490.86728660433,2456.634935218811,,TRAIL,4.418146640861902,0.610652038648507,2.209820727408596,False,4.419641454817192,TURTLE20,51,
ETH,5m,20bar,1729979400000,1729993500000,-1,2482.9433120000003,2479.883745381533,2489.8605068229394,,TRAIL,0.02470939437000308,0.8987019107675174,0.011835778250294585,False,0.023671556500589167,TURTLE20,48,
ETH,5m,20bar,1730001300000,1730011200000,1,2480.075916,2475.2880516692553,2473.7234513017197,,TRAIL,-2.551221256476774,0.977355636430604,-1.2217435404949395,False,-2.443487080989879,TURTLE20,34,
ETH,5m,20bar,1730018400000,1730022900000,-1,2475.564788,2470.047834499708,2479.513280620148,,TRAIL,1.3154146192730418,1.5309618106691745,0.6457112047727587,False,1.2914224095455171,TURTLE20,16,
ETH,5m,20bar,1730031300000,1730032800000,1,2470.724046,2472.8059987922024,2465.6234653705146,,TRAIL,-0.3576933191900019,1.1999573841367246,-0.17334599703442066,False,-0.3466919940688413,TURTLE20,6,
ETH,5m,20bar,1730035500000,1730036100000,1,2497.1593319999997,2488.6927016451505,2488.811355907367,,TRAIL,-2.8224205047646804,0.7368823777221395,-1.3725652119618161,False,-2.7451304239236323,TURTLE20,3,
ETH,5m,20bar,1730044200000,1730046300000,1,2503.3105619999997,2494.1218410432107,2494.62076519625,,SL,-2.8047470855528047,0.6900628451815942,-1.4024701237382509,False,-2.804940247476502,TURTLE20,8,
ETH,5m,20bar,1730055000000,1730061000000,-1,2487.072486,2495.2102682483014,2494.711325983105,,SL,-2.8313977478111436,0.7606703473649434,-1.4566546655592,False,-2.9133093311184,TURTLE20,21,
ETH,5m,20bar,1730064300000,1730065800000,1,2500.459992,2508.158268,2494.429887354821,,TRAIL,1.4687213296966246,0.9404772833936184,0.7782792041182833,False,1.5565584082365667,TURTLE20,6,
ETH,5m,20bar,1730067300000,1730069700000,1,2522.9944979999996,2512.3698308489056,2512.8724053299716,,SL,-2.5837076585223193,0.572036566321942,-1.3481289090356945,False,-2.6962578180713894,TURTLE20,9,
ETH,5m,20bar,1730072700000,1730088900000,-1,2507.39842,2481.183048955839,2515.8746654608067,,TRAIL,5.109068723874489,0.6585159348027505,2.7396825953383654,False,5.479365190676731,TURTLE20,55,
ETH,5m,20bar,1730094900000,1730101500000,1,2485.687038,2510.8952515768488,2476.730267726188,,TRAIL,4.87765737465977,0.6583879299223503,2.479717970219802,False,4.959435940439603,TURTLE20,23,
ETH,5m,20bar,1730107800000,1730109000000,-1,2505.188862,2514.946955701869,2514.4440668884913,,SL,-2.8486645247501814,0.6719100997952854,-1.3797830892289917,False,-2.759566178457984,TURTLE20,5,
ETH,5m,20bar,1730109600000,1730112900000,1,2541.478194,2529.4902276798084,2529.9962269251932,,SL,-2.6280636334536385,0.5319897152583244,-1.3090568258272681,False,-2.6181136516545362,TURTLE20,12,
ETH,5m,20bar,1730117100000,1730118300000,-1,2522.665366,2527.886301474195,2531.0975627627145,,TRAIL,-1.9130901720730988,0.7025947438427382,-0.9785429238516619,False,-1.9570858477033235,TURTLE20,5,
ETH,5m,20bar,1730124000000,1730124300000,-1,2510.907718,2524.973048856191,2524.468155225146,,SL,-2.415240165576601,0.42709527615387566,-1.2600522411341715,False,-2.5201044822683425,TURTLE20,2,
ETH,5m,20bar,1730127000000,1730127600000,1,2534.0067,2517.955015752023,2518.4587074935216,,SL,-2.293274261995482,0.36427033473301107,-1.2273521015318767,False,-2.454704203063754,TURTLE20,3,
ETH,5m,20bar,1730130900000,1730132100000,-1,2502.2694460000002,2512.0893329615596,2515.331510103558,,TRAIL,-1.7900175935103548,0.4198053805970353,-0.9821190684129708,False,-1.9642381368259414,TURTLE20,5,
ETH,5m,20bar,1730143500000,1730143800000,1,2520.85407,2505.752443712738,2506.2536944516282,,SL,-2.217247070836584,0.36909639025456076,-1.2408989162960238,False,-2.4817978325920476,TURTLE20,2,
ETH,5m,20bar,1730150100000,1730153400000,1,2517.443388,2574.143299509817,2508.1070085348533,,TRAIL,10.01183762855572,0.5701501837049876,5.745798968172903,False,11.491597936345807,TURTLE20,12,
ETH,5m,20bar,1730162400000,1730169900000,1,2579.1557279999997,2613.434221729879,2566.831272356754,,TRAIL,4.912201627541339,0.4911035158805742,2.528544924182572,False,5.057089848365144,TURTLE20,26,
ETH,5m,20bar,1730181000000,1730185800000,1,2625.0249,2615.9140277564816,2616.4373152195253,,SL,-2.91265195142353,0.747343374478199,-1.427110871503339,False,-2.8542217430066774,TURTLE20,17,
ETH,5m,20bar,1730191200000,1730201100000,1,2623.054506,2626.392561239543,2615.2249036116496,,TRAIL,0.04770523388292458,0.7975903894530896,0.02406086412249121,False,0.048121728244982426,TURTLE20,34,
ETH,5m,20bar,1730206200000,1730208900000,-1,2620.415812,2623.1024832916164,2628.5594947363584,,TRAIL,-1.4207532809170356,0.766331964226876,-0.7162339763986817,False,-1.4324679527973636,TURTLE20,10,
ETH,5m,20bar,1730210400000,1730210700000,1,2636.857266,2625.8574981274924,2624.543320158243,,TRAIL,-2.247935234448367,0.5013736143132629,-1.1497043200382298,False,-2.2994086400764595,TURTLE20,2,
ETH,5m,20bar,1730217000000,1730223900000,1,2643.658626,2658.4193373309113,2627.969573854622,,TRAIL,1.4098944302929959,0.38734279060939014,0.7380601737832977,False,1.4761203475665956,TURTLE20,24,
ETH,5m,20bar,1730230200000,1730240400000,-1,2636.7925360000004,2635.955518758782,2656.1676155903688,,TRAIL,-0.23277846721457524,0.3165216739789435,-0.12008371789056003,False,-0.24016743578112007,TURTLE20,35,
ETH,5m,20bar,1730241300000,1730243100000,1,2637.567408,2631.7461408732206,2626.620282607585,,TRAIL,-1.5868237767543993,0.5584953862533862,-0.8205674945796667,False,-1.6411349891593336,TURTLE20,7,
ETH,5m,20bar,1730247900000,1730251200000,-1,2629.92391,2613.2838504715623,2639.216249968185,,TRAIL,2.762153787018643,0.6439484846826402,1.4521783445672427,False,2.9043566891344854,TURTLE20,12,
ETH,5m,20bar,1730254500000,1730269500000,1,2635.82706,2667.4711452058264,2623.614448736192,,TRAIL,4.561631126817713,0.5099768076341956,2.330550417751375,False,4.66110083550275,TURTLE20,51,
ETH,5m,20bar,1730276100000,1730277600000,1,2679.245742,2665.9648070341227,2666.4981066554537,,SL,-2.6496403011461633,0.5153869227622877,-1.2934211600547432,False,-2.586842320109487,TURTLE20,6,
ETH,5m,20bar,1730280900000,1730286000000,1,2684.706834,2680.779964935739,2673.1886829513405,,TRAIL,-1.2380968429115304,0.5577533559293681,-0.6204260660789158,False,-1.2408521321578316,TURTLE20,18,
ETH,5m,20bar,1730286600000,1730290800000,-1,2673.305232,2671.9230402740036,2685.715257845997,,TRAIL,-0.28981380266478246,0.5093153153242478,-0.14705410448088946,False,-0.2941082089617789,TURTLE20,15,
ETH,5m,20bar,1730293200000,1730295600000,1,2687.557404,2671.426857315868,2671.961249565781,,SL,-2.437445896049805,0.40511557642530843,-1.2404299612778427,False,-2.4808599225556853,TURTLE20,9,
ETH,5m,20bar,1730296500000,1730301000000,1,2699.599812,2696.532963089721,2681.2310573604977,,TRAIL,-0.6576964599197903,0.3377588710425984,-0.34322025085875113,False,-0.6864405017175024,TURTLE20,16,
ETH,5m,20bar,1730309700000,1730319600000,-1,2669.645964,2657.578674007123,2684.9010887342006,,TRAIL,1.1066639708041257,0.39874719903231637,0.5815065667856789,False,1.163013133571358,TURTLE20,34,
ETH,5m,20bar,1730321700000,1730322900000,1,2675.5650060000003,2660.4091532352327,2659.302648514556,,TRAIL,-2.1732588298497646,0.3790219558308814,-1.1288300159887412,False,-2.2576600319774824,TURTLE20,5,
ETH,5m,20bar,1730330100000,1730334600000,1,2668.473588,2655.4764650533857,2656.007666586703,,SL,-2.4441516400349856,0.4821991871023924,-1.2988605047016932,False,-2.597721009403386,TURTLE20,16,
ETH,5m,20bar,1730338800000,1730339100000,-1,2645.7507440000004,2654.6802436662415,2656.601515933819,,TRAIL,-2.0455476117543596,0.537200679799233,-1.1160273511139034,False,-2.2320547022278063,TURTLE20,2,
ETH,5m,20bar,1730348400000,1730359200000,-1,2649.2700400000003,2645.1373228641673,2658.7937356691295,,TRAIL,0.17989399187785993,0.5977152514161275,0.10038883552459138,False,0.20077767104918273,TURTLE20,37,
ETH,5m,20bar,1730370300000,1730371500000,-1,2628.294236,2638.0517949315604,2637.5242900735457,,SL,-2.512881868564177,0.6146936561736303,-1.3994898022474263,False,-2.7989796044948525,TURTLE20,5,
ETH,5m,20bar,1730372400000,1730373000000,1,2646.4991939999995,2635.375470630553,2635.9026511607854,,SL,-2.354115358143007,0.5219733165053616,-1.348821817180974,False,-2.697643634361948,TURTLE20,3,
ETH,5m,20bar,1730381100000,1730383500000,-1,2622.795336,2580.0597687532836,2633.542426139528,,TRAIL,6.259688520815473,0.49328579173630643,3.6860074373216416,False,7.372014874643283,TURTLE20,9,
ETH,5m,20bar,1730385900000,1730388000000,-1,2554.8089360000004,2572.6968022690216,2577.2860168818024,,TRAIL,-1.700707084443301,0.2495773196447712,-0.9326998386590236,False,-1.8653996773180475,TURTLE20,8,
ETH,5m,20bar,1730396100000,1730403900000,-1,2536.7925400000004,2529.8941424716336,2553.3547367771384,,TRAIL,0.4168669414715198,0.32844838915850827,0.23296339071455544,False,0.4659267814291108,TURTLE20,27,
ETH,5m,20bar,1730407800000,1730409900000,-1,2506.5885820000003,2523.1563226856465,2522.6517923271813,,SL,-2.1919610486961734,0.33774850543457013,-1.2192822748088243,False,-2.438564549617649,TURTLE20,8,
ETH,5m,20bar,1730421000000,1730424000000,1,2527.3953779999997,2517.39518125304,2517.898761005241,,SL,-2.4059390086130845,0.5590262762786675,-1.371759131667757,False,-2.743518263335514,TURTLE20,11,
ETH,5m,20bar,1730424900000,1730425500000,-1,2505.878724,2519.197881164849,2518.694142336382,,SL,-2.174154852321935,0.4013159845814121,-1.2745743212749043,False,-2.549148642549808,TURTLE20,3,
ETH,5m,20bar,1730426700000,1730427300000,-1,2481.193662,2492.5765346981357,2499.2288003003373,,TRAIL,-1.3242245534220856,0.2750606311624918,-0.796619054253972,False,-1.593238108507944,TURTLE20,3,
ETH,5m,20bar,1730441700000,1730442300000,-1,2498.810138,2508.1022560988313,2507.600735951641,,SL,-2.2881827283209537,0.5590346319138166,-1.3987973972799335,False,-2.797594794559867,TURTLE20,3,
ETH,5m,20bar,1730445000000,1730445900000,-1,2489.9419120000002,2500.8005397661414,2501.259967716183,,TRAIL,-1.9461988053407078,0.4206854391547107,-1.2239799471382575,False,-2.447959894276515,TURTLE20,4,
ETH,5m,20bar,1730456400000,1730468700000,1,2513.412582,2546.8752061304895,2503.713764669144,,TRAIL,4.866108410821778,0.48557569721146676,3.1371300664475763,False,6.274260132895152,TURTLE20,42,
ETH,5m,20bar,1730469600000,1730472000000,1,2574.104718,2560.2056679226353,2556.193010698153,,TRAIL,-1.562675291624229,0.2835134922906506,-0.9479630290278027,False,-1.8959260580556054,TURTLE20,9,
ETH,5m,20bar,1730475300000,1730477100000,-1,2534.572984,2513.4510292099812,2556.400910556115,,TRAIL,1.3404970324527248,0.22440088563581995,0.828898719975956,False,1.6577974399519118,TURTLE20,7,
ETH,5m,20bar,1730487900000,1730492700000,-1,2502.64937,2518.8065705271306,2518.3029099451414,,SL,-2.013336232866502,0.31642692058191024,-1.2246478533692193,False,-2.449295706738439,TURTLE20,17,
ETH,5m,20bar,1730493300000,1730496000000,1,2522.814462,2510.264993741937,2510.767147171371,,SL,-2.0725965202207655,0.40200390351851395,-1.2923473946667223,False,-2.5846947893334447,TURTLE20,10,
ETH,5m,20bar,1730496600000,1730498100000,-1,2495.040892,2503.050590273837,2507.3251548278226,,TRAIL,-1.4000509249639816,0.38138977024900667,-0.8961508979006871,False,-1.7923017958013745,TURTLE20,6,
ETH,5m,20bar,1730502600000,1730517900000,1,2514.732846,2508.038258068262,2505.4309633697912,,TRAIL,-1.6013207946524373,0.4970865391884378,-1.0436866363643575,False,-2.0873732727287155,TURTLE20,52,
ETH,5m,20bar,1730519700000,1730525700000,-1,2502.2994400000002,2507.2168499747136,2508.83513718131,,TRAIL,-1.8211730729444877,0.6908790828722012,-1.2122837899155259,False,-2.4245675798310518,TURTLE20,21,
ETH,5m,20bar,1730535000000,1730538300000,-1,2502.579384,2497.54941,2508.223001725369,,TRAIL,0.5272344269537754,0.7792238911714107,0.3596800531820892,False,0.7193601063641786,TURTLE20,12,
ETH,5m,20bar,1730550300000,1730551200000,-1,2495.20086,2495.9090819999997,2501.020445147767,,TRAIL,-0.9393964405635407,0.7597255371548965,-0.6362803999217376,False,-1.272560799843475,TURTLE20,4,
ETH,5m,20bar,1730551800000,1730553300000,-1,2483.123276,2492.29167810193,2491.937059182769,,TRAIL,-2.0099378948957902,0.49369238912010244,-1.37893692440172,False,-2.75787384880344,TURTLE20,6,
ETH,5m,20bar,1730554800000,1730555100000,-1,2475.75475,2488.684814283475,2488.1871768481055,,SL,-1.8137282931963892,0.3395926243176933,-1.279615654804343,False,-2.559231309608686,TURTLE20,2,
ETH,5m,20bar,1730561700000,1730569200000,1,2489.437788,2477.2893631121633,2477.665380720134,,TRAIL,-1.7748549295372302,0.34961467913246447,-1.2850779639928185,False,-2.5701559279856365,TURTLE20,26,
ETH,5m,20bar,1730576700000,1730588400000,1,2490.207942,2485.249188040216,2483.797551716759,,TRAIL,-1.6675608861205637,0.6266501668111195,-1.239242524527192,False,-2.478485049054384,TURTLE20,40,
ETH,5m,20bar,1730592900000,1730593800000,1,2494.158732,2487.943228495363,2488.440916678699,,SL,-2.112556814321335,0.6860560032407306,-1.6098394515547145,False,-3.219678903109429,TURTLE20,4,
ETH,5m,20bar,1730595600000,1730600100000,-1,2479.6539700000003,2468.803662,2486.2637890773867,,TRAIL,1.514319476448232,0.5704852555747877,1.1923523667634803,False,2.3847047335269607,TURTLE20,16,
ETH,5m,20bar,1730601000000,1730603100000,-1,2452.219458,2436.4194073229805,2464.5318089564194,,TRAIL,1.358875941810581,0.30977487639586976,1.0450374102695223,False,2.0900748205390443,TURTLE20,8,
ETH,5m,20bar,1730607600000,1730612100000,1,2454.84087,2441.082416024074,2441.570730170108,,SL,-1.6702006097839726,0.2938609307134763,-1.2581636788733486,False,-2.516327357746697,TURTLE20,16,
ETH,5m,20bar,1730613600000,1730614500000,-1,2438.952112,2448.7458199359007,2448.2561687021603,,SL,-1.7700848953369483,0.40789336104247675,-1.367825573559491,False,-2.735651147118982,TURTLE20,4,
ETH,5m,20bar,1730616600000,1730618400000,1,2457.4914,2447.6550465391165,2448.1446754742115,,SL,-1.7209548874291436,0.3963335579481997,-1.3672641462308404,False,-2.7345282924616807,TURTLE20,7,
ETH,5m,20bar,1730621400000,1730623200000,-1,2444.590984,2451.575133234535,2451.459554178689,,TRAIL,-1.7684876325380103,0.5236207066765021,-1.444529013572585,False,-2.88905802714517,TURTLE20,7,
ETH,5m,20bar,1730623800000,1730626500000,1,2456.89128,2448.069379094021,2448.5590909122034,,SL,-1.6786965958708846,0.41992486025997383,-1.4119791542737004,False,-2.8239583085474007,TURTLE20,10,
ETH,5m,20bar,1730632500000,1730633400000,1,2459.221746,2451.9290259559643,2452.4195098579357,,SL,-1.7391073059213702,0.5004790958606236,-1.5053006531028847,False,-3.010601306205769,TURTLE20,4,
ETH,5m,20bar,1730640000000,1730643000000,-1,2443.441214,2434.053493653392,2450.930902627515,,TRAIL,0.9666703518955704,0.4378362249208945,0.8626825283869897,False,1.7253650567739791,TURTLE20,11,
ETH,5m,20bar,1730644200000,1730648400000,-1,2420.755752,2428.423014544278,2433.0915690489696,,TRAIL,-0.977331251053664,0.26884884732609093,-0.8574032641873199,False,-1.71480652837464,TURTLE20,15,
ETH,5m,20bar,1730649300000,1730658600000,1,2444.1287279999997,2431.218841801188,2426.835391916215,,TRAIL,-1.025856547338536,0.18950592870830454,-0.9156761115364298,False,-1.8313522230728594,TURTLE20,32,
ETH,5m,20bar,1730659200000,1730660400000,-1,2420.835736,2426.1787004326357,2432.7090686719653,,TRAIL,-0.7642943002532328,0.26938318694213537,-0.6949332021983862,False,-1.3898664043967723,TURTLE20,5,
ETH,5m,20bar,1730662800000,1730674800000,1,2450.099922,2452.406104371783,2436.3549626968443,,TRAIL,-0.05012899820932934,0.23209459918681963,-0.04622212623751568,False,-0.09244425247503138,TURTLE20,41,
ETH,5m,20bar,1730680500000,1730681700000,-1,2443.5811860000003,2446.977312636886,2453.1779429539147,,TRAIL,-0.7147404024488577,0.33130092829721103,-0.6596459373169373,False,-1.3192918746338747,TURTLE20,5,
ETH,5m,20bar,1730683500000,1730696400000,1,2463.062514,2467.5220337007413,2449.0368006369818,,TRAIL,0.11443906946777438,0.22552484818840635,0.10702977690095154,False,0.21405955380190306,TURTLE20,44,
ETH,5m,20bar,1730698200000,1730700600000,-1,2462.70736,2470.2532384893943,2470.625300516494,,TRAIL,-1.421704200381917,0.4005391898554621,-1.3268165915876045,False,-2.653633183175209,TURTLE20,9,
ETH,5m,20bar,1730703300000,1730705400000,1,2476.565214,2468.181789620682,2468.6755247256274,,SL,-1.5005984455024577,0.39224148744073867,-1.4386209883269179,False,-2.877241976653836,TURTLE20,8,
ETH,5m,20bar,1730706600000,1730707500000,-1,2456.488604,2465.453728822162,2464.960736674827,,SL,-1.4251491408542591,0.35312960616245115,-1.4067638786238235,False,-2.8135277572476474,TURTLE20,4,
ETH,5m,20bar,1730709900000,1730711700000,-1,2453.939114,2463.036589039705,2463.1599896050766,,TRAIL,-1.2863983698897954,0.3150083561555719,-1.3065636038833188,False,-2.6131272077666376,TURTLE20,7,
ETH,5m,20bar,1730712900000,1730714400000,-1,2447.86033,2458.193548125408,2457.7020077238635,,SL,-1.2935144041624278,0.28678720371640537,-1.3490434075169124,False,-2.698086815033825,TURTLE20,6,
ETH,5m,20bar,1730715600000,1730727000000,1,2468.29356,2467.662364085837,2458.0755136559674,,TRAIL,-0.3280410612395476,0.27040914821509604,-0.35161021467793857,False,-0.7032204293558773,TURTLE20,39,
ETH,5m,20bar,1730728500000,1730740800000,-1,2461.60758,2418.50560087397,2472.320101383586,,TRAIL,3.4741958887187994,0.2532161091960625,3.750182592779681,False,7.500365185559363,TURTLE20,42,
ETH,5m,20bar,1730744700000,1730753700000,1,2429.145732,2415.5188104363874,2416.002010838555,,SL,-1.2527490352434563,0.22024621411888456,-1.2579177605786178,False,-2.515835521157235,TURTLE20,31,
ETH,5m,20bar,1730755500000,1730755500000,-1,2397.660372,2413.45473966392,2412.972145234873,,SL,-1.184462696144409,0.18302794835334918,-1.2200439782096038,False,-2.4400879564192075,TURTLE20,1,
ETH,5m,20bar,1730757300000,1730757900000,-1,2363.2672519999996,2388.360449058749,2387.8828724842524,,SL,-1.0752211195860737,0.10969836893816085,-1.1352211778395336,False,-2.270442355679067,TURTLE20,3,
ETH,5m,20bar,1730770200000,1730770800000,-1,2380.87373,2397.0951461855434,2396.6158230209394,,SL,-1.1223948896428988,0.1685680750005284,-1.2125577892256285,False,-2.4251155784512575,TURTLE20,3,
ETH,5m,20bar,1730777400000,1730801100000,1,2415.392982,2427.7333152497017,2403.8966558888787,,TRAIL,0.7412063592922914,0.22829649852855935,0.8206497780387167,False,1.6412995560774337,TURTLE20,80,
ETH,5m,20bar,1730810700000,1730811900000,1,2442.708444,2434.8017425620405,2435.288800322105,,SL,-1.3403724850975491,0.36209112138241323,-1.4600711328189278,False,-2.9201422656378555,TURTLE20,5,
ETH,5m,20bar,1730816700000,1730818500000,1,2456.64123,2461.964847462699,2446.2107035988474,,TRAIL,0.2027085938440769,0.25215505941190436,0.22745293238113906,False,0.45490586476227807,TURTLE20,7,
ETH,5m,20bar,1730820900000,1730824200000,-1,2430.2738480000003,2451.215462002346,2450.7253169389583,,SL,-1.0449341407019563,0.12821264445963654,-1.167178145471805,False,-2.3343562909436106,TURTLE20,12,
ETH,5m,20bar,1730830500000,1730837100000,-1,2445.290844,2421.275719373987,2459.9289564997084,,TRAIL,1.260061783582577,0.1744144353642925,1.4411137152012805,False,2.882227430402561,TURTLE20,23,
ETH,5m,20bar,1730844000000,1730845800000,-1,2412.587386,2423.716560659186,2424.6462499289837,,TRAIL,-1.0466822197801284,0.21646734462720718,-1.163538879766098,False,-2.327077759532196,TURTLE20,7,
ETH,5m,20bar,1730847600000,1730850600000,1,2432.596422,2420.274410571483,2420.7585622839397,,SL,-1.1306841524730733,0.216115005170743,-1.286865556228235,False,-2.57373111245647,TURTLE20,11,
ETH,5m,20bar,1730852700000,1730855700000,1,2445.23895,2487.1158092196306,2431.29838370159,,TRAIL,2.389726053907951,0.1817227661591515,2.791668970329938,False,5.583337940659876,TURTLE20,11,
ETH,5m,20bar,1730859600000,1730862600000,1,2521.65423,2596.1394901174267,2495.1281404307865,,TRAIL,2.4332866038050747,0.10462618324731002,2.6922394158029346,False,5.38447883160587,TURTLE20,11,
ETH,5m,20bar,1730869500000,1730872800000,-1,2571.8855200000003,2599.3967443577217,2598.876968963929,,SL,-1.0803140606375468,0.1094912802323495,-1.1342108294092783,False,-2.2684216588185566,TURTLE20,12,
ETH,5m,20bar,1730874300000,1730874600000,1,2623.314558,2600.38158496063,2600.9017653136925,,SL,-1.0826533078014409,0.1301740252969475,-1.1630496515979267,False,-2.3260993031958535,TURTLE20,2,
ETH,5m,20bar,1730878500000,1730878800000,1,2632.406376,2604.529704623502,2605.0507147664553,,SL,-1.0309744953933002,0.10443618292406763,-1.1339090932605917,False,-2.2678181865211835,TURTLE20,2,
ETH,5m,20bar,1730881500000,1730883600000,-1,2575.964704,2608.605717656135,2608.0841008359675,,SL,-0.9890933301855879,0.08606051188598926,-1.1130892678872981,False,-2.2261785357745962,TURTLE20,8,
ETH,5m,20bar,1730895000000,1730898000000,1,2639.237742,2627.8801291943028,2624.8120643456296,,TRAIL,-0.8743734299681215,0.19033468246534782,-1.0063917880499553,False,-2.01278357609991,TURTLE20,11,
ETH,5m,20bar,1730899200000,1730903400000,-1,2615.056884,2634.080446901542,2633.553736154311,,SL,-1.0205324234253748,0.14495748604755238,-1.1987469605694379,False,-2.3974939211388753,TURTLE20,15,
ETH,5m,20bar,1730906100000,1730907600000,1,2648.169528,2636.10060387847,2626.9038953668373,,TRAIL,-0.5954595639815962,0.12388485335760083,-0.7166251041547673,False,-1.4332502083095349,TURTLE20,6,
ETH,5m,20bar,1730916600000,1730924700000,1,2669.403774,2675.6620737978433,2652.4852664820983,,TRAIL,0.14770932089964037,0.155250481123293,0.1803504408374272,False,0.3607008816748544,TURTLE20,28,
ETH,5m,20bar,1730932800000,1730935800000,1,2706.411174,2719.5776095443684,2688.5220194652775,,TRAIL,0.4553812320417226,0.14958729372881835,0.5540140119537343,False,1.1080280239074687,TURTLE20,11,
ETH,5m,20bar,1730939700000,1730940900000,-1,2703.019288,2720.6768480853993,2720.132821521095,,SL,-1.0155265545548935,0.158032688891043,-1.2219438926083381,False,-2.4438877852166767,TURTLE20,5,
ETH,5m,20bar,1730941500000,1730943600000,1,2745.889068,2811.0302132543516,2725.833412178037,,TRAIL,2.498591483858113,0.13478543800324844,3.08177375171717,False,6.16354750343434,TURTLE20,8,
ETH,5m,20bar,1730948100000,1730952900000,1,2866.9632779999997,2841.141780178605,2839.2111434849903,,TRAIL,-0.9070795337814881,0.10622255467040922,-1.053841852794587,False,-2.107683705589174,TURTLE20,17,
ETH,5m,20bar,1730954700000,1730956800000,-1,2829.3540160000002,2852.6127220666635,2852.0423136039426,,SL,-0.9903876407714843,0.1266095769919434,-1.175402693275182,False,-2.3508053865503644,TURTLE20,8,
ETH,5m,20bar,1730960100000,1730963100000,-1,2813.227242,2811.4577197284716,2832.6937083414823,,TRAIL,-0.06785052668004325,0.14264269190442935,-0.08246430951302193,False,-0.16492861902604386,TURTLE20,11,
ETH,5m,20bar,1730967000000,1730967900000,1,2832.3063479999996,2814.134571226086,2814.6975107282315,,SL,-1.0057294802332732,0.15803951480837902,-1.2243648454867309,False,-2.448729690973462,TURTLE20,4,
ETH,5m,20bar,1730980500000,1730981700000,-1,2802.53938,2811.5244780930857,2816.5847607858877,,TRAIL,-0.7047921200229601,0.19217564126558445,-0.8795444278985478,False,-1.7590888557970956,TURTLE20,5,
ETH,5m,20bar,1730990700000,1730991900000,-1,2792.981292,2804.4570936117766,2811.6017767240246,,TRAIL,-0.62714892213931,0.1419859036383083,-0.7966637207894119,False,-1.593327441578824,TURTLE20,5,
ETH,5m,20bar,1730992800000,1731006900000,1,2821.204128,2860.057266492453,2797.8790588329343,,TRAIL,1.177184814386353,0.11321221013434521,1.519583131860717,False,3.039166263721434,TURTLE20,48,
ETH,5m,20bar,1731010800000,1731017400000,1,2899.7098260000002,2877.7938470208605,2873.5309385528208,,TRAIL,-0.773936644143137,0.10569703817353188,-0.9695782998481366,False,-1.9391565996962734,TURTLE20,23,
ETH,5m,20bar,1731018300000,1731022500000,-1,2869.485988,2891.6328197407292,2891.0546088189653,,SL,-0.9291699596363202,0.1254451437698232,-1.1870718689096773,False,-2.3741437378193546,TURTLE20,15,
ETH,5m,20bar,1731023100000,1731026100000,1,2900.559996,2929.6402739617088,2882.047173659599,,TRAIL,1.0559601847828581,0.14439265215824135,1.3818615729868131,False,2.7637231459736267,TURTLE20,11,
ETH,5m,20bar,1731033600000,1731039600000,-1,2893.3612120000003,2915.6191184715744,2915.0361112493247,,SL,-0.9326740084744352,0.1262748620046792,-1.1877007765403924,False,-2.375401553080785,TURTLE20,21,
ETH,5m,20bar,1731045300000,1731048000000,1,2925.88506,2912.3345733139577,2912.917156745307,,SL,-1.008146812934191,0.20708279204873792,-1.3150482488261208,False,-2.6300964976522416,TURTLE20,10,
ETH,5m,20bar,1731048900000,1731050700000,-1,2906.288626,2912.043091469479,2918.6333560998364,,TRAIL,-0.5590542714778604,0.2110935496777014,-0.7489401894726757,False,-1.4978803789453514,TURTLE20,7,
ETH,5m,20bar,1731059100000,1731060000000,1,2920.3339499999997,2906.9727450340715,2907.5542558852485,,SL,-0.9699010100395358,0.20116437724423936,-1.3190917428524493,False,-2.6381834857048987,TURTLE20,4,
ETH,5m,20bar,1731063300000,1731066900000,1,2923.5345899999998,2915.84077997328,2912.0950123994626,,TRAIL,-0.7007282861811401,0.21925460988988746,-0.9788329289516917,False,-1.9576658579033834,TURTLE20,13,
ETH,5m,20bar,1731074100000,1731076500000,1,2952.670416,2935.308887022701,2935.896066235948,,SL,-0.8742531302195591,0.1478177375681799,-1.2456111177489433,False,-2.4912222354978866,TURTLE20,9,
ETH,5m,20bar,1731077100000,1731079200000,-1,2920.975688,2936.0409381844065,2942.020709763627,,TRAIL,-0.6042019807837499,0.11428171808631296,-0.8828434757063921,False,-1.765686951412784,TURTLE20,8,
ETH,5m,20bar,1731085800000,1731088200000,-1,2894.690946,2919.1028020951785,2918.5190982755234,,SL,-0.7871863266287025,0.09841972549606978,-1.1708894597209196,False,-2.3417789194418397,TURTLE20,9,
ETH,5m,20bar,1731090000000,1731095700000,1,2928.505584,2954.194954613161,2908.912273985253,,TRAIL,0.7425530843178334,0.11827436785796366,1.1309855391107462,False,2.2619710782214923,TURTLE20,20,
ETH,5m,20bar,1731097500000,1731103200000,-1,2942.6013620000003,2951.1271639548117,2965.101565421463,,TRAIL,-0.3599307074807288,0.1055211576915568,-0.5360857786236073,False,-1.0721715572472146,TURTLE20,20,
ETH,5m,20bar,1731104700000,1731118200000,1,2958.781638,2969.4296421830236,2940.247029761192,,TRAIL,0.25411593855013126,0.12746607195845047,0.38258577270957905,False,0.7651715454191581,TURTLE20,46,
ETH,5m,20bar,1731127200000,1731127200000,-1,2959.80792,2971.5317752110313,2970.937587693493,,SL,-0.9190312192318701,0.21401065122469126,-1.3731460317628001,False,-2.7462920635256003,TURTLE20,1,
ETH,5m,20bar,1731129000000,1731134100000,1,2977.935468,3046.2327376855974,2966.854656352027,,TRAIL,3.799589997034751,0.21232272235222382,5.837367407469446,False,11.67473481493889,TURTLE20,18,
ETH,5m,20bar,1731138300000,1731144000000,-1,3027.09446,3042.962346684001,3042.3538759088196,,SL,-0.9293776667061957,0.17349251077491218,-1.2785496433540413,False,-2.557099286708082,TURTLE20,20,
ETH,5m,20bar,1731147000000,1731154200000,1,3054.7708319999997,3041.2780988066133,3041.8864761018335,,SL,-0.9428344288322976,0.2010767338974065,-1.331099721819324,False,-2.6621994436386482,TURTLE20,25,
ETH,5m,20bar,1731154800000,1731159900000,-1,3039.052068,3052.2738438152296,3051.663511113007,,SL,-0.9226262440289106,0.1998042265760946,-1.3381950987760156,False,-2.6763901975520312,TURTLE20,18,
ETH,5m,20bar,1731160500000,1731161100000,1,3054.330744,3042.564290872771,3043.172925457862,,SL,-0.9275961056580759,0.21999117136858246,-1.3824019533837602,False,-2.7648039067675203,TURTLE20,3,
ETH,5m,20bar,1731163500000,1731164100000,-1,3030.1938400000004,3042.3819071437065,3041.7735524332197,,SL,-0.892021766256045,0.20529316437786155,-1.3671852978468493,False,-2.7343705956936986,TURTLE20,3,
ETH,5m,20bar,1731169200000,1731172800000,-1,3028.3442099999997,3012.4438302765548,3041.609197794507,,TRAIL,0.5872921623414161,0.1733985521165148,0.925436727831904,False,1.8508734556638085,TURTLE20,13,
ETH,5m,20bar,1731175500000,1731179700000,1,3040.487976,3064.2932802042674,3024.702327139233,,TRAIL,0.824748955071389,0.14997924082286482,1.2759966744608542,False,2.5519933489217084,TURTLE20,15,
ETH,5m,20bar,1731192300000,1731194100000,1,3093.958668,3135.7315650055343,3081.2953603601627,,TRAIL,1.9909187969374622,0.19565316727883159,3.0035662046206992,False,6.0071324092413985,TURTLE20,7,
ETH,5m,20bar,1731201000000,1731204300000,-1,3108.298216,3130.2507739476773,3129.624848977882,,SL,-0.8466216471368812,0.12332864775452404,-1.2048637667415671,False,-2.4097275334831343,TURTLE20,12,
ETH,5m,20bar,1731213300000,1731217800000,1,3173.524578,3191.0473612200876,3153.5777216662873,,TRAIL,0.471120621957664,0.131281625482343,0.6870275609993998,False,1.3740551219987995,TURTLE20,16,
ETH,5m,20bar,1731228300000,1731229200000,-1,3171.325608,3189.3039166651984,3188.666183428513,,SL,-0.8737192278623274,0.15299337334193303,-1.256860619755483,False,-2.513721239510966,TURTLE20,4,
ETH,5m,20bar,1731233400000,1731234300000,1,3206.061084,3188.9996319648744,3189.6375594767696,,SL,-0.8623365214676361,0.15832803664322137,-1.2724728139288897,False,-2.5449456278577793,TURTLE20,4,
ETH,5m,20bar,1731239400000,1731240300000,1,3228.3955499999997,3207.0898947074907,3207.73144099569,,SL,-0.8043526149624884,0.12340947759712503,-1.217906204138013,False,-2.4358124082760257,TURTLE20,4,
ETH,5m,20bar,1731249600000,1731250500000,-1,3187.4123900000004,3198.349077830423,3205.915046010703,,TRAIL,-0.51429811472652,0.1334298308246647,-0.7981635016388287,False,-1.596327003277657,TURTLE20,4,
ETH,5m,20bar,1731256500000,1731261300000,1,3220.6840079999997,3215.6984682800494,3201.0212339831337,,TRAIL,-0.2853012930700954,0.1245324932516357,-0.4499552910555375,False,-0.8999105821110751,TURTLE20,17,
ETH,5m,20bar,1731267900000,1731273300000,-1,3190.981676,3113.9588190474806,3217.4671457245026,,TRAIL,1.7375945380668523,0.08974969599065633,2.7652857743253114,False,5.530571548650622,TURTLE20,19,
ETH,5m,20bar,1731275700000,1731277800000,1,3185.116896,3169.783027837685,3146.340549788126,,TRAIL,-0.32742830069731843,0.06520483426241029,-0.4937754581620275,False,-0.987550916324055,TURTLE20,8,
ETH,5m,20bar,1731285300000,1731295200000,1,3204.220716,3181.5925078219584,3175.7876662689355,,TRAIL,-0.6109953765340674,0.08847499242471962,-0.9305964841128707,False,-1.8611929682257413,TURTLE20,34,
ETH,5m,20bar,1731295800000,1731296700000,-1,3172.695334,3193.173498359878,3192.534991361606,,SL,-0.7891290527340473,0.12404865496943673,-1.2247028875768446,False,-2.4494057751536893,TURTLE20,4,
ETH,5m,20bar,1731299400000,1731304800000,-1,3167.7763179999997,3132.8551382189744,3185.578551827988,,TRAIL,1.0995183633439845,0.13347749161749106,1.749263671525031,False,3.498527343050062,TURTLE20,19,
ETH,5m,20bar,1731316500000,1731321000000,1,3156.1210979999996,3189.4026646752736,3139.824954629598,,TRAIL,1.176628442069528,0.15199008883799753,1.8086642801144044,False,3.617328560228808,TURTLE20,16,
ETH,5m,20bar,1731327600000,1731333900000,-1,3171.535566,3176.8905701098333,3195.7476019881437,,TRAIL,-0.25513519672522067,0.10604734067543259,-0.37849191187336095,False,-0.756983823746722,TURTLE20,22,
ETH,5m,20bar,1731338100000,1731342600000,1,3201.8002319999996,3270.2597845924474,3168.9029654529336,,TRAIL,1.313188836761125,0.07896737455237358,1.9629690658372367,False,3.925938131674474,TURTLE20,16,
ETH,5m,20bar,1731351000000,1731354600000,1,3326.385144,3300.6331593811656,3293.7075551655944,,TRAIL,-0.6324937318689012,0.08459741574925667,-0.909742629773313,False,-1.8194852595466258,TURTLE20,13,
ETH,5m,20bar,1731357600000,1731362700000,1,3354.07068,3317.4350678172036,3318.0986875547146,,SL,-0.7711454983451839,0.07595801487336572,-1.1297265697278032,False,-2.2594531394556063,TURTLE20,18,
ETH,5m,20bar,1731363300000,1731365400000,-1,3306.898488,3327.9429417381175,3337.657325829081,,TRAIL,-0.5428103704661648,0.08634747160126768,-0.8135989641422746,False,-1.627197928284549,TURTLE20,8,
ETH,5m,20bar,1731367200000,1731370200000,1,3377.835432,3341.404184667262,3342.0725991870995,,SL,-0.7425688309075857,0.07398646169614664,-1.1314201901853407,False,-2.2628403803706814,TURTLE20,11,
ETH,5m,20bar,1731370800000,1731371100000,-1,3260.287812,3305.9456799588434,3305.2846230342366,,SL,-0.7070522381439923,0.05616404018849924,-1.1022471796119253,False,-2.2044943592238506,TURTLE20,2,
ETH,5m,20bar,1731380100000,1731381600000,-1,3285.8327019999997,3325.0792847996895,3324.414401919306,,SL,-0.7026285083341428,0.06449449825409133,-1.1200421464619235,False,-2.2400842929238474,TURTLE20,6,
ETH,5m,20bar,1731384000000,1731402600000,1,3342.238314,3399.7049507369397,3308.8283184986913,,TRAIL,0.980599445991881,0.07425268230937945,1.5989667156945258,False,3.1979334313890515,TURTLE20,63,
ETH,5m,20bar,1731405000000,1731408900000,-1,3356.4685719999998,3282.276324,3393.1869159165453,,TRAIL,1.210132512351147,0.06865582120487364,1.9120960689832018,False,3.8241921379664037,TURTLE20,14,
ETH,5m,20bar,1731415500000,1731420000000,-1,3242.471376,3274.047361737914,3284.051513776422,,TRAIL,-0.5607788742261252,0.06178780336804369,-0.8534338479435901,False,-1.7068676958871802,TURTLE20,16,
ETH,5m,20bar,1731423300000,1731427500000,1,3290.988066,3246.9106987251453,3247.5602107672985,,SL,-0.713869415635035,0.05833994515049184,-1.1052838385982515,False,-2.2105676771965026,TURTLE20,15,
ETH,5m,20bar,1731428100000,1731429600000,-1,3217.036464,3256.8353595117183,3256.1841226871807,,SL,-0.7047672552145643,0.06266808657353155,-1.1158577567789385,False,-2.231715513557877,TURTLE20,6,
ETH,5m,20bar,1731436500000,1731442500000,1,3284.016672,3259.2624459762274,3253.9136051651813,,TRAIL,-0.5883099722442239,0.08053243483897302,-0.9527332763778661,False,-1.9054665527557322,TURTLE20,21,
ETH,5m,20bar,1731446400000,1731447600000,-1,3256.038662,3282.837494708645,3282.1810584969458,,SL,-0.7118459337551246,0.09090518333653631,-1.1751852362218886,False,-2.3503704724437773,TURTLE20,5,
ETH,5m,20bar,1731453900000,1731458100000,-1,3247.180434,3262.6164696828373,3273.564540701393,,TRAIL,-0.4336180290731172,0.08756419851439304,-0.7330895847243507,False,-1.4661791694487014,TURTLE20,15,
ETH,5m,20bar,1731460500000,1731464100000,1,3275.90505,3246.543892660259,3247.1933313265245,,SL,-0.6754444032073987,0.07943983875532307,-1.1589214523781588,False,-2.3178429047563176,TURTLE20,13,
ETH,5m,20bar,1731464700000,1731466500000,-1,3216.40659,3247.9135001247623,3247.264047315299,,SL,-0.6528540059814592,0.07155909070537461,-1.1467406992504534,False,-2.2934813985009064,TURTLE20,7,
ETH,5m,20bar,1731472500000,1731473700000,-1,3197.8902940000003,3194.3882627849443,3227.5240413198608,,TRAIL,-0.006257054340696594,0.0719937432645173,-0.011248524036362418,False,-0.02249704807272484,TURTLE20,5,
ETH,5m,20bar,1731477000000,1731486300000,-1,3141.641546,3167.1437767302164,3174.2486730269084,,TRAIL,-0.49951262161391075,0.06455964535212674,-0.8981932661435061,False,-1.7963865322870123,TURTLE20,32,
ETH,5m,20bar,1731486900000,1731488400000,1,3176.6552039999997,3152.1752373696704,3152.8057985293763,,SL,-0.6475360964400614,0.08695634830803539,-1.185659111292383,False,-2.3713182225847658,TURTLE20,6,
ETH,5m,20bar,1731495900000,1731499800000,1,3180.375948,3160.0897978836583,3159.1596671070447,,TRAIL,-0.6054201239773769,0.09560590560088646,-1.1354690148296047,False,-2.2709380296592094,TURTLE20,14,
ETH,5m,20bar,1731504600000,1731506100000,1,3180.7960319999997,3212.4852096023546,3160.5305364909477,,TRAIL,0.7161818393212009,0.09863320112992463,1.374415387225675,False,2.7488307744513496,TURTLE20,6,
ETH,5m,20bar,1731508500000,1731510300000,1,3282.436356,3271.73890378217,3243.6775274234355,,TRAIL,-0.2020945501197986,0.05432263676638579,-0.3774612884597263,False,-0.7549225769194526,TURTLE20,7,
ETH,5m,20bar,1731514500000,1731515400000,1,3333.096486,3290.1243176011208,3290.78247409594,,SL,-0.5895307768762107,0.04990309012878964,-1.1094693877640946,False,-2.2189387755281893,TURTLE20,4,
ETH,5m,20bar,1731523200000,1731523800000,-1,3258.7181259999998,3287.358568965312,3286.701228719568,,SL,-0.6047032664543404,0.07292599750741091,-1.1638483876742138,False,-2.327696775348428,TURTLE20,3,
ETH,5m,20bar,1731524700000,1731528300000,-1,3253.569156,3171.7432343784744,3283.5225058489627,,TRAIL,1.3210022548557894,0.06531567704970129,2.6030722633848544,False,5.206144526769709,TURTLE20,13,
ETH,5m,20bar,1731532800000,1731533400000,-1,3122.2554240000004,3165.3684525845456,3164.735505483449,,SL,-0.5892676554522781,0.04741447032932964,-1.1037079325933976,False,-2.2074158651867957,TURTLE20,3,
ETH,5m,20bar,1731540300000,1731547200000,1,3188.3575439999995,3168.566143240202,3163.74594482233,,TRAIL,-0.5007705076879604,0.08091383335701567,-0.9591231679719319,False,-1.918246335943864,TURTLE20,24,
ETH,5m,20bar,1731549600000,1731551100000,1,3216.4931699999997,3190.658580798049,3191.2460150227434,,TRAIL,-0.6019877445767594,0.0779751823280102,-1.1755336503921108,False,-2.3510673007842215,TURTLE20,6,
ETH,5m,20bar,1731556800000,1731566700000,1,3218.123496,3208.308724326447,3196.6062030214794,,TRAIL,-0.31770277845789074,0.0896094132499269,-0.6353322892147917,False,-1.2706645784295831,TURTLE20,34,
ETH,5m,20bar,1731567300000,1731569700000,-1,3194.800912,3201.791290700629,3212.818014850956,,TRAIL,-0.29671737965071826,0.10516742870212918,-0.6010030642454041,False,-1.2020061284908081,TURTLE20,9,
ETH,5m,20bar,1731580800000,1731584700000,-1,3192.441384,3184.578631777326,3212.871859359975,,TRAIL,0.09637074953246622,0.09134924954193968,0.19757446374036827,False,0.3951489274807366,TURTLE20,14,
ETH,5m,20bar,1731589500000,1731591000000,1,3195.38895,3175.555222828304,3176.190460920488,,SL,-0.6034020830833893,0.09750236544682432,-1.232195595050129,False,-2.464391190100258,TURTLE20,6,
ETH,5m,20bar,1731595200000,1731600900000,-1,3153.229228,3103.906201108452,3183.300241927235,,TRAIL,0.7237846269720227,0.05963058718583704,1.5153711060208677,False,3.0307422120417353,TURTLE20,20,
ETH,5m,20bar,1731602700000,1731605400000,1,3146.049084,3127.8259413518144,3109.6762320029907,,TRAIL,-0.2974781274741349,0.05092920994231669,-0.604502161810257,False,-1.2090043236205141,TURTLE20,10,
ETH,5m,20bar,1731615000000,1731619800000,-1,3116.236628,3117.648470294221,3138.608862845406,,TRAIL,-0.11195813126887749,0.08127841339617539,-0.23029319103789198,False,-0.46058638207578395,TURTLE20,17,
ETH,5m,20bar,1731623700000,1731624000000,-1,3073.2552259999998,3099.8502766617407,3099.2304305756256,,SL,-0.5644658944110709,0.06900262213497482,-1.166455258326215,False,-2.33291051665243,TURTLE20,2,
ETH,5m,20bar,1731626100000,1731629100000,-1,3054.518974,3075.757937830178,3084.174981110986,,TRAIL,-0.3971030361450598,0.05861874725502787,-0.8402051525016615,False,-1.6804103050033228,TURTLE20,11,
ETH,5m,20bar,1731639300000,1731644400000,1,3085.196916,3060.759943697912,3061.3722181415405,,SL,-0.5485497859608739,0.07192357742912234,-1.1804786186583405,False,-2.360957237316681,TURTLE20,18,
ETH,5m,20bar,1731645300000,1731648000000,-1,3045.49078,3044.8038194266014,3066.1433022896194,,TRAIL,-0.06518647958252424,0.08027824862828792,-0.14367330753342153,False,-0.28734661506684306,TURTLE20,10,
ETH,5m,20bar,1731650700000,1731652200000,1,3068.493576,3045.7364730444256,3046.3457421928642,,SL,-0.539791429943162,0.07493651298104995,-1.1931478814188639,False,-2.3862957628377277,TURTLE20,6,
ETH,5m,20bar,1731657600000,1731659700000,-1,3038.99208,3048.6883751480163,3056.721039762839,,TRAIL,-0.33251009957356037,0.09098343903422977,-0.7529434100857819,False,-1.5058868201715636,TURTLE20,8,
ETH,5m,20bar,1731661500000,1731669000000,1,3079.2157199999997,3085.5216163296955,3059.704381244889,,TRAIL,0.05811867762702351,0.08245776078616539,0.1336173781112408,False,0.2672347562224816,TURTLE20,26,
ETH,5m,20bar,1731672900000,1731673200000,1,3129.385752,3108.8916565233403,3109.513559235187,,SL,-0.5319196051641822,0.0821451560446444,-1.2196470821624557,False,-2.4392941643249113,TURTLE20,2,
ETH,5m,20bar,1731678000000,1731678300000,-1,3083.6231519999997,3104.643158899642,3104.0223544287564,,SL,-0.5158812874754548,0.0774450756081293,-1.2124477303738466,False,-2.424895460747693,TURTLE20,2,
ETH,5m,20bar,1731680700000,1731681900000,-1,3068.316214,3077.257791060013,3091.533211383324,,TRAIL,-0.22583226244130397,0.06593764411112657,-0.5439515392339219,False,-1.0879030784678438,TURTLE20,5,
ETH,5m,20bar,1731683400000,1731699900000,-1,3037.522374,3057.2922309227574,3066.9104250432406,,TRAIL,-0.32735302751235956,0.05109944095047601,-0.7971520687520872,False,-1.5943041375041747,TURTLE20,56,
ETH,5m,20bar,1731702000000,1731702600000,1,3077.075292,3053.6357527641458,3054.2466020845627,,SL,-0.48003349473303053,0.06511432301925885,-1.1878897108491253,False,-2.3757794216982506,TURTLE20,3,
ETH,5m,20day_equiv,1730757300000,1730861700000,-1,2363.2672519999996,2572.6159753683687,2572.1015550573575,,SL,-20.332890736487624,0.28362485406505433,-1.0166445368243813,False,-2.0332890736487625,TURTLE20,349,
ETH,5m,20day_equiv,1730942100000,1731596400000,1,2781.746238,3097.2646790559174,2546.6287278388536,,TRAIL,25.999539947563193,0.2939537915228857,1.3269578871086605,False,2.653915774217321,TURTLE20,2182,
ETH,5m,20day_equiv,1732371000000,1733778000000,1,3468.753612,3580.7810683273265,3126.736800849631,,TRAIL,6.3393718634727065,0.24874152460342563,0.31518256414517726,False,0.6303651282903545,TURTLE20,4691,
ETH,5m,20day_equiv,1734630600000,1736179500000,-1,3464.376986,3721.035735530806,3879.268442573286,,TRAIL,-12.731195317001957,0.21032048232047545,-0.6290078839394636,False,-1.2580157678789272,TURTLE20,5164,
ETH,5m,20day_equiv,1736452800000,1736970300000,-1,3191.1316460000003,3426.175217565751,3534.7496550119563,,TRAIL,-13.901519865411407,0.23092531786983722,-0.6955804102676517,False,-1.3911608205353037,TURTLE20,1726,
ETH,5m,20day_equiv,1738521600000,1738596300000,-1,2943.0912639999997,2686.7187725545123,3341.086006626675,,TRAIL,12.52750873410032,0.1672624464530087,0.6356732346609589,False,1.2713464693219176,TURTLE20,250,
ETH,5m,20day_equiv,1740438000000,1743029700000,-1,2504.14907,1998.1595519999998,2848.3414702264345,,TIME,29.183191575942814,0.15663997596588886,1.4622290686711887,False,2.9244581373423775,TURTLE20,8640,
ETH,5m,20day_equiv,1743684300000,1745334000000,-1,1765.116906,1712.5334981807887,1984.3404258378675,,TRAIL,4.731652309523927,0.19551765861281356,0.23034397775407067,False,0.46068795550814134,TURTLE20,5499,
ETH,5m,20day_equiv,1745713200000,1747597200000,1,1845.348996,2423.0534629593885,1636.3926601517508,,TRAIL,56.80057413865064,0.2529258264089752,2.7524574603074043,False,5.504914920614809,TURTLE20,6281,
ETH,5m,20day_equiv,1748485800000,1749154800000,1,2745.549,2447.262300452817,2447.7518508229814,,SL,-22.03590808188575,0.22779178472536055,-1.0121063521272768,False,-2.0242127042545537,TURTLE20,2231,
ETH,5m,20day_equiv,1749555900000,1749773400000,1,2789.60781,2543.173420658222,2543.6821570896395,,SL,-21.653273787386762,0.2775394661859669,-1.0150793751116478,False,-2.0301587502232956,TURTLE20,726,
ETH,5m,20day_equiv,1750441200000,1750906800000,-1,2381.133678,2513.4301667766863,2648.958489829455,,TRAIL,-10.55233502667459,0.2291555645608663,-0.5049316609607698,False,-1.0098633219215396,TURTLE20,1553,
ETH,5m,20day_equiv,1752039600000,1753340400000,1,2637.6174180000003,3512.095732343646,2406.8034591069654,,TRAIL,78.04741077855712,0.33071350566656504,3.7726855456648707,False,7.545371091329741,TURTLE20,4337,
ETH,5m,20day_equiv,1753656300000,1754076000000,1,3872.57436,3528.151897507562,3528.85766904137,,SL,-22.581551454714024,0.2874250285013643,-1.0149722356338304,False,-2.029944471267661,TURTLE20,1388,
ETH,5m,20day_equiv,1754623500000,1755495900000,1,3953.730588,4255.960010606671,3597.000171437215,,TRAIL,18.16573638476239,0.3009753082255132,0.8334125559354456,False,1.6668251118708912,TURTLE20,2909,
ETH,5m,20day_equiv,1755882900000,1756154400000,1,4808.371482,4341.689743013832,4342.558254664766,,SL,-22.462621363787417,0.2611774417550061,-1.0136504247041596,False,-2.027300849408319,TURTLE20,906,
ETH,5m,20day_equiv,1758520800000,1759308600000,-1,4214.70689,4318.449354982468,4544.798083764896,,TRAIL,-7.160133250464729,0.33674744773600096,-0.329794798485276,False,-0.6595895969705519,TURTLE20,2627,
ETH,5m,20day_equiv,1759759500000,1760024100000,1,4644.048624,4301.330506023285,4302.190944212128,,SL,-21.960572197841042,0.3386163424351677,-1.0182171296275133,False,-2.0364342592550266,TURTLE20,883,
ETH,5m,20day_equiv,1760130900000,1760280300000,-1,3723.815088,3953.1415504530873,4109.9918906806615,,TRAIL,-12.798894821007895,0.2520124478342649,-0.6057656358753463,False,-1.2115312717506928,TURTLE20,499,
ETH,5m,20day_equiv,1762183800000,1764775500000,-1,3632.453364,3073.4645699999996,4040.4718668590494,,TIME,28.38964864606837,0.20582765099049777,1.360147246634337,False,2.7202944932686735,TURTLE20,8640,
ETH,5m,20day_equiv,1765295700000,1765823700000,1,3248.919654,2907.391910127411,2890.1969270195614,,TRAIL,-20.63333020254115,0.22077164602207117,-0.9623631424665502,False,-1.9247262849331006,TURTLE20,1761,
ETH,5m,20day_equiv,1767574200000,1768918500000,1,3166.663206,3061.5025007604418,2939.080981153293,,TRAIL,-10.061665240187365,0.3452732606676512,-0.47849784725922817,False,-0.9569956945184563,TURTLE20,4482,
ETH,5m,20day_equiv,1768948500000,1770438000000,-1,2934.083066,2108.265486949045,3179.36994425452,,TRAIL,69.86015022530543,0.25687596961354453,3.3544076053894063,False,6.708815210778813,TURTLE20,4966,
ETH,5m,20day_equiv,1772640000000,1774618500000,1,2149.5898319999997,1972.3966283774134,1874.4556072347057,,TRAIL,-14.512298982537047,0.1997685758059144,-0.6530136178153736,False,-1.3060272356307472,TURTLE20,6596,
ETH,5m,20day_equiv,1774824300000,1775601300000,-1,1965.226876,2182.3399059782914,2181.903525273237,,SL,-22.229410204506152,0.25190520266475014,-1.0134990123949768,False,-2.0269980247899535,TURTLE20,2591,
ETH,5m,20day_equiv,1775604300000,1778196000000,1,2251.460202,2287.212466,2050.766321143632,,TIME,3.5364955320428244,0.29157951363658796,0.16457432712080458,False,0.32914865424160916,TURTLE20,8640,
ETH,5m,20day_equiv,1778915700000,1781507400000,-1,2190.381836,1720.313994,2347.092659527869,,TIME,64.34672138777631,0.3228081184520628,2.98461468054772,False,5.96922936109544,TURTLE20,8640,
ETH,5m,20day_equiv,1783372200000,1785963900000,1,1823.804688,1909.1081020000001,1667.1282263940632,,TIME,12.11226238488547,0.32659780988903037,0.5301604687430151,False,1.0603209374860303,TURTLE20,8640,
ETH,5m,20day_equiv,1787151300000,1787375400000,1,1959.3917999999999,2412.851407430162,1869.1631407065734,,TRAIL,115.36469901964357,0.6712891992954473,4.996597145919781,False,9.993194291839561,TURTLE20,748,
ETH,5m,20day_equiv,1787823000000,1788340800000,1,2553.880674,2379.8864338101093,2380.3625063113714,,SL,-25.898885509730267,0.43326076181819617,-1.0198038788198498,False,-2.0396077576396996,TURTLE20,1727,
ETH,5m,20day_equiv,1789134600000,1789483500000,1,2569.633824,2404.914343782711,2405.3954228672847,,SL,-25.402951910211733,0.45211104197986635,-1.0211022998357278,False,-2.0422045996714555,TURTLE20,1164,
ETH,5m,20day_equiv,1789949700000,1790854500000,1,2678.0355,2700.72,2473.386262866717,,END,2.316995495747803,0.3843057280934491,0.09507607735340652,False,0.19015215470681307,TURTLE20,3016,
ETH,15m,20bar,1727803800000,1727805600000,-1,2468.9961019999996,2513.7447356103166,2513.242087192878,,SL,-21.578580702760288,1.3513743629093828,-1.0789290351380143,False,-2.1578580702760286,TURTLE20,3,
ETH,15m,20bar,1727834400000,1727861400000,1,2477.875476,2451.9611214349393,2449.0041107197617,,TRAIL,-19.569032452645477,2.004806218374695,-1.0000308694540394,False,-2.000061738908079,TURTLE20,31,
ETH,15m,20bar,1727863200000,1727876700000,-1,2449.46001,2445.4642166431945,2469.2861917030364,,TRAIL,1.0241711145729742,2.840794974105213,0.05340608881119501,False,0.10681217762239001,TURTLE20,16,
ETH,15m,20bar,1727885700000,1727890200000,1,2464.84287,2434.3087058108654,2434.7956649438543,,SL,-21.386732518311632,1.878077142704916,-1.1140355674370692,False,-2.2280711348741384,TURTLE20,6,
ETH,15m,20bar,1727892900000,1727923500000,-1,2411.837536,2392.8584602479023,2441.5982388361344,,TRAIL,10.151759243524689,1.8181660554092416,0.5408561163013089,False,1.0817122326026178,TURTLE20,35,
ETH,15m,20bar,1727928000000,1727939700000,1,2396.019108,2371.790656830217,2372.2651098521874,,SL,-21.636679197086487,2.2848916208400265,-1.1404032643311313,False,-2.2808065286622625,TURTLE20,14,
ETH,15m,20bar,1727941500000,1727946900000,-1,2367.4964059999998,2344.2669035477575,2386.27807819346,,TRAIL,20.1400236460054,2.790695731320504,1.0862954190851073,False,2.1725908381702146,TURTLE20,7,
ETH,15m,20bar,1727967600000,1727975700000,-1,2313.227262,2346.226281142765,2345.7571297168215,,SL,-20.84408127332363,1.6279849033524778,-1.100363874217083,False,-2.200727748434166,TURTLE20,10,
ETH,15m,20bar,1727985600000,1728051300000,1,2350.47,2359.617248559192,2325.8579228438375,,TRAIL,4.758094468592097,2.1272277593567512,0.2568331055501396,False,0.5136662111002791,TURTLE20,74,
ETH,15m,20bar,1728057600000,1728097200000,1,2413.9126859999997,2397.047640475096,2387.132094888971,,TRAIL,-13.733770066829019,2.007104748920058,-0.737534942335714,False,-1.475069884671428,TURTLE20,45,
ETH,15m,20bar,1728110700000,1728135900000,1,2419.563816,2407.1895192601432,2407.6710534708373,,SL,-23.55697468102522,4.467627087188728,-1.2840035024299845,False,-2.5680070048599686,TURTLE20,29,
ETH,15m,20bar,1728137700000,1728139500000,-1,2403.1692700000003,2413.8127260718356,2413.3300600598236,,SL,-23.809057500414823,5.084563650338264,-1.33194812507662,False,-2.6638962501532397,TURTLE20,3,
ETH,15m,20bar,1728147600000,1728162900000,-1,2401.309642,2405.9790328636054,2413.7124497935297,,TRAIL,-10.596739388076369,4.046320599002212,-0.609036614472392,False,-1.218073228944784,TURTLE20,18,
ETH,15m,20bar,1728203400000,1728227700000,1,2420.7240479999996,2441.466044656029,2411.258445620164,,TRAIL,32.36531900752279,5.297137804412095,1.8831007140556948,False,3.7662014281113896,TURTLE20,28,
ETH,15m,20bar,1728250200000,1728255600000,-1,2431.6735679999997,2431.810117169016,2444.040329085371,,TRAIL,-4.405206165354719,4.208283659497043,-0.2470039939342697,False,-0.49400798786853933,TURTLE20,7,
ETH,15m,20bar,1728261900000,1728279000000,1,2476.7952600000003,2481.8479747847546,2456.467491041483,,TRAIL,1.8137141557018266,2.5973824010623296,0.1022015179394821,False,0.20440303587896416,TURTLE20,20,
ETH,15m,20bar,1728287100000,1728300600000,-1,2476.4946019999998,2457.082573182242,2491.1858331201793,,TRAIL,19.913871936306585,3.58305345223312,1.1198436930211078,False,2.2396873860422155,TURTLE20,16,
ETH,15m,20bar,1728311400000,1728313200000,1,2503.590618,2478.1372931284714,2478.633019732418,,SL,-20.71956715179933,2.1774404117107187,-1.1396273516891233,False,-2.2792547033782466,TURTLE20,3,
ETH,15m,20bar,1728326700000,1728336600000,-1,2443.9211179999998,2453.988517274742,2468.4614207651052,,TRAIL,-9.416147692671942,2.127583860376588,-0.5299912222110402,False,-1.0599824444220802,TURTLE20,12,
ETH,15m,20bar,1728342000000,1728347400000,-1,2412.497404,2435.8551638437334,2436.564649738429,,TRAIL,-19.184782058131482,2.124690225388707,-1.0913908334138558,False,-2.1827816668277116,TURTLE20,7,
ETH,15m,20bar,1728365400000,1728369900000,-1,2416.06669,2435.5178318173334,2435.030825652203,,SL,-20.27548555846888,2.639329886699159,-1.179178051693932,False,-2.358356103387864,TURTLE20,6,
ETH,15m,20bar,1728396000000,1728396900000,1,2444.7188459999998,2425.120825459215,2425.605946648545,,SL,-19.781868633236147,2.566647929423849,-1.1782578838278657,False,-2.3565157676557313,TURTLE20,2,
ETH,15m,20bar,1728434700000,1728436500000,-1,2428.444214,2447.317557949434,2446.828192310972,,SL,-19.43852624177672,2.608701912492132,-1.1857499309381394,False,-2.3714998618762784,TURTLE20,3,
ETH,15m,20bar,1728438300000,1728441900000,1,2466.033108,2444.777167449763,2445.2662206939017,,SL,-18.65238418597403,2.2708050146912546,-1.165433526881987,False,-2.330867053763974,TURTLE20,5,
ETH,15m,20bar,1728458100000,1728486000000,-1,2429.61398,2443.5106573108355,2445.1789016597836,,TRAIL,-16.892638331283607,2.936405354061977,-1.0806705270276338,False,-2.161341054055267,TURTLE20,32,
ETH,15m,20bar,1728487800000,1728490500000,1,2465.863074,2444.9778958365873,2445.466989234434,,SL,-17.869918370495892,2.2094032099865926,-1.1684439939938505,False,-2.336887987987701,TURTLE20,4,
ETH,15m,20bar,1728500400000,1728521100000,-1,2410.827738,2378.01495136999,2431.123307061732,,TRAIL,22.0337421044713,2.1145882536581935,1.475173271827129,False,2.950346543654258,TURTLE20,24,
ETH,15m,20bar,1728540000000,1728547200000,1,2401.83027,2387.009496270615,2387.4869936693485,,SL,-18.969356640607273,3.0803937293739385,-1.2336147740063816,False,-2.4672295480127637,TURTLE20,9,
ETH,15m,20bar,1728550800000,1728554400000,-1,2377.994306,2386.6526841860577,2392.4283846709463,,TRAIL,-11.966858980577575,2.970410780309585,-0.797914895901991,False,-1.595829791803982,TURTLE20,5,
ETH,15m,20bar,1728584100000,1728590400000,-1,2347.210464,2370.9026084566344,2376.456962031689,,TRAIL,-13.384004669072235,1.428508496918626,-0.9068782276555062,False,-1.8137564553110122,TURTLE20,8,
ETH,15m,20bar,1728605700000,1728684900000,1,2386.787262,2440.3763145320204,2367.533070217995,,TRAIL,38.15121248152407,2.179745159105095,2.6328165295143164,False,5.265633059028633,TURTLE20,89,
ETH,15m,20bar,1728729000000,1728732600000,1,2451.870276,2452.9802524531824,2443.4092152212265,,TRAIL,-3.3044283214723587,5.30550304671031,-0.21663168624058207,False,-0.4332633724811641,TURTLE20,5,
ETH,15m,20bar,1728744300000,1728757800000,1,2468.6136239999996,2465.503172017068,2455.275204377056,,TRAIL,-6.912559934671789,3.3708926983748837,-0.4551455293923291,False,-0.9102910587846581,TURTLE20,16,
ETH,15m,20bar,1728783000000,1728807300000,-1,2464.35703,2470.091887056008,2477.686341912682,,TRAIL,-9.817599891200329,3.3427150620656576,-0.6523612368893744,False,-1.3047224737787486,TURTLE20,28,
ETH,15m,20bar,1728819900000,1728824400000,-1,2456.028696,2466.5251404604332,2466.0319340736187,,SL,-19.970754958750742,4.3854551502881565,-1.3445622970606468,False,-2.6891245941212936,TURTLE20,6,
ETH,15m,20bar,1728830700000,1728837000000,-1,2448.1202780000003,2450.314316717724,2459.0609906513237,,TRAIL,-6.781238235986386,3.882736206634309,-0.4691741423199823,False,-0.9383482846399646,TURTLE20,8,
ETH,15m,20bar,1728855000000,1728858600000,1,2462.672436,2462.341234422742,2449.2256146288105,,TRAIL,-3.4990983249677687,3.146440715756649,-0.2443856201252205,False,-0.488771240250441,TURTLE20,5,
ETH,15m,20bar,1728872100000,1728875700000,-1,2445.140874,2461.3923987305475,2460.90021868681,,SL,-17.354520170169913,2.6615855585675914,-1.2180357163106716,False,-2.4360714326213437,TURTLE20,5,
ETH,15m,20bar,1728877500000,1728883800000,1,2514.612822,2514.8048706020027,2491.780211183252,,TRAIL,-1.7202726473723138,1.8371949723869632,-0.12375290921552794,False,-0.24750581843105585,TURTLE20,8,
ETH,15m,20bar,1728908100000,1728952200000,1,2548.199538,2622.848663494891,2527.1242158867703,,TRAIL,47.07385677851399,2.041367732214938,3.394799670894836,False,6.789599341789672,TURTLE20,50,
ETH,15m,20bar,1728963900000,1728975600000,-1,2617.166462,2617.584039077539,2634.943323884506,,TRAIL,-2.9641323837389244,2.6162950930785005,-0.20017185267591384,False,-0.4003437053518277,TURTLE20,14,
ETH,15m,20bar,1728993600000,1728995400000,-1,2585.18286,2604.727373162267,2604.206531855896,,SL,-17.56663012220787,2.414177386492848,-1.1910665550689457,False,-2.382133110137891,TURTLE20,3,
ETH,15m,20bar,1729000800000,1729001700000,1,2671.674228,2644.0629160051703,2641.782807159279,,TRAIL,-14.835306848906615,1.5362076708783392,-1.0304212183608565,False,-2.0608424367217126,TURTLE20,2,
ETH,15m,20bar,1729003500000,1729009800000,-1,2569.925912,2600.875355271354,2612.9075034384455,,TRAIL,-11.17113419090735,1.017805304230103,-0.7922443746756669,False,-1.5844887493513335,TURTLE20,8,
ETH,15m,20bar,1729036800000,1729085400000,1,2606.711238,2613.6559286991196,2583.8391741366,,TRAIL,2.3131446026293583,1.9004156682622095,0.16668676783475955,False,0.3333735356695191,TURTLE20,55,
ETH,15m,20bar,1729089900000,1729129500000,-1,2599.1600639999997,2630.051556558122,2629.5256514278362,,SL,-15.603241176171668,1.4386423917464848,-1.1206442032885495,False,-2.241288406577099,TURTLE20,45,
ETH,15m,20bar,1729161000000,1729170000000,-1,2610.617772,2616.516559462893,2625.6770000790502,,TRAIL,-8.1664114831729,2.834749857114825,-0.5999688705385755,False,-1.199937741077151,TURTLE20,11,
ETH,15m,20bar,1729179900000,1729185300000,1,2624.4747899999998,2600.713686969366,2601.233933756117,,SL,-15.563197227147352,1.8140984247650436,-1.157281635176189,False,-2.314563270352378,TURTLE20,7,
ETH,15m,20bar,1729215000000,1729220400000,1,2619.503796,2627.133138552165,2602.952933346853,,TRAIL,3.5569586692763693,2.498625742920523,0.2707629496630222,False,0.5415258993260443,TURTLE20,7,
ETH,15m,20bar,1729238400000,1729243800000,1,2644.638822,2626.9098029054057,2627.435289963398,,SL,-16.039704967437714,2.4283255034172235,-1.214398777244591,False,-2.428797554489182,TURTLE20,7,
ETH,15m,20bar,1729254600000,1729260000000,-1,2618.356224,2632.8412700206263,2632.456608065202,,TRAIL,-16.11833065359032,2.879621264646225,-1.250729372724084,False,-2.5014587454481685,TURTLE20,7,
ETH,15m,20bar,1729262700000,1729267200000,1,2638.437582,2633.392655527979,2618.639916202497,,TRAIL,-5.209301464522662,2.0074905424938585,-0.4145955739677678,False,-0.8291911479355356,TURTLE20,6,
ETH,15m,20bar,1729277100000,1729279800000,1,2671.614216,2648.8466739871765,2649.376549297036,,SL,-14.546252457351374,1.7887513463697289,-1.167380503250181,False,-2.334761006500362,TURTLE20,4,
ETH,15m,20bar,1729307700000,1729309500000,1,2658.8116560000003,2644.359515182931,2644.8884928815073,,SL,-15.413195931239613,2.7811709626324435,-1.2665256716239366,False,-2.533051343247874,TURTLE20,3,
ETH,15m,20bar,1729338300000,1729347300000,-1,2635.352824,2643.555057215232,2644.4353084229747,,TRAIL,-14.848266500399944,4.136440144269949,-1.2518136464072447,False,-2.5036272928144894,TURTLE20,11,
ETH,15m,20bar,1729350000000,1729353600000,1,2649.8498640000003,2639.3714689107173,2639.8994488004773,,SL,-15.866360337977358,3.688300682105841,-1.3719958027162211,False,-2.7439916054324422,TURTLE20,5,
ETH,15m,20bar,1729373400000,1729375200000,1,2649.419778,2640.2871518281377,2640.815314891116,,SL,-16.08607161788373,4.148585606609882,-1.430240350156601,False,-2.860480700313202,TURTLE20,3,
ETH,15m,20bar,1729377900000,1729384200000,1,2651.970288,2641.639263285108,2642.167696824473,,SL,-15.054316921841618,3.5399667828532877,-1.3779204093897592,False,-2.755840818779518,TURTLE20,8,
ETH,15m,20bar,1729386900000,1729406700000,-1,2639.432008,2650.219200132648,2649.689262280192,,SL,-14.460566904118858,3.287362615164824,-1.3610838218653063,False,-2.7221676437306126,TURTLE20,23,
ETH,15m,20bar,1729426500000,1729428300000,1,2654.4007739999997,2646.5264498742563,2647.0558610464655,,SL,-15.555419562292663,4.47538880231566,-1.5051070761497007,False,-3.0102141522994015,TURTLE20,3,
ETH,15m,20bar,1729432800000,1729435500000,1,2662.722438,2706.9141410681677,2652.3507855473636,,TRAIL,39.596564284645446,3.1137842715643855,3.9501826066599954,False,7.900365213319992,TURTLE20,4,
ETH,15m,20bar,1729462500000,1729476900000,1,2721.774246,2741.969604177779,2702.0090322805995,,TRAIL,9.2573770642498,1.7939209978351074,0.8559033111322991,False,1.7118066222645982,TURTLE20,17,
ETH,15m,20bar,1729497600000,1729531800000,-1,2722.4354040000003,2679.6635653582684,2739.75043350823,,TRAIL,25.115657826814346,2.0593263008094955,2.2830211892695993,False,4.566042378539199,TURTLE20,39,
ETH,15m,20bar,1729557000000,1729557900000,-1,2645.950704,2638.075841793462,2662.0930296404076,,TRAIL,3.352491581493987,2.2593079134528313,0.2914354711867275,False,0.582870942373455,TURTLE20,2,
ETH,15m,20bar,1729589400000,1729598400000,-1,2618.9161120000003,2638.0454438630736,2637.5179402750186,,SL,-13.860447742740712,1.9619129535412305,-1.1979203585336415,False,-2.395840717067283,TURTLE20,11,
ETH,15m,20bar,1729645200000,1729664100000,-1,2611.907514,2620.7099383736822,2625.988631342137,,TRAIL,-9.57761556132569,2.5179711926700126,-0.8480857417025173,False,-1.6961714834050345,TURTLE20,22,
ETH,15m,20bar,1729674000000,1729691100000,-1,2573.695158,2584.015848129546,2593.4639689801506,,TRAIL,-7.533702268855667,1.7378639602037262,-0.6786101979878274,False,-1.3572203959756548,TURTLE20,20,
ETH,15m,20bar,1729696500000,1729707300000,-1,2549.4900000000002,2479.7558520000002,2570.6865373792425,,TRAIL,34.468498099444886,1.5589872669283005,3.1475235457153246,False,6.295047091430648,TURTLE20,13,
ETH,15m,20bar,1729726200000,1729759500000,1,2521.044108,2528.4078524988913,2500.449079968654,,TRAIL,2.4496287372583208,1.7123774854523355,0.21044270083029276,False,0.4208854016605855,TURTLE20,38,
ETH,15m,20bar,1729804500000,1729809000000,1,2546.569212,2531.0336558721865,2528.5122439051547,,TRAIL,-12.029313044007807,1.97222108616418,-1.0290829418833307,False,-2.0581658837666614,TURTLE20,6,
ETH,15m,20bar,1729817100000,1729843200000,-1,2523.3952200000003,2483.2109530646017,2539.141676867019,,TRAIL,27.032658598065666,2.184089912906474,2.3611853476342444,False,4.72237069526849,TURTLE20,30,
ETH,15m,20bar,1729847700000,1729871100000,1,2526.1051199999997,2527.7998487594523,2501.7372539755975,,TRAIL,-0.6581297524938711,1.4919661462927314,-0.0548925466211886,False,-0.10978509324237722,TURTLE20,27,
ETH,15m,20bar,1729878300000,1729880100000,-1,2504.24905,2493.868674,2531.027938783775,,TRAIL,3.301212500491697,1.3411775424258319,0.27564644019406176,False,0.5512928803881235,TURTLE20,3,
ETH,15m,20bar,1729898100000,1729899900000,-1,2407.86833,2431.3974472533073,2442.6755438315377,,TRAIL,-9.144935253759064,1.0045468949983076,-0.7594022563135913,False,-1.5188045126271825,TURTLE20,3,
ETH,15m,20bar,1729920600000,1729953900000,1,2465.3029619999998,2444.6761460147563,2442.9886193909174,,TRAIL,-12.528215121431245,1.5657011174919582,-1.0563969489496718,False,-2.1127938978993432,TURTLE20,38,
ETH,15m,20bar,1729964700000,1729985400000,1,2477.9254859999996,2480.897848008391,2461.538293772749,,TRAIL,-0.0020770465588229037,2.107722031913851,-0.00017891973031192114,False,-0.0003578394606238423,TURTLE20,24,
ETH,15m,20bar,1729988100000,1730001600000,-1,2477.084484,2483.404712548682,2487.4345008642085,,TRAIL,-10.427156451268468,3.338267572967534,-0.8982132288846075,False,-1.7964264577692153,TURTLE20,16,
ETH,15m,20bar,1730019600000,1730031300000,-1,2472.675366,2473.4811284573802,2480.411505896613,,TRAIL,-5.560690848783317,4.373292479054294,-0.48776992201328945,False,-0.9755398440265789,TURTLE20,14,
ETH,15m,20bar,1730035800000,1730036700000,1,2495.44899,2482.318664125874,2482.8152271713084,,SL,-14.401487090609193,2.6687590794780323,-1.2757075374250133,False,-2.5514150748500266,TURTLE20,2,
ETH,15m,20bar,1730065500000,1730072700000,1,2510.381976,2505.7007675179693,2497.100658880758,,TRAIL,-6.370381015725078,2.4929097182814655,-0.5790734502528215,False,-1.158146900505643,TURTLE20,9,
ETH,15m,20bar,1730087100000,1730098800000,-1,2477.25445,2490.763569066451,2492.1151545733774,,TRAIL,-12.06568664485772,2.1810601660992335,-1.1096331130511952,False,-2.2192662261023903,TURTLE20,14,
ETH,15m,20bar,1730100600000,1730107800000,1,2521.6242239999997,2503.189078519074,2503.6898164823706,,SL,-12.716478639747296,1.787351925826084,-1.1960268796921592,False,-2.3920537593843183,TURTLE20,9,
ETH,15m,20bar,1730109600000,1730116800000,1,2541.478194,2520.749239001502,2521.2534896994416,,SL,-12.195239647698331,1.558553890620972,-1.1751119376139951,False,-2.3502238752279903,TURTLE20,9,
ETH,15m,20bar,1730130300000,1730142900000,-1,2506.388622,2518.6459770950814,2528.4324447704207,,TRAIL,-7.021049673574268,1.3860718673129697,-0.692818846059285,False,-1.3856376921185698,TURTLE20,15,
ETH,15m,20bar,1730151900000,1730225700000,1,2535.15693,2646.568404485803,2511.564095076949,,TRAIL,45.87548121039781,1.3169462005958268,4.590480102893297,False,9.180960205786594,TURTLE20,83,
ETH,15m,20bar,1730233800000,1730241000000,-1,2612.2374480000003,2641.7102172910913,2641.1819808949126,,SL,-12.298587731395193,1.1883377139752276,-1.1271606285275437,False,-2.2543212570550875,TURTLE20,9,
ETH,15m,20bar,1730259900000,1730286900000,1,2651.68023,2664.1829915972453,2629.0930033141058,,TRAIL,4.3974919670155455,1.506014445066119,0.41232346909162276,False,0.8246469381832455,TURTLE20,31,
ETH,15m,20bar,1730297700000,1730300400000,1,2719.403772,2688.2328298560656,2688.77058397286,,SL,-12.080805731329656,1.1389384695100715,-1.1234718395798922,False,-2.2469436791597843,TURTLE20,4,
ETH,15m,20bar,1730316600000,1730321100000,-1,2660.197854,2671.782344787754,2684.9183056997913,,TRAIL,-6.286228650104816,1.360339881495146,-0.5980343355599488,False,-1.1960686711198976,TURTLE20,6,
ETH,15m,20bar,1730381400000,1730386800000,-1,2621.945506,2565.819045346079,2639.839249301613,,TRAIL,30.76989595940074,1.8066273655109097,2.9627004830417083,False,5.925400966083417,TURTLE20,7,
ETH,15m,20bar,1730396700000,1730428200000,-1,2537.432412,2507.9024525452623,2565.6807427708814,,TRAIL,10.32135429313685,1.1789268334554075,0.9382061811358404,False,1.8764123622716808,TURTLE20,36,
ETH,15m,20bar,1730457000000,1730471400000,1,2516.693238,2557.629874825786,2497.0636482846908,,TRAIL,21.634598376706936,1.7383218323865117,1.9303532833668042,False,3.860706566733608,TURTLE20,17,
ETH,15m,20bar,1730476800000,1730477700000,-1,2497.640372,2533.873259701128,2533.3665863838514,,SL,-12.788978088570104,0.983617429143576,-1.098683321395817,False,-2.1973666427916343,TURTLE20,2,
ETH,15m,20bar,1730497500000,1730506500000,-1,2489.8819240000003,2517.3856150000324,2516.882238552322,,SL,-12.863510562020886,1.266767997136475,-1.1299146705981233,False,-2.2598293411962467,TURTLE20,11,
ETH,15m,20bar,1730514600000,1730519100000,1,2520.85407,2505.02742210375,2505.5285278093115,,SL,-13.680506578724387,2.189447819455328,-1.2294623287756075,False,-2.458924657551215,TURTLE20,6,
ETH,15m,20bar,1730538000000,1730547900000,-1,2492.541392,2504.437320066228,2503.936532759676,,SL,-14.18631207097544,2.855706352124849,-1.307058474097485,False,-2.6141169481949706,TURTLE20,12,
ETH,15m,20bar,1730552400000,1730555100000,-1,2485.3028400000003,2484.8968800000002,2497.9493617141234,,TRAIL,-2.15313970193148,2.4924387557163783,-0.20370500998096214,False,-0.4074100199619243,TURTLE20,4,
ETH,15m,20bar,1730595600000,1730601900000,-1,2479.6539700000003,2446.849742784931,2491.1453183977706,,TRAIL,27.3430211334905,2.7078000897491434,2.5974606246547776,False,5.194921249309555,TURTLE20,8,
ETH,15m,20bar,1730641500000,1730648700000,-1,2438.642174,2431.45470361845,2452.998308809656,,TRAIL,3.2901506407907752,2.2539465924642648,0.29711425195801316,False,0.5942285039160264,TURTLE20,9,
ETH,15m,20bar,1730666700000,1730680200000,1,2458.821666,2439.1920543926817,2436.2638155925583,,TRAIL,-11.144710782009911,1.4512388561051934,-1.0004685478412854,False,-2.0009370956825707,TURTLE20,16,
ETH,15m,20bar,1730687400000,1730706300000,1,2475.204942,2454.1111374074662,2452.2350541537285,,TRAIL,-11.430590533834387,1.4056148218158815,-1.0470836601878557,False,-2.0941673203757114,TURTLE20,22,
ETH,15m,20bar,1730709900000,1730715300000,-1,2453.939114,2469.9454509473803,2470.6901368820845,,TRAIL,-12.097848608021478,1.8850098851632804,-1.1319110373031651,False,-2.2638220746063302,TURTLE20,7,
ETH,15m,20bar,1730726100000,1730727900000,1,2478.705642,2461.593290231538,2462.0857073730126,,SL,-12.618582384287429,1.863057975978127,-1.207978946872661,False,-2.415957893745322,TURTLE20,3,
ETH,15m,20bar,1730733300000,1730744100000,-1,2440.031896,2430.9333233212287,2459.0262522851194,,TRAIL,3.3144560085398185,1.568453705325852,0.3251488734059807,False,0.6502977468119614,TURTLE20,13,
ETH,15m,20bar,1730777400000,1730818800000,1,2415.392982,2440.5466723842364,2390.6779595573203,,TRAIL,9.232542496431776,1.209507572752706,0.8998626905230066,False,1.799725381046013,TURTLE20,47,
ETH,15m,20bar,1730836800000,1730838600000,-1,2404.898924,2432.5010202444687,2432.0146173210046,,SL,-11.749932967692649,1.1179804476870139,-1.1249771801846336,False,-2.249954360369267,TURTLE20,3,
ETH,15m,20bar,1730853000000,1730856600000,1,2450.5700159999997,2470.112330577932,2424.682474105786,,TRAIL,6.542771204909039,1.1643791246236166,0.6408451307496902,False,1.2816902614993801,TURTLE20,5,
ETH,15m,20bar,1730860200000,1730862900000,1,2539.597818,2575.412378734243,2499.248125839961,,TRAIL,8.391734019692692,0.7864970787412825,0.8115441001711504,False,1.6230882003423006,TURTLE20,4,
ETH,15m,20bar,1730907000000,1730953800000,1,2662.98249,2827.268951102719,2625.9781026066144,,TRAIL,45.71764884464413,0.9354535769391068,4.350627630355945,False,8.70125526071189,TURTLE20,53,
ETH,15m,20bar,1730961900000,1730993400000,-1,2791.04168,2834.2250922576222,2833.6583605855053,,SL,-12.479194917615935,0.9046514574884812,-1.0924964516549471,False,-2.1849929033098943,TURTLE20,36,
ETH,15m,20bar,1730995200000,1731029400000,1,2848.6296119999997,2903.8117927257567,2812.8909131961736,,TRAIL,16.172671899898216,1.079038005264486,1.4474706022980182,False,2.8949412045960363,TURTLE20,39,
ETH,15m,20bar,1731063600000,1731076200000,1,2926.705224,2921.2446105198665,2901.406149406928,,TRAIL,-4.075904495171925,1.594469809527543,-0.3545340501625076,False,-0.7090681003250152,TURTLE20,15,
ETH,15m,20bar,1731086100000,1731089700000,-1,2895.2208400000004,2930.9983501278994,2930.4122676743646,,SL,-12.739004697319102,1.1339053848509875,-1.115988871079105,False,-2.23197774215821,TURTLE20,5,
ETH,15m,20bar,1731091500000,1731098700000,1,2961.052092,2929.3222769374,2924.8703628272237,,TRAIL,-10.87715223811761,1.0901274951702697,-0.9746366602759151,False,-1.9492733205518302,TURTLE20,9,
ETH,15m,20bar,1731113100000,1731126600000,1,2988.8176439999997,2957.7344139589454,2958.3260791747803,,SL,-12.435445875760117,1.2804423899476025,-1.1364179396647387,False,-2.2728358793294774,TURTLE20,16,
ETH,15m,20bar,1731131100000,1731171600000,1,3030.85605,3019.2851586288925,3001.802998188983,,TRAIL,-5.595234523128598,1.3361757328964026,-0.5232144352739102,False,-1.0464288705478202,TURTLE20,46,
ETH,15m,20bar,1731179700000,1731196800000,1,3075.9150600000003,3117.19193580757,3047.539718671422,,TRAIL,14.007680750058624,1.385762447754756,1.323720168689416,False,2.6474403373788324,TURTLE20,20,
ETH,15m,20bar,1731213900000,1731218400000,1,3172.004274,3171.6295009302075,3139.1069983411307,,TRAIL,-1.3804909361271567,1.256746233775928,-0.12709117247596197,False,-0.25418234495192393,TURTLE20,6,
ETH,15m,20bar,1731240000000,1731241800000,1,3223.814634,3188.7399208721927,3189.377796431479,,SL,-12.245809454926793,1.2105198884864228,-1.1302502961627965,False,-2.2605005923255925,TURTLE20,3,
ETH,15m,20bar,1731249900000,1731253500000,-1,3177.46438,3212.591044276329,3211.9486545454197,,SL,-11.96433619152651,1.177382997076544,-1.129810559870676,False,-2.259621119741352,TURTLE20,5,
ETH,15m,20bar,1731268800000,1731273300000,-1,3164.327008,3140.367158517702,3208.4109965556218,,TRAIL,4.7373276112066804,0.888160368712174,0.45769526858781634,False,0.9153905371756328,TURTLE20,6,
ETH,15m,20bar,1731299400000,1731316500000,-1,3167.7763179999997,3168.3346151017276,3209.222077114515,,TRAIL,-1.0987962610023203,0.9580944534823428,-0.10519685861084599,False,-0.21039371722169198,TURTLE20,20,
ETH,15m,20bar,1731320100000,1731327300000,1,3193.628598,3158.197622945934,3156.5207704676423,,TRAIL,-11.022652050364009,1.0704935124124058,-1.057514637643897,False,-2.115029275287794,TURTLE20,9,
ETH,15m,20bar,1731339000000,1731363300000,1,3225.685008,3298.513180857113,3177.5773987088646,,TRAIL,14.615282987495426,0.8301954460961993,1.4324896821779343,False,2.864979364355869,TURTLE20,28,
ETH,15m,20bar,1731393900000,1731404700000,1,3376.32513,3367.9019454789614,3321.704648495471,,TRAIL,-2.395987089942133,0.7775193033089901,-0.2282975254491669,False,-0.4565950508983338,TURTLE20,13,
ETH,15m,20bar,1731408300000,1731505500000,-1,3282.713326,3224.786643100795,3353.733662249934,,TRAIL,7.946669779172954,0.574352429495434,0.7606579434886187,False,1.5213158869772374,TURTLE20,109,
ETH,15m,20bar,1731509100000,1731524400000,1,3287.617392,3252.8513373249,3233.194534759996,,TRAIL,-7.540048880712419,0.7647716582222752,-0.710920702712664,False,-1.4218414054253279,TURTLE20,18,
ETH,15m,20bar,1731526200000,1731548700000,-1,3202.569358,3214.292296373679,3265.9430583647304,,TRAIL,-2.569203250160559,0.6351825546290699,-0.24573372355846135,False,-0.4914674471169226,TURTLE20,26,
ETH,15m,20bar,1731560400000,1731566700000,1,3237.7274159999997,3192.67862636969,3193.3172898276553,,SL,-11.457327701349975,0.9038610323581979,-1.1012585973283604,False,-2.202517194656721,TURTLE20,8,
ETH,15m,20bar,1731582900000,1731600900000,-1,3171.0156700000002,3116.3792671638926,3209.398735811678,,TRAIL,13.483177698797196,1.00000928056556,1.3251668359001867,False,2.650333671800373,TURTLE20,21,
ETH,15m,20bar,1731626100000,1731661200000,-1,3054.518974,3088.130167472535,3104.044176937706,,TRAIL,-7.865515198418357,0.7772536344911805,-0.7530869283732367,False,-1.5061738567464733,TURTLE20,40,
ETH,15m,20bar,1731663000000,1731680100000,1,3105.560988,3070.4509232219234,3064.3028288509486,,TRAIL,-9.678060562043283,0.9239332621806629,-0.9407998981385042,False,-1.8815997962770084,TURTLE20,20,
ETH,15m,20bar,1731681900000,1731701700000,-1,3062.73733,3074.5930572585494,3103.6546526359375,,TRAIL,-3.8329481847670817,0.908374799042321,-0.3797444331623449,False,-0.7594888663246898,TURTLE20,23,
ETH,15m,20bar,1731704400000,1731743100000,1,3090.888054,3103.5276147279847,3048.358512737168,,TRAIL,2.1015823069485062,0.8753695219805433,0.20980502168138424,False,0.41961004336276847,TURTLE20,44,
ETH,15m,20bar,1731755700000,1731759300000,1,3138.0374819999997,3186.032666,3113.7467228966248,,TRAIL,18.303642608004377,1.5712883740660941,1.8196525568877264,False,3.6393051137754524,TURTLE20,5,
ETH,15m,20bar,1731798000000,1731814200000,-1,3132.553364,3071.6432142428125,3158.314216426291,,TRAIL,23.1427748572121,1.5064340316443598,2.219943302492491,False,4.439886604984981,TURTLE20,19,
ETH,15m,20bar,1731829500000,1731841200000,1,3145.819038,3111.3723024598034,3110.861848893576,,TRAIL,-11.898130813921744,1.169322001754352,-1.0927952538796175,False,-2.1855905077592355,TURTLE20,14,
ETH,15m,20bar,1731851100000,1731888900000,-1,3097.550366,3091.5077230748716,3130.6567735045373,,TRAIL,0.7492711429673278,1.1945560428031958,0.07035520454353655,False,0.1407104090870731,TURTLE20,43,
ETH,15m,20bar,1731890700000,1731927600000,1,3111.6222,3096.5728387664385,3074.4562864515515,,TRAIL,-5.387308958095852,1.0688708547440835,-0.5051477675194925,False,-1.0102955350389848,TURTLE20,42,
ETH,15m,20bar,1731929400000,1731938400000,-1,3085.802716,3091.720550315705,3113.945306255843,,TRAIL,-3.61036188142461,1.3904169228231944,-0.3419851615647309,False,-0.6839703231294618,TURTLE20,11,
ETH,15m,20bar,1731944700000,1731956400000,1,3141.6181979999997,3140.4974636122333,3099.7936272584884,,TRAIL,-1.225859014063869,0.9449057853764505,-0.11691701069582504,False,-0.23383402139165008,TURTLE20,14,
ETH,15m,20bar,1731973500000,1731977100000,1,3200.479968,3159.4581361168716,3154.850946785687,,TRAIL,-10.27896047932271,0.8748006380876661,-0.9826595783197252,False,-1.9653191566394506,TURTLE20,5,
ETH,15m,20bar,1731992400000,1732018500000,-1,3130.77372,3140.4742827056302,3162.6648827868357,,TRAIL,-4.329197349402708,1.2099313107091123,-0.4221643342779273,False,-0.8443286685558545,TURTLE20,30,
ETH,15m,20bar,1732024800000,1732026600000,-1,3079.543968,3112.1682927671336,3111.5459835704196,,SL,-11.546311003191224,1.1803969728784383,-1.1355332305126187,False,-2.2710664610252373,TURTLE20,3,
ETH,15m,20bar,1732041000000,1732048200000,1,3139.67781,3107.9460952936447,3108.567808855416,,SL,-11.333229538973697,1.197381831241994,-1.1404785517247757,False,-2.280957103449551,TURTLE20,9,
ETH,15m,20bar,1732091400000,1732100400000,1,3122.704416,3099.970498560504,3100.590616683841,,SL,-11.622396635391556,1.6394975305042943,-1.19687811261324,False,-2.3937562252264803,TURTLE20,11,
ETH,15m,20bar,1732112100000,1732113000000,1,3148.209516,3116.6959536903373,3117.319417573852,,SL,-10.822818770203966,1.153373179034423,-1.1418709356270467,False,-2.2837418712540933,TURTLE20,2,
ETH,15m,20bar,1732127400000,1732140900000,-1,3052.379402,3090.842338028973,3094.6738035411367,,TRAIL,-9.229820127386992,0.8071509330169303,-0.9965590607067785,False,-1.993118121413557,TURTLE20,16,
ETH,15m,20bar,1732152600000,1732154400000,1,3094.21872,3066.7219096926433,3067.335376767997,,SL,-10.532363819431957,1.2481355833427301,-1.1603234916124052,False,-2.3206469832248096,TURTLE20,3,
ETH,15m,20bar,1732156200000,1732158000000,-1,3036.3226139999997,3067.2135714420874,3066.6002513918093,,SL,-10.11845753701206,1.072408709694166,-1.1412079055646522,False,-2.2824158111293045,TURTLE20,3,
ETH,15m,20bar,1732159800000,1732199400000,1,3098.429562,3323.0479247901085,3063.6243805713584,,TRAIL,54.95529206016193,0.9591015135026707,6.342891122422513,False,12.685782244845026,TURTLE20,45,
ETH,15m,20bar,1732215600000,1732235400000,1,3382.346334,3327.578961819693,3328.2446107418414,,SL,-10.609827629715895,0.72652276028199,-1.086718200772518,False,-2.173436401545036,TURTLE20,23,
ETH,15m,20bar,1732237200000,1732245300000,-1,3318.406186,3359.55229985574,3358.8805237509896,,SL,-10.65501281560471,0.945504062856179,-1.1155930265010605,False,-2.2311860530021215,TURTLE20,10,
ETH,15m,20bar,1732249800000,1732251600000,1,3422.804424,3375.64820438584,3376.3234690796558,,SL,-10.293017219369442,0.8194733162489374,-1.1022856840827668,False,-2.2045713681655337,TURTLE20,3,
ETH,15m,20bar,1732270500000,1732288500000,-1,3347.020462,3313.4077996551787,3382.5635190366243,,TRAIL,7.609299082904311,1.0267523691580487,0.8332543077909906,False,1.6665086155819815,TURTLE20,21,
ETH,15m,20bar,1732319100000,1732329900000,1,3325.124892,3315.789513042835,3292.246853442851,,TRAIL,-3.761325861689786,1.1251702192404647,-0.405131455060424,False,-0.810262910120848,TURTLE20,13,
ETH,15m,20bar,1732350600000,1732351500000,1,3406.051074,3372.0665057823203,3372.741053993119,,SL,-10.519810687187569,1.1243387803674683,-1.1423421168071453,False,-2.2846842336142905,TURTLE20,2,
ETH,15m,20bar,1732370400000,1732378500000,1,3439.467756,3443.014445931404,3402.0157248040214,,TRAIL,-0.1400290321429699,0.9921911433878671,-0.015561222479634393,False,-0.03112244495926878,TURTLE20,10,
ETH,15m,20bar,1732414500000,1732422600000,1,3449.3497319999997,3414.948184473422,3415.631310735569,,SL,-10.276841559615574,1.098801726650148,-1.1424059855701554,False,-2.284811971140311,TURTLE20,10,
ETH,15m,20bar,1732427100000,1732430700000,-1,3399.999864,3428.0381100658815,3427.352639537974,,SL,-10.327116974391142,1.3165793518390219,-1.1748375884453501,False,-2.3496751768907,TURTLE20,5,
ETH,15m,20bar,1732438800000,1732453200000,-1,3394.900884,3319.0425888566365,3419.9884741942715,,TRAIL,24.576579906080227,1.3783037550423414,2.8631657526059042,False,5.7263315052118084,TURTLE20,17,
ETH,15m,20bar,1732480200000,1732497300000,1,3340.81803,3326.2832662536957,3310.1643378107256,,TRAIL,-5.487423661402438,1.1843051847666954,-0.6046587931271046,False,-1.2093175862542094,TURTLE20,20,
ETH,15m,20bar,1732508100000,1732534200000,1,3387.82743,3483.019382454577,3355.6117386032324,,TRAIL,25.344243620669612,1.147276674665101,2.826866052492729,False,5.653732104985458,TURTLE20,30,
ETH,15m,20bar,1732546800000,1732547700000,-1,3410.247814,3437.841224894796,3468.038782918094,,TRAIL,-5.196240618946285,0.6734721167354387,-0.5485677937510277,False,-1.0971355875020554,TURTLE20,2,
ETH,15m,20bar,1732573800000,1732575600000,-1,3402.2794080000003,3463.207455790638,3466.489865206346,,TRAIL,-9.490554667168253,0.6010140782584402,-1.0130334331661477,False,-2.0260668663322954,TURTLE20,3,
ETH,15m,20bar,1732605300000,1732623300000,-1,3402.189426,3339.3998819231,3441.323021379267,,TRAIL,13.778327072075752,0.9487289470433109,1.5011293984827156,False,3.0022587969654313,TURTLE20,21,
ETH,15m,20bar,1732645800000,1732651200000,-1,3270.365796,3318.7427849826054,3318.0791691487757,,SL,-10.36906247791232,0.7833627246421563,-1.0967670210199274,False,-2.193534042039855,TURTLE20,7,
ETH,15m,20bar,1732666500000,1732668300000,1,3346.939254,3307.4695675490025,3308.13119378776,,SL,-10.35580256656491,0.9513306054427064,-1.1199305377860298,False,-2.239861075572059,TURTLE20,3,
ETH,15m,20bar,1732676400000,1732755600000,1,3366.72321,3631.6447461883818,3328.49637978437,,TRAIL,61.6544935927589,0.9929656400292071,6.820406346641422,False,13.640812693282845,TURTLE20,89,
ETH,15m,20bar,1732763700000,1732782600000,-1,3614.986858,3628.796225333399,3655.472500059277,,TRAIL,-4.606799173362706,1.1028195898571873,-0.44844631973024424,False,-0.8968926394604886,TURTLE20,22,
ETH,15m,20bar,1732804200000,1732832100000,-1,3558.4781620000003,3598.2097034470385,3602.8760842432507,,TRAIL,-10.095277769658436,0.9846383985016323,-0.9916129391167449,False,-1.98322587823349,TURTLE20,32,
ETH,15m,20bar,1732849200000,1732852800000,1,3603.730602,3571.6710369696957,3572.38551407251,,SL,-11.576793210564643,1.370580240892842,-1.1601436913435308,False,-2.3202873826870616,TURTLE20,5,
ETH,15m,20bar,1732865400000,1732871700000,-1,3547.39038,3577.3071034300406,3576.591785073026,,SL,-11.412894532740717,1.4269041357553822,-1.1708868746073287,False,-2.3417737492146573,TURTLE20,8,
ETH,15m,20bar,1732880700000,1732894200000,1,3593.658588,3611.4968448546892,3569.4866137134495,,TRAIL,5.322294253308999,1.7024414281777747,0.5591253504889185,False,1.118250700977837,TURTLE20,16,
ETH,15m,20bar,1732906800000,1732920300000,-1,3575.194818,3607.1282060125777,3606.406924627652,,SL,-11.176805387552086,1.328961342754631,-1.1611770477189087,False,-2.3223540954378175,TURTLE20,16,
ETH,15m,20bar,1732926600000,1732926600000,1,3607.761408,3583.1972893684792,3583.914072182916,,SL,-11.385500054205904,1.7010324856955972,-1.210981975993042,False,-2.4219639519860845,TURTLE20,1,
ETH,15m,20bar,1732931100000,1732958100000,1,3619.613778,3682.830584145651,3588.7458040431284,,TRAIL,17.486248347904514,1.30220058237286,1.906031785907565,False,3.81206357181513,TURTLE20,31,
ETH,15m,20bar,1732964400000,1732970700000,-1,3643.47116,3677.6079311258454,3676.8725566145226,,SL,-10.986064800999776,1.2524951417099648,-1.1535271720874292,False,-2.3070543441748583,TURTLE20,8,
ETH,15m,20bar,1732995900000,1733013000000,1,3699.8398199999997,3700.346728768405,3672.5589956979115,,TRAIL,-1.341425083297569,1.5143071107629813,-0.14417464506579517,False,-0.28834929013159033,TURTLE20,20,
ETH,15m,20bar,1733015700000,1733017500000,-1,3682.723308,3717.9074997605353,3717.164066947146,,SL,-10.673707318211974,1.1961088797690893,-1.1505138520902145,False,-2.301027704180429,TURTLE20,3,
ETH,15m,20bar,1733021100000,1733024700000,-1,3669.266,3706.963463393789,3706.222218949999,,SL,-10.331116740728756,1.0854543684292,-1.1398136029234391,False,-2.2796272058468783,TURTLE20,5,
ETH,15m,20bar,1733038200000,1733049000000,1,3716.09307,3686.33991501667,3687.0773304827667,,SL,-10.438128046986783,1.3557844216129484,-1.1784850340978035,False,-2.3569700681956065,TURTLE20,13,
ETH,15m,20bar,1733067000000,1733073300000,1,3729.605772,3712.1142622168513,3704.2185846335233,,TRAIL,-7.479785550557586,1.521072047162841,-0.8648670483549454,False,-1.7297340967098909,TURTLE20,8,
ETH,15m,20bar,1733084100000,1733090400000,-1,3694.5609400000003,3723.389992057171,3722.645462964578,,SL,-10.071076117821825,1.3468836538483577,-1.1849879970680115,False,-2.369975994136023,TURTLE20,8,
ETH,15m,20bar,1733103000000,1733110200000,1,3740.067864,3716.885635307976,3707.567472648288,,TRAIL,-7.060775333640657,1.1422717018476307,-0.8509559313399597,False,-1.7019118626799195,TURTLE20,9,
ETH,15m,20bar,1733112000000,1733148000000,-1,3687.31239,3635.6219818326567,3729.7738978876823,,TRAIL,9.085008540275787,0.8439784817189511,1.1138711246277646,False,2.227742249255529,TURTLE20,41,
ETH,15m,20bar,1733150700000,1733157000000,1,3655.150884,3627.857435263165,3617.678825682615,,TRAIL,-7.045424338194992,0.9723299666161704,-0.8449830393678365,False,-1.689966078735673,TURTLE20,8,
ETH,15m,20bar,1733162400000,1733163300000,-1,3566.88648,3618.6684782286097,3617.94488925076,,SL,-9.00535756614486,0.6921517084648585,-1.0986110226830472,False,-2.1972220453660944,TURTLE20,2,
ETH,15m,20bar,1733183100000,1733210100000,1,3640.2279,3616.123187275813,3602.157991932298,,TRAIL,-5.992923501521261,0.9168449759144135,-0.7475332833991336,False,-1.4950665667982672,TURTLE20,31,
ETH,15m,20bar,1733211900000,1733237100000,-1,3609.387978,3557.581374,3644.0376299526597,,TRAIL,10.827286557218207,0.9800632464278977,1.3710504929084684,False,2.7421009858169367,TURTLE20,29,
ETH,15m,20bar,1733258700000,1733277600000,1,3599.229702,3659.2110680641936,3564.078044191243,,TRAIL,12.839526221403736,1.0052252755570714,1.5824659509599852,False,3.164931901919971,TURTLE20,22,
ETH,15m,20bar,1733297400000,1733314500000,1,3705.100872,3707.286406410143,3673.9599864099655,,TRAIL,-0.6079792669979358,1.1954326508355662,-0.07263434915371855,False,-0.1452686983074371,TURTLE20,20,
ETH,15m,20bar,1733324400000,1733328900000,1,3784.876824,3788.3314824738354,3737.8869614626456,,TRAIL,-0.19375162077945474,0.8082437330129597,-0.023180883093303344,False,-0.04636176618660669,TURTLE20,6,
ETH,15m,20bar,1733343300000,1733356800000,1,3877.0152479999997,3820.552531365175,3821.31679472412,,SL,-9.16175780968971,0.6927485271203796,-1.0966418941636022,False,-2.1932837883272045,TURTLE20,16,
ETH,15m,20bar,1733359500000,1733365800000,-1,3803.079232,3844.7540205905834,3852.472833667443,,TRAIL,-7.653328155649964,0.7591045907632692,-0.9366291782814323,False,-1.8732583565628644,TURTLE20,8,
ETH,15m,20bar,1733387400000,1733411700000,1,3906.351114,3886.9703307055743,3857.866672571791,,TRAIL,-3.978368988844383,0.7732883611975017,-0.496175173985866,False,-0.9923503479717319,TURTLE20,28,
ETH,15m,20bar,1733427900000,1733436000000,-1,3843.411164,3861.359669702824,3891.979816454632,,TRAIL,-3.6892714626895784,0.7556030518214141,-0.4647312013469872,False,-0.9294624026939744,TURTLE20,10,
ETH,15m,20bar,1733437800000,1733438700000,-1,3747.10043,3820.6934020067783,3819.929416123554,,SL,-8.437565168158141,0.4903425478355931,-1.0728372378194126,False,-2.145674475638825,TURTLE20,2,
ETH,15m,20bar,1733457600000,1733479200000,1,3911.322108,3854.4284873578417,3855.1995272632944,,SL,-8.440640840077684,0.6389404515303825,-1.0967612356984098,False,-2.193522471396819,TURTLE20,25,
ETH,15m,20bar,1733490000000,1733491800000,-1,3839.142018,3878.720466363135,3877.9448773876575,,SL,-8.575896628891151,0.8982878041288809,-1.1393275276979917,False,-2.278655055395983,TURTLE20,3,
ETH,15m,20bar,1733495400000,1733521500000,1,3920.223888,4023.423963639618,3873.420402108919,,TRAIL,15.46987544300867,0.7490544973627826,2.1031315307946286,False,4.206263061589257,TURTLE20,30,
ETH,15m,20bar,1733527800000,1733661900000,-1,4005.428754,3988.198773860827,4046.634706895591,,TRAIL,2.3129074050459435,0.892173667709036,0.30174775120385966,False,0.6034955024077192,TURTLE20,150,
ETH,15m,20bar,1733664600000,1733670000000,1,3998.739588,3973.107469138233,3973.9022495881504,,SL,-9.443071627400952,1.485020431223758,-1.2245767477862906,False,-2.4491534955725807,TURTLE20,7,
ETH,15m,20bar,1733698800000,1733700600000,1,4014.262692,3993.168294815572,3993.967088233219,,SL,-9.599241526847791,1.780741158187444,-1.276082055706453,False,-2.552164111412906,TURTLE20,3,
ETH,15m,20bar,1733705100000,1733722200000,-1,3965.816678,3948.881495540071,3994.8454558594703,,TRAIL,3.0773429237485432,1.1991882716979978,0.4198028458104538,False,0.8396056916209076,TURTLE20,20,
ETH,15m,20bar,1733728500000,1733730300000,-1,3893.201204,3927.5157490375273,3926.730402956936,,SL,-8.599649512816224,1.0345138177072823,-1.1633733111086144,False,-2.326746622217229,TURTLE20,3,
ETH,15m,20bar,1733752800000,1733757300000,1,3899.67978,3889.00814782332,3861.1694828435584,,TRAIL,-2.876887923101335,0.8761450115781582,-0.39846082908782154,False,-0.7969216581756431,TURTLE20,6,
ETH,15m,20bar,1733759100000,1733778900000,-1,3824.704906,3687.197292,3877.7822188245045,,TRAIL,17.947613754762124,0.6082116093064518,2.5057876068623686,False,5.011575213724737,TURTLE20,23,
ETH,15m,20bar,1733822100000,1733832900000,1,3764.332716,3713.6123635009903,3714.3552345478997,,SL,-8.308456537615443,0.6752409710252125,-1.1046398886590925,False,-2.2092797773181845,TURTLE20,13,
ETH,15m,20bar,1733834700000,1733841000000,-1,3693.141224,3731.1896920565873,3737.094833743502,,TRAIL,-7.1125116910590815,0.745437607050428,-0.9669983160485355,False,-1.9339966320970707,TURTLE20,8,
ETH,15m,20bar,1733844600000,1733858100000,-1,3600.749706,3612.441916796604,3665.8164053116348,,TRAIL,-1.7759179484055125,0.47977288013467423,-0.246210825810508,False,-0.49242165162101603,TURTLE20,16,
ETH,15m,20bar,1733865300000,1733877000000,1,3661.352124,3596.2799531121996,3596.999352982796,,SL,-7.743396414148875,0.48568071032504406,-1.0788463190731583,False,-2.1576926381463166,TURTLE20,14,
ETH,15m,20bar,1733880600000,1733884200000,-1,3568.506156,3624.9888106120325,3624.2639578204685,,SL,-7.657510705708506,0.5436058794885508,-1.0904079717447053,False,-2.1808159434894105,TURTLE20,5,
ETH,15m,20bar,1733886900000,1734030900000,1,3662.612376,3898.924793253066,3603.757096764498,,TRAIL,27.052332912897857,0.5295397277749581,3.938057859246455,False,7.87611571849291,TURTLE20,161,
ETH,15m,20bar,1734032700000,1734057000000,-1,3861.357574,3912.8158858484053,3913.04288763783,,TRAIL,-8.046744808260168,0.6687845814177817,-1.0858561547595285,False,-2.1717123095190574,TURTLE20,28,
ETH,15m,20bar,1734061500000,1734071400000,1,3940.5479520000004,3897.320450906708,3898.1000709208924,,SL,-8.185888202145309,0.8031664986892092,-1.129154646040188,False,-2.258309292080376,TURTLE20,12,
ETH,15m,20bar,1734093900000,1734103800000,1,3925.5749579999997,3922.328993974343,3895.451345614015,,TRAIL,-1.8711531467310847,1.1076182658968974,-0.2640688073832066,False,-0.5281376147664132,TURTLE20,12,
ETH,15m,20bar,1734105600000,1734108300000,-1,3884.203004,3929.0383743542347,3928.252723809473,,SL,-7.924265875712481,0.75012185844103,-1.1242594821363026,False,-2.248518964272605,TURTLE20,4,
ETH,15m,20bar,1734139800000,1734141600000,1,3937.857414,3905.690926008598,3906.4722204526884,,SL,-8.094592246177783,1.0331296894407482,-1.174841153674045,False,-2.34968230734809,TURTLE20,3,
ETH,15m,20bar,1734171300000,1734184800000,-1,3895.97065,3876.6583390436294,3917.7550671857766,,TRAIL,4.524219014204608,1.4403323964418129,0.6724409213255889,False,1.3448818426511777,TURTLE20,16,
ETH,15m,20bar,1734202800000,1734206400000,-1,3830.6937080000002,3862.7407275857645,3861.968333918981,,SL,-7.993337169520658,1.0064001445717539,-1.1722947651586313,False,-2.3445895303172626,TURTLE20,5,
ETH,15m,20bar,1734218100000,1734246900000,1,3869.6437739999997,3863.4866816949793,3839.5241070056136,,TRAIL,-2.3869282724219696,1.0257559331997683,-0.35846912186810104,False,-0.7169382437362021,TURTLE20,33,
ETH,15m,20bar,1734248700000,1734251400000,-1,3830.093828,3857.5355127210964,3856.7641598891187,,SL,-7.945480113525045,1.143346967586337,-1.2018696452220403,False,-2.4037392904440806,TURTLE20,4,
ETH,15m,20bar,1734266700000,1734296400000,1,3889.717788,3881.423945708852,3864.9730972421107,,TRAIL,-3.3783336707976903,1.2157660355159452,-0.5236083755559809,False,-1.0472167511119619,TURTLE20,34,
ETH,15m,20bar,1734298200000,1734300900000,-1,3848.2401980000004,3875.3336147293644,3874.5587029887665,,SL,-7.696609336378969,1.1241708170144749,-1.2055229212504415,False,-2.411045842500883,TURTLE20,4,
ETH,15m,20bar,1734305400000,1734315300000,1,3937.597362,3965.573433106381,3898.3673218593062,,TRAIL,3.690056529229567,0.7531101489200787,0.5922545209230172,False,1.1845090418460342,TURTLE20,12,
ETH,15m,20bar,1734350400000,1734359400000,-1,3906.598524,3930.7561515486595,3939.118790323769,,TRAIL,-5.594760550955785,0.9116021091747695,-0.8874478476486243,False,-1.7748956952972486,TURTLE20,11,
ETH,15m,20bar,1734365700000,1734376500000,1,3961.382118,4045.7172619556177,3918.4312410550174,,TRAIL,11.466343246870737,0.6926528028342083,1.8516707919495698,False,3.7033415838991406,TURTLE20,13,
ETH,15m,20bar,1734391800000,1734401700000,-1,3991.9614480000005,4011.129724355197,4038.2439621944463,,TRAIL,-3.3258861489619607,0.6662634429640828,-0.5179090089597255,False,-1.035818017919451,TURTLE20,12,
ETH,15m,20bar,1734422400000,1734428700000,-1,3991.6715059999997,4027.4140941509227,4026.6087723964433,,SL,-7.376955279121786,0.8752238232992489,-1.1607673894927546,False,-2.3215347789855088,TURTLE20,8,
ETH,15m,20bar,1734448500000,1734456600000,-1,3967.95625,3976.181195930414,4009.1920803219546,,TRAIL,-1.9557482006690399,0.7175530837627091,-0.31505194139514553,False,-0.6301038827902912,TURTLE20,10,
ETH,15m,20bar,1734474600000,1734512400000,-1,3906.158612,3862.5066051492176,3946.933294297266,,TRAIL,5.898712931066164,0.7051681458156183,0.9562504359011788,False,1.9125008718023573,TURTLE20,43,
ETH,15m,20bar,1734514200000,1734533100000,1,3866.003046,3833.120455321537,3829.2605208097625,,TRAIL,-6.416515580185612,0.7903812153937061,-1.020671948514318,False,-2.041343897028636,TURTLE20,22,
ETH,15m,20bar,1734543900000,1734548400000,1,3880.8960239999997,3844.001917692698,3843.4357813609627,,TRAIL,-6.827115517483638,0.7619549717582466,-1.1086165530876897,False,-2.2172331061753794,TURTLE20,6,
ETH,15m,20bar,1734552000000,1734552900000,-1,3767.04644,3721.524156,3821.2029375989914,,TRAIL,4.562050368133953,0.49959470088899866,0.7576033063697304,False,1.5152066127394608,TURTLE20,2,
ETH,15m,20bar,1734573600000,1734576300000,-1,3607.0384480000002,3631.5595734065178,3668.915008029219,,TRAIL,-2.8515694162471563,0.4290707071233203,-0.46648172111914016,False,-0.9329634422382804,TURTLE20,4,
ETH,15m,20bar,1734590700000,1734619500000,1,3683.1064739999997,3648.734107267717,3637.653385245162,,TRAIL,-5.165678436223974,0.5861102981001542,-0.8529997002000725,False,-1.705999400400145,TURTLE20,33,
ETH,15m,20bar,1734621300000,1734625800000,-1,3613.417172,3630.9034225571986,3653.993979734911,,TRAIL,-3.202859689496837,0.6376414423416734,-0.5380621131304156,False,-1.076124226260831,TURTLE20,6,
ETH,15m,20bar,1734629400000,1734631200000,-1,3544.7909,3476.925246,3597.579637745834,,TRAIL,7.10038111575612,0.46995888633184507,1.2057993244481955,False,2.411598648896391,TURTLE20,3,
ETH,15m,20bar,1734639300000,1734648300000,-1,3357.648336,3455.9669533161405,3455.275898136513,,SL,-6.325750568635596,0.2525295379433369,-1.0489536381799047,False,-2.0979072763598094,TURTLE20,11,
ETH,15m,20bar,1734674400000,1734678900000,-1,3353.8990860000004,3411.1658323574434,3410.483735610321,,SL,-6.3987071195770655,0.4235184482980431,-1.0837883724788855,False,-2.167576744957771,TURTLE20,6,
ETH,15m,20bar,1734683400000,1734690600000,-1,3324.354996,3218.1361891412757,3386.4177080433565,,TRAIL,9.520221368438824,0.36533745799749306,1.6482249772806998,False,3.296449954561399,TURTLE20,9,
ETH,15m,20bar,1734695100000,1734696900000,-1,3115.036868,3212.0248369493615,3211.382560437274,,SL,-6.241315374479945,0.23509152320091747,-1.04606862458274,False,-2.09213724916548,TURTLE20,3,
ETH,15m,20bar,1734705000000,1734782400000,1,3329.9458560000003,3410.250388639219,3234.481817112854,,TRAIL,4.666517313186741,0.24746712312737643,0.798839183648907,False,1.597678367297814,TURTLE20,87,
ETH,15m,20bar,1734785100000,1734788700000,-1,3402.61934,3408.683683742209,3445.878741939253,,TRAIL,-1.3926788961489343,0.5606841087928628,-0.23465709421292,False,-0.46931418842583994,TURTLE20,5,
ETH,15m,20bar,1734808500000,1734828300000,-1,3345.810704,3367.084207861531,3396.3612089941735,,TRAIL,-2.956586736732188,0.4706628313984487,-0.5005141058741894,False,-1.0010282117483789,TURTLE20,23,
ETH,15m,20bar,1734843600000,1734854400000,-1,3308.678132,3353.406437372898,3352.735890194859,,SL,-6.467544062566893,0.5305715801337988,-1.1059472408699869,False,-2.2118944817399737,TURTLE20,13,
ETH,15m,20bar,1734860700000,1734876000000,1,3393.898644,3355.9986099732387,3356.669943962031,,SL,-6.443841162566771,0.6221019462201898,-1.1268180821882385,False,-2.253636164376477,TURTLE20,18,
ETH,15m,20bar,1734877800000,1734884100000,-1,3319.465974,3331.5160090018844,3358.3980787108476,,TRAIL,-2.303058719917884,0.5729553364853188,-0.41201533569326426,False,-0.8240306713865285,TURTLE20,8,
ETH,15m,20bar,1734896700000,1734900300000,-1,3260.227824,3288.687321970589,3307.098258722785,,TRAIL,-3.830845092675557,0.4647503396011299,-0.691029371708084,False,-1.382058743416168,TURTLE20,5,
ETH,15m,20bar,1734923700000,1734935400000,1,3313.6325939999997,3274.7952120620776,3255.9212554552837,,TRAIL,-4.053588008495005,0.37447765636175334,-0.7414563533022956,False,-1.4829127066045913,TURTLE20,14,
ETH,15m,20bar,1734948900000,1734964200000,1,3344.728812,3304.000810524545,3304.6617428731197,,SL,-6.01108662862791,0.5362507668526179,-1.1160596525631372,False,-2.232119305126275,TURTLE20,18,
ETH,15m,20bar,1734969600000,1734972300000,-1,3273.485172,3320.9704910861,3320.30642980014,,SL,-5.78544121692988,0.444988622184536,-1.0986888200128186,False,-2.1973776400256373,TURTLE20,4,
ETH,15m,20bar,1734987600000,1735003800000,1,3402.28032,3384.4713602773754,3349.0352664222382,,TRAIL,-2.1164128530144333,0.39386393973503125,-0.4109491729374411,False,-0.8218983458748821,TURTLE20,19,
ETH,15m,20bar,1735006500000,1735017300000,-1,3372.045456,3417.666578516023,3416.983181879647,,SL,-5.648449312387058,0.4630411477525266,-1.1058625856997442,False,-2.2117251713994883,TURTLE20,13,
ETH,15m,20bar,1735047000000,1735058700000,1,3424.38474,3474.1160831961547,3395.6663610762107,,TRAIL,7.92950157470363,0.7198813205731327,1.587563240363468,False,3.175126480726936,TURTLE20,14,
ETH,15m,20bar,1735064100000,1735065000000,1,3525.344928,3484.920551455397,3485.617674990395,,SL,-5.789398309873255,0.5456159335085251,-1.123423656337014,False,-2.246847312674028,TURTLE20,2,
ETH,15m,20bar,1735121700000,1735123500000,1,3516.6331859999996,3508.2298582661974,3490.835790616023,,TRAIL,-2.4640173023529446,0.8230645380102337,-0.48912866483411443,False,-0.9782573296682288,TURTLE20,3,
ETH,15m,20bar,1735128000000,1735167600000,-1,3468.146232,3491.9431090795592,3503.948976757011,,TRAIL,-3.897380879377397,0.5818364780490461,-0.7813068767228896,False,-1.5626137534457791,TURTLE20,45,
ETH,15m,20bar,1735172100000,1735173900000,1,3502.35033,3474.252042937592,3474.9470323440605,,SL,-5.7849436142808415,0.7500732382974258,-1.1781154549906265,False,-2.356230909981253,TURTLE20,3,
ETH,15m,20bar,1735186500000,1735251300000,-1,3432.8432940000002,3347.152545725396,3463.346024950511,,TRAIL,12.83004899320685,0.6394370048251387,2.6759161631526625,False,5.351832326305325,TURTLE20,73,
ETH,15m,20bar,1735262100000,1735284600000,1,3349.3697399999996,3347.2956332113527,3316.9667448679024,,TRAIL,-0.9496863635358472,0.6263579563101982,-0.18801058321116199,False,-0.376021166422324,TURTLE20,26,
ETH,15m,20bar,1735290900000,1735295400000,1,3431.2361100000003,3384.908756063481,3385.585873238129,,SL,-5.55771286909173,0.4508258564535096,-1.1044201395745543,False,-2.2088402791491086,TURTLE20,6,
ETH,15m,20bar,1735310700000,1735324200000,-1,3340.201826,3362.213273035699,3378.648111766508,,TRAIL,-3.3321878775312523,0.5147419540627015,-0.6771238255165527,False,-1.3542476510331054,TURTLE20,16,
ETH,15m,20bar,1735364700000,1735367400000,1,3350.780022,3331.4765843113937,3332.1430129139762,,SL,-6.072364597983977,1.0443304874638089,-1.2508869607128072,False,-2.5017739214256145,TURTLE20,4,
ETH,15m,20bar,1735395300000,1735397100000,1,3379.285722,3361.928770580447,3358.602446731188,,TRAIL,-4.89739400009098,0.9255642519204141,-1.0347336114301382,False,-2.0694672228602764,TURTLE20,3,
ETH,15m,20bar,1735407000000,1735432200000,1,3401.990262,3386.7832432296814,3376.7923803492213,,TRAIL,-3.5465327537857574,0.7492610275177085,-0.7651549102684435,False,-1.5303098205368872,TURTLE20,29,
ETH,15m,20bar,1735434900000,1735458300000,-1,3382.443376,3403.741042891537,3403.0604308053757,,SL,-5.616171524310417,0.9013790494707646,-1.2305044431592047,False,-2.4610088863184094,TURTLE20,27,
ETH,15m,20bar,1735467300000,1735473600000,1,3408.611586,3391.9883022070585,3392.666835574173,,SL,-5.78048789258218,1.1392425170154277,-1.2984614479967562,False,-2.5969228959935124,TURTLE20,8,
ETH,15m,20bar,1735482600000,1735487100000,-1,3378.454174,3379.0983358197177,3396.5989785061342,,TRAIL,-1.12287889774513,0.9689391396103088,-0.2589553017240213,False,-0.5179106034480426,TURTLE20,6,
ETH,15m,20bar,1735489800000,1735511400000,-1,3348.050256,3358.8489648707505,3371.3238199593256,,TRAIL,-2.7473993107075803,0.7458700161435882,-0.6368963700264606,False,-1.273792740052921,TURTLE20,25,
ETH,15m,20bar,1735518600000,1735533900000,1,3379.165698,3389.0960888876957,3348.0888463367824,,TRAIL,0.8043492468065097,0.5565149663366646,0.18886835382073966,False,0.37773670764147926,TURTLE20,18,
ETH,15m,20bar,1735542000000,1735556400000,1,3430.08588,3403.6088985172373,3404.289756468531,,SL,-5.067177364622516,0.6794777553304218,-1.1853408250495965,False,-2.370681650099193,TURTLE20,17,
ETH,15m,20bar,1735564500000,1735573500000,-1,3390.531758,3339.921568166188,3415.735861119479,,TRAIL,7.711804217212013,0.6686940210394497,1.8477911162853127,False,3.6955822325706253,TURTLE20,11,
ETH,15m,20bar,1735633800000,1735657200000,1,3393.648594,3411.055798554736,3367.002029875473,,TRAIL,2.16405966049418,0.6631055624257656,0.5000412757507855,False,1.000082551501571,TURTLE20,27,
ETH,15m,20bar,1735666200000,1735740000000,-1,3387.452374,3355.8846948108003,3416.808936233312,,TRAIL,4.097838136553753,0.6024292166608993,0.9374965886394947,False,1.8749931772789896,TURTLE20,83,
ETH,15m,20bar,1735761600000,1735826400000,1,3355.190904,3453.046557696696,3333.6114590791726,,TRAIL,19.34994064376254,0.842943318178603,4.345371790781097,False,8.690743581562192,TURTLE20,73,
ETH,15m,20bar,1735870500000,1735881300000,1,3469.44375,3444.7287779147214,3445.417861487019,,SL,-5.814527440616282,0.8357131992078959,-1.2013489360209253,False,-2.4026978720418506,TURTLE20,13,
ETH,15m,20bar,1735887600000,1735900200000,-1,3440.8017019999998,3450.2411279777557,3459.9120243271077,,TRAIL,-3.3552474503355016,1.0220008485788212,-0.7102994624265122,False,-1.4205989248530244,TURTLE20,15,
ETH,15m,20bar,1735904700000,1735924500000,1,3457.611384,3574.3655419368465,3440.49500010671,,TRAIL,30.615737965577217,1.1478520474304945,6.574693140962075,False,13.14938628192415,TURTLE20,23,
ETH,15m,20bar,1735929900000,1735952400000,1,3614.3427239999996,3583.0992297594453,3582.1669521044187,,TRAIL,-5.823420547746295,0.707166850029687,-1.1052402885070685,False,-2.2104805770141374,TURTLE20,26,
ETH,15m,20bar,1735985700000,1735991100000,-1,3579.5639440000004,3599.3662530066454,3598.646523701905,,SL,-6.509803628891721,1.1630212629489596,-1.2634385655123128,False,-2.5268771310246256,TURTLE20,7,
ETH,15m,20bar,1735993800000,1736004600000,1,3636.997254,3628.7933279175486,3613.7054177401697,,TRAIL,-2.7089570095986066,0.9400025622514407,-0.539390724348732,False,-1.078781448697464,TURTLE20,13,
ETH,15m,20bar,1736023500000,1736040600000,1,3661.672188,3637.2336839934205,3636.1345990026134,,TRAIL,-5.606214918874349,0.8519561000956097,-1.1284482467285568,False,-2.2568964934571136,TURTLE20,20,
ETH,15m,20bar,1736064900000,1736083800000,-1,3616.2766,3626.6797891641736,3632.4031062165836,,TRAIL,-4.441149766358887,1.3085823354724715,-0.9145789422450769,False,-1.8291578844901537,TURTLE20,22,
ETH,15m,20bar,1736125200000,1736127900000,-1,3619.855884,3644.290682354351,3643.561969960359,,SL,-5.790127381366328,0.8764612730843364,-1.214594697003595,False,-2.42918939400719,TURTLE20,4,
ETH,15m,20bar,1736129700000,1736147700000,1,3669.4937520000003,3653.551312526553,3639.3558382627584,,TRAIL,-3.1385907462699976,0.6781197953014864,-0.6747735324171893,False,-1.3495470648343788,TURTLE20,21,
ETH,15m,20bar,1736153100000,1736174700000,-1,3637.1924160000003,3661.051886767037,3663.8069738919444,,TRAIL,-4.868518565913001,0.754963795197878,-1.0610139557209983,False,-2.1220279114419967,TURTLE20,25,
ETH,15m,20bar,1736179200000,1736183700000,1,3714.79281,3687.3152296124354,3676.913795832338,,TRAIL,-3.7845060164357394,0.526585261304036,-0.8426524795511223,False,-1.6853049591022444,TURTLE20,6,
ETH,15m,20bar,1736215200000,1736226000000,1,3694.3587239999997,3669.405169162362,3670.1391970017626,,SL,-5.35481206533324,0.8054982137139619,-1.212732733206276,False,-2.425465466412552,TURTLE20,13,
ETH,15m,20bar,1736228700000,1736262000000,-1,3660.01785,3564.292716,3680.705657016674,,TRAIL,19.03278953271468,0.9027111843070174,4.417604417265837,False,8.835208834531674,TURTLE20,38,
ETH,15m,20bar,1736264700000,1736359200000,-1,3447.670328,3297.3129071308513,3508.8071491335236,,TRAIL,11.221669468632662,0.310394707838642,2.393163861243733,False,4.786327722487466,TURTLE20,106,
ETH,15m,20bar,1736376300000,1736407800000,1,3329.91585,3285.2413828484036,3283.7990035156186,,TRAIL,-5.182692234291863,0.4228842169638164,-1.0547894142714136,False,-2.1095788285428276,TURTLE20,36,
ETH,15m,20bar,1736410500000,1736411400000,-1,3274.634942,3306.2077455001017,3305.5466361728672,,SL,-5.527083289401885,0.6143838708133758,-1.1491220414499395,False,-2.298244082899879,TURTLE20,2,
ETH,15m,20bar,1736430300000,1736435700000,-1,3249.1900320000004,3262.7535838563745,3285.810148927284,,TRAIL,-2.2419362071916114,0.5013885113346426,-0.47707979907817627,False,-0.9541595981563527,TURTLE20,7,
ETH,15m,20bar,1736451900000,1736457300000,-1,3225.95468,3220.268845468327,3269.8358490000883,,TRAIL,0.19284489295292612,0.4102483915118789,0.04143236057334633,False,0.08286472114669265,TURTLE20,7,
ETH,15m,20bar,1736476200000,1736515800000,1,3250.970064,3262.3804774361315,3213.2645804465014,,TRAIL,0.9268811994008246,0.48281347235761957,0.19897379384154018,False,0.39794758768308036,TURTLE20,45,
ETH,15m,20bar,1736522100000,1736523000000,-1,3194.6109500000002,3243.4309552010313,3242.7823987212873,,SL,-5.114844307041672,0.3750320372561606,-1.0936526042421328,False,-2.1873052084842652,TURTLE20,2,
ETH,15m,20bar,1736559000000,1736592300000,-1,3246.8505,3253.338600649225,3271.10435694934,,TRAIL,-1.9593333544816172,0.735605014352904,-0.4283118405172732,False,-0.8566236810345464,TURTLE20,38,
ETH,15m,20bar,1736594100000,1736633700000,1,3261.762222,3288.386349677263,3242.0877268937775,,TRAIL,5.231426737633888,0.9059636253359109,1.153475014821567,False,2.3069500296431342,TURTLE20,45,
ETH,15m,20bar,1736663400000,1736676900000,-1,3270.3458,3243.531251035443,3284.831351977095,,TRAIL,7.337287290915025,1.2519092612420408,1.5813151456123948,False,3.1626302912247897,TURTLE20,16,
ETH,15m,20bar,1736690400000,1736698500000,1,3265.492968,3267.027749361015,3247.663593250175,,TRAIL,-0.6402399895430575,1.0522899750259698,-0.1337529275626747,False,-0.2675058551253494,TURTLE20,10,
ETH,15m,20bar,1736720100000,1736725500000,-1,3241.5615580000003,3264.2979542226576,3263.6452251776223,,SL,-5.758876589442149,0.8438415743475391,-1.206317398089827,False,-2.4126347961796535,TURTLE20,7,
ETH,15m,20bar,1736728200000,1736730000000,1,3302.490366,3295.4232088892904,3274.6664192396265,,TRAIL,-1.8461428198333802,0.6628403105094045,-0.39627394886142675,False,-0.7925478977228536,TURTLE20,3,
ETH,15m,20bar,1736745300000,1736774100000,-1,3225.10485,3080.8784824754366,3258.333156335628,,TRAIL,19.53463374909635,0.5262715975799492,4.22660054071113,False,8.45320108142226,TURTLE20,33,
ETH,15m,20bar,1736779500000,1736801100000,-1,3016.126654,3075.8879422454843,3077.616278726945,,TRAIL,-5.16959892351673,0.2979660522453087,-1.031336543113467,False,-2.0626730862269342,TURTLE20,25,
ETH,15m,20bar,1736804700000,1736870400000,1,3117.4733699999997,3173.3100125969795,3062.898991678401,,TRAIL,4.683151208589044,0.3395250910402806,0.953967304228862,False,1.9079346084577238,TURTLE20,74,
ETH,15m,20bar,1736909100000,1736912700000,-1,3208.228226,3237.60019073017,3236.952800170136,,SL,-5.789126956032619,0.6735798423211437,-1.1571785741132463,False,-2.3143571482264926,TURTLE20,5,
ETH,15m,20bar,1736935200000,1736946900000,-1,3196.46058,3222.9737038213916,3222.329237973797,,SL,-5.736404023918659,0.727641629500503,-1.1738059400855623,False,-2.3476118801711245,TURTLE20,14,
ETH,15m,20bar,1736948700000,1736979300000,1,3268.5635819999998,3421.6113255048604,3234.620651212483,,TRAIL,20.953726136982986,0.5643722887310374,4.390712148379628,False,8.781424296759257,TURTLE20,35,
ETH,15m,20bar,1736996400000,1737025200000,-1,3383.27321,3343.5755265101443,3413.731747154731,,TRAIL,6.078165309949419,0.6879152056146369,1.1708236041273679,False,2.3416472082547357,TURTLE20,33,
ETH,15m,20bar,1737038700000,1737042300000,-1,3286.612546,3326.676931545396,3329.051875902477,,TRAIL,-5.512351187685571,0.4967452311248347,-1.0375366277720834,False,-2.075073255544167,TURTLE20,5,
ETH,15m,20bar,1737065700000,1737075600000,-1,3306.298608,3318.2056742499167,3340.926458255726,,TRAIL,-2.3861626058478596,0.5971807516077561,-0.45864148949414785,False,-0.9172829789882958,TURTLE20,12,
ETH,15m,20bar,1737078300000,1737149400000,1,3375.895044,3471.9893985919853,3341.117380110757,,TRAIL,13.634655083374545,0.6090204432394201,2.644962704205187,False,5.289925408410373,TURTLE20,80,
ETH,15m,20bar,1737164700000,1737181800000,-1,3458.768108,3333.0073109760333,3488.3894110926067,,TRAIL,22.297024941594152,0.7466925680208818,4.108047893509232,False,8.216095787018464,TURTLE20,20,
ETH,15m,20bar,1737184500000,1737199800000,-1,3283.3432000000003,3294.4565154369175,3329.252520223042,,TRAIL,-1.926758377854311,0.5049336531211581,-0.3280378623123467,False,-0.6560757246246934,TURTLE20,18,
ETH,15m,20bar,1737219600000,1737243000000,-1,3249.989872,3303.323654591448,3302.6631219670544,,SL,-6.343801554733072,0.4355787412804706,-1.0871888623394423,False,-2.1743777246788847,TURTLE20,27,
ETH,15m,20bar,1737249300000,1737259200000,1,3357.42135,3322.671005529882,3322.2914405326324,,TRAIL,-6.297758781295936,0.6512592431848927,-1.103287781582195,False,-2.2065755631643906,TURTLE20,12,
ETH,15m,20bar,1737263700000,1737279900000,-1,3259.6079480000003,3205.0272780599475,3301.990403666424,,TRAIL,6.677976550624917,0.5108766178061382,1.196294268634941,False,2.392588537269882,TURTLE20,19,
ETH,15m,20bar,1737295200000,1737319500000,1,3274.594788,3359.6674219802985,3215.255915850833,,TRAIL,7.811141852129106,0.38342461072209677,1.3665928204779454,False,2.7331856409558917,TURTLE20,28,
ETH,15m,20bar,1737322200000,1737324900000,-1,3248.580154,3272.508718840889,3326.4674720678004,,TRAIL,-2.09897675451227,0.2949787730683854,-0.3574550883926682,False,-0.7149101767853364,TURTLE20,4,
ETH,15m,20bar,1737350100000,1737370800000,1,3300.549978,3338.889497492284,3223.766230303916,,TRAIL,2.608564887137524,0.3024708588255426,0.4474365583583104,False,0.8948731167166207,TURTLE20,24,
ETH,15m,20bar,1737375300000,1737379800000,-1,3330.1538360000004,3352.434505759812,3394.7770107324277,,TRAIL,-2.393014075773451,0.3649614103491111,-0.40682344799250103,False,-0.813646895985002,TURTLE20,6,
ETH,15m,20bar,1737395100000,1737398700000,-1,3228.434184,3328.4989834319317,3327.8334167485823,,SL,-6.104318152111769,0.23091926926814332,-1.046275272520901,False,-2.0925505450418025,TURTLE20,5,
ETH,15m,20bar,1737419400000,1737455400000,-1,3244.95088,3298.117417105225,3308.5167812900113,,TRAIL,-5.130513802386105,0.35278932146596376,-0.8981604433328404,False,-1.796320886665681,TURTLE20,41,
ETH,15m,20bar,1737457200000,1737471600000,1,3301.8002279999996,3272.7621198953693,3262.0301444111146,,TRAIL,-4.652284998104351,0.5564117462421874,-0.8293380988162079,False,-1.6586761976324158,TURTLE20,17,
ETH,15m,20bar,1737476100000,1737530100000,1,3339.447756,3293.4689775153197,3290.6365310910332,,TRAIL,-5.6462574537098815,0.4497869331103027,-1.0235049134284697,False,-2.0470098268569394,TURTLE20,61,
ETH,15m,20bar,1737531900000,1737543600000,-1,3285.822704,3309.8555362109787,3311.7066578213266,,TRAIL,-5.843384119505321,0.8261683211631814,-1.0813741729072093,False,-2.1627483458144185,TURTLE20,14,
ETH,15m,20bar,1737546300000,1737552600000,1,3315.3029279999996,3296.2507574424635,3292.691832998834,,TRAIL,-5.382195696607746,0.9275255291507338,-1.0180445824324178,False,-2.0360891648648356,TURTLE20,8,
ETH,15m,20bar,1737554400000,1737556200000,-1,3281.563556,3307.4981212921866,3306.8367539413985,,SL,-6.124850478020944,0.8101649048484103,-1.1825967718000665,False,-2.3651935436001326,TURTLE20,3,
ETH,15m,20bar,1737562500000,1737639000000,-1,3262.0374620000002,3232.472981264335,3296.2017050786394,,TRAIL,3.7990926329374064,0.5767523041468205,0.751305228997023,False,1.5026104579940458,TURTLE20,86,
ETH,15m,20bar,1737643500000,1737644400000,1,3267.9134520000002,3234.690056735549,3235.138314390142,,TRAIL,-5.813827248304298,0.6109908181853214,-1.1327170555807577,False,-2.2654341111615155,TURTLE20,2,
ETH,15m,20bar,1737660600000,1737663300000,-1,3210.2378240000003,3251.632485874859,3250.9822894169756,,SL,-5.573754767458152,0.47734209543856765,-1.111114935426842,False,-2.2222298708536843,TURTLE20,4,
ETH,15m,20bar,1737672300000,1737749700000,1,3309.7218119999998,3337.623187858205,3249.0302401310773,,TRAIL,1.9325650133910173,0.32232952223024314,0.39400806606122957,False,0.7880161321224592,TURTLE20,87,
ETH,15m,20bar,1737752400000,1737776700000,-1,3325.344798,3318.214063052091,3360.0115652206105,,TRAIL,0.44842509819284704,0.5684294760424586,0.09070934163736837,False,0.18141868327473673,TURTLE20,28,
ETH,15m,20bar,1737806400000,1737847800000,1,3304.620792,3318.5709005956232,3284.8666736630944,,TRAIL,2.5011071119932997,0.9962905218407085,0.505018417421725,False,1.0100368348434503,TURTLE20,47,
ETH,15m,20bar,1737849600000,1737855000000,-1,3316.346598,3335.349162808106,3334.6822263628337,,SL,-6.273363362376951,1.088873512705099,-1.2540384114241478,False,-2.5080768228482953,TURTLE20,7,
ETH,15m,20bar,1737863100000,1737875700000,1,3345.248916,3332.916298238729,3326.1137662964434,,TRAIL,-4.164526106789975,1.021256389685198,-0.8539006562764329,False,-1.7078013125528657,TURTLE20,15,
ETH,15m,20bar,1737883800000,1737904500000,-1,3308.718124,3318.501405733307,3328.0594803986937,,TRAIL,-3.41033150619213,0.9855370853670522,-0.71140891918399,False,-1.4228178383679797,TURTLE20,24,
ETH,15m,20bar,1737911700000,1737925200000,1,3320.043876,3319.0440812653737,3304.2660696496814,,TRAIL,-1.492517830047623,1.1930722445881492,-0.3158390588869754,False,-0.6316781177739508,TURTLE20,16,
ETH,15m,20bar,1737927900000,1737930600000,-1,3302.8093059999997,3307.8541901886083,3321.9073200586345,,TRAIL,-2.215644262431158,0.9752360328402547,-0.4718439445407788,False,-0.9436878890815577,TURTLE20,4,
ETH,15m,20bar,1737933300000,1737947700000,-1,3265.536762,3194.7694357667224,3289.605687015243,,TRAIL,12.926939662534872,0.7490856213297366,2.7791495661835826,False,5.558299132367165,TURTLE20,17,
ETH,15m,20bar,1737954900000,1737963000000,-1,3145.8707,3072.542880800483,3180.8760276016283,,TRAIL,9.761827524088986,0.5233266997807609,1.9881765382421135,False,3.976353076484227,TURTLE20,10,
ETH,15m,20bar,1737982800000,1737995400000,1,3101.3701499999997,3080.0426738261544,3055.7735695655924,,TRAIL,-2.803167528226762,0.41525750659496974,-0.5490833661124407,False,-1.0981667322248816,TURTLE20,15,
ETH,15m,20bar,1738003500000,1738009800000,-1,3057.98828,3105.8602117974956,3105.2391639647026,,SL,-5.510669060014043,0.3951922106990241,-1.0914132512546901,False,-2.1828265025093803,TURTLE20,8,
ETH,15m,20bar,1738012500000,1738013400000,1,3186.557184,3164.048810955413,3138.38871710289,,TRAIL,-2.6985621955377765,0.39069136539814797,-0.54638933594831,False,-1.0927786718966201,TURTLE20,2,
ETH,15m,20bar,1738035900000,1738063800000,1,3213.5825879999998,3175.245504803494,3175.880680939682,,SL,-5.463895883316222,0.49666934192602186,-1.1185211396527266,False,-2.237042279305453,TURTLE20,32,
ETH,15m,20bar,1738073700000,1738076400000,-1,3157.648344,3183.463225504154,3182.8266601721193,,SL,-5.618033200081434,0.7216431821305231,-1.1763911551263881,False,-2.3527823102527767,TURTLE20,4,
ETH,15m,20bar,1738083600000,1738105200000,-1,3147.200434,3091.323334141146,3183.5033007092707,,TRAIL,6.696878668033973,0.4808222843163732,1.4360845388735144,False,2.872169077747029,TURTLE20,25,
ETH,15m,20bar,1738116900000,1738155600000,1,3120.37395,3107.7605474021893,3084.5816088611523,,TRAIL,-2.1914193749590045,0.5008520412824746,-0.4568095513178399,False,-0.9136191026356799,TURTLE20,44,
ETH,15m,20bar,1738157400000,1738162800000,-1,3090.751726,3115.6147506009956,3115.547933933397,,TRAIL,-5.480059033653959,0.7138511847668217,-1.152871623102246,False,-2.305743246204492,TURTLE20,7,
ETH,15m,20bar,1738179000000,1738179000000,-1,3055.508776,3099.1326009488434,3098.5128983691698,,SL,-5.109481741262993,0.398765184856697,-1.1002807909628278,False,-2.200561581925655,TURTLE20,1,
ETH,15m,20bar,1738182600000,1738196100000,1,3160.8720479999997,3095.3648054785845,3095.9840022790404,,SL,-4.847676702170158,0.2627298511421654,-1.067392057565552,False,-2.1347841151311036,TURTLE20,16,
ETH,15m,20bar,1738206900000,1738269000000,1,3170.68401,3225.578798907491,3133.499270349985,,TRAIL,6.102796008284804,0.45872334764198885,1.3730641037882432,False,2.746128207576487,TURTLE20,70,
ETH,15m,20bar,1738294200000,1738305000000,-1,3227.1944320000002,3251.0413297594855,3253.483340839255,,TRAIL,-4.817713151166099,0.6752101225243108,-1.0549634975769107,False,-2.1099269951538213,TURTLE20,13,
ETH,15m,20bar,1738322100000,1738334700000,1,3298.019472,3333.4981371569256,3271.3507860966574,,TRAIL,5.280167645426189,0.666967571794402,1.1811513587733078,False,2.3623027175466156,TURTLE20,15,
ETH,15m,20bar,1738337400000,1738344600000,1,3391.618188,3381.043057020096,3354.2969925203042,,TRAIL,-1.7948575710557293,0.49823847558019085,-0.39223630268971094,False,-0.7844726053794218,TURTLE20,9,
ETH,15m,20bar,1738349100000,1738476900000,-1,3308.48817,3135.8420160212113,3353.895735354667,,TRAIL,16.875376583851843,0.3866007283679842,3.716991971467357,False,7.433983942934713,TURTLE20,143,
ETH,15m,20bar,1738495800000,1738504800000,-1,3076.3945980000003,3095.3264182870134,3107.9132775308644,,TRAIL,-3.5027826735453518,0.5730507074302873,-0.7181409003705476,False,-1.4362818007410951,TURTLE20,11,
ETH,15m,20bar,1738514700000,1738524600000,-1,3035.702738,2944.5093132339766,3071.7825400148836,,TRAIL,11.67311684073408,0.47810611438175965,2.428098067144167,False,4.856196134288335,TURTLE20,12,
ETH,15m,20bar,1738536300000,1738548000000,-1,2839.402006,2519.250113245642,2917.883882466702,,TRAIL,20.357191567649593,0.20651525788998867,4.038342554376622,False,8.076685108753242,TURTLE20,14,
ETH,15m,20bar,1738568700000,1738645200000,1,2584.76685,2772.4534294268715,2487.292713092857,,TRAIL,10.310705056956552,0.17965862848312236,1.8925250647251115,False,3.785050129450223,TURTLE20,86,
ETH,15m,20bar,1738647000000,1738666800000,-1,2698.66016,2758.2987725906737,2762.1856011342766,,TRAIL,-5.59980320540815,0.2914310153923896,-0.9903557822958895,False,-1.9807115645917792,TURTLE20,23,
ETH,15m,20bar,1738673100000,1738682100000,1,2796.229134,2767.7660154980335,2745.6788122465377,,TRAIL,-3.486719113402753,0.36602195600487886,-0.6291060964312672,False,-1.2582121928625345,TURTLE20,11,
ETH,15m,20bar,1738696500000,1738698300000,1,2859.0717,2800.3711227672684,2800.9313090290743,,SL,-5.844958492544752,0.3196252156113535,-1.0680396517705637,False,-2.1360793035411274,TURTLE20,3,
ETH,15m,20bar,1738703700000,1738712700000,-1,2712.667358,2734.1512003352072,2781.709866362288,,TRAIL,-1.9200353893384703,0.2535095144117905,-0.3585028130833157,False,-0.7170056261666314,TURTLE20,11,
ETH,15m,20bar,1738735200000,1738738800000,1,2783.5566,2733.723623384337,2734.2704774798326,,SL,-5.733446509230861,0.3571438476769244,-1.0782618317752184,False,-2.156523663550437,TURTLE20,5,
ETH,15m,20bar,1738754100000,1738767600000,1,2793.278544,2769.489082894423,2754.739565420685,,TRAIL,-3.662072370558294,0.45057322046854614,-0.7038879254644651,False,-1.4077758509289302,TURTLE20,16,
ETH,15m,20bar,1738772100000,1738784700000,-1,2751.079674,2780.924915074677,2795.330049692103,,TRAIL,-3.8443403285751727,0.38475377636111086,-0.7494725933827556,False,-1.4989451867655113,TURTLE20,15,
ETH,15m,20bar,1738793700000,1738793700000,1,2798.349558,2753.398091410804,2753.9488811870415,,SL,-5.494235212771412,0.3790515963987764,-1.0874274593208637,False,-2.174854918641728,TURTLE20,1,
ETH,15m,20bar,1738816200000,1738841400000,1,2829.7458359999996,2798.7525541024866,2791.2264113794135,,TRAIL,-4.410237801795078,0.4333326956740645,-0.8922869765091374,False,-1.7845739530182747,TURTLE20,29,
ETH,15m,20bar,1738845900000,1738869300000,-1,2778.7441400000002,2717.4557091152033,2810.8326054563627,,TRAIL,8.77296997004718,0.4988867570136877,1.8072135937503966,False,3.614427187500793,TURTLE20,27,
ETH,15m,20bar,1738880100000,1738886400000,-1,2659.198054,2705.608808811837,2705.0677952527867,,SL,-5.442171376536033,0.35296889897866934,-1.081969018661275,False,-2.16393803732255,TURTLE20,8,
ETH,15m,20bar,1738909800000,1738912500000,-1,2680.7437440000003,2713.8621931580783,2713.3195292522278,,SL,-5.491969905055114,0.48895898947500094,-1.1160195353352893,False,-2.232039070670578,TURTLE20,4,
ETH,15m,20bar,1738917900000,1738940400000,1,2733.006492,2746.2864155189895,2699.7837038880393,,TRAIL,1.447052786838407,0.4760938820792704,0.30076788681323996,False,0.60153577362648,TURTLE20,26,
ETH,15m,20bar,1738944900000,1738972800000,-1,2706.7185480000003,2628.594079880644,2752.341732329446,,TRAIL,7.948564648818529,0.3396120167501667,1.6422194470601907,False,3.284438894120381,TURTLE20,32,
ETH,15m,20bar,1738998900000,1739000700000,-1,2603.649166,2631.718026042085,2631.191787684548,,SL,-5.664766651209901,0.5701452826161404,-1.1331557581833087,False,-2.2663115163666174,TURTLE20,3,
ETH,15m,20bar,1739029500000,1739034000000,-1,2592.4714019999997,2620.5238267723407,2619.9998268069794,,SL,-5.53394125090093,0.5551290062185271,-1.1326555052906162,False,-2.265311010581232,TURTLE20,6,
ETH,15m,20bar,1739043000000,1739078100000,1,2645.1089159999997,2656.608874158715,2617.756981519735,,TRAIL,1.4523280673242644,0.5553480469146116,0.30414402647177396,False,0.6082880529435479,TURTLE20,40,
ETH,15m,20bar,1739105100000,1739113200000,-1,2648.880118,2636.3840043928026,2666.994383106395,,TRAIL,2.4731202298976043,0.8410395610880865,0.514785175053536,False,1.029570350107072,TURTLE20,10,
ETH,15m,20bar,1739137500000,1739138400000,-1,2560.5577860000003,2566.506605755312,2592.8602622616554,,TRAIL,-1.3560693775520718,0.46222338189984846,-0.2793921530120753,False,-0.5587843060241507,TURTLE20,2,
ETH,15m,20bar,1739196000000,1739197800000,1,2677.055304,2647.8815245925316,2648.411206833898,,SL,-5.4541214663215145,0.5383499805109906,-1.1300318287891409,False,-2.2600636575782813,TURTLE20,3,
ETH,15m,20bar,1739234700000,1739240100000,1,2707.061304,2677.9880601747764,2678.523764927762,,SL,-5.340103077115843,0.5341098674788478,-1.1319922633116801,False,-2.2639845266233607,TURTLE20,7,
ETH,15m,20bar,1739257200000,1739268000000,1,2722.714434,2696.0673005391527,2696.6066218635256,,SL,-5.280053417578967,0.5741736271373992,-1.1451898897265602,False,-2.29037977945312,TURTLE20,13,
ETH,15m,20bar,1739269800000,1739284200000,-1,2691.1216679999998,2659.2492681574367,2714.6953020983838,,TRAIL,5.477479689760364,0.6134889442969411,1.215857392256456,False,2.431714784512912,TURTLE20,17,
ETH,15m,20bar,1739298600000,1739309400000,-1,2618.67616,2625.8760256234414,2648.764111494179,,TRAIL,-1.5868558971587308,0.4826136718852443,-0.3438784104932283,False,-0.6877568209864565,TURTLE20,13,
ETH,15m,20bar,1739346300000,1739367000000,1,2618.013498,2625.839002575145,2593.0113488568772,,TRAIL,0.8576873309132245,0.5767130079512515,0.18715163436608634,False,0.37430326873217273,TURTLE20,24,
ETH,15m,20bar,1739381400000,1739405700000,1,2681.846262,2718.7543128596735,2632.088427419114,,TRAIL,3.1125029309077497,0.2995640899789909,0.6766309426112136,False,1.3532618852224272,TURTLE20,28,
ETH,15m,20bar,1739429100000,1739459700000,-1,2697.330426,2654.0401675107178,2724.424649816314,,TRAIL,6.896687277926199,0.5525037233922167,1.4792612774182456,False,2.9585225548364913,TURTLE20,35,
ETH,15m,20bar,1739481300000,1739546100000,1,2662.792452,2689.1384503602885,2632.2572699430293,,TRAIL,3.636837780885248,0.5047998082229161,0.7576453867446642,False,1.5152907734893284,TURTLE20,72,
ETH,15m,20bar,1739555100000,1739561400000,1,2752.810452,2740.9546285629895,2719.5124131564326,,TRAIL,-2.2173950824908766,0.4823831055214947,-0.45504429124286655,False,-0.9100885824857331,TURTLE20,8,
ETH,15m,20bar,1739601900000,1739630700000,-1,2709.747942,2687.7399748222965,2727.212804539047,,TRAIL,5.1892642915717,0.8953577710120962,1.0746992360029233,False,2.1493984720058465,TURTLE20,33,
ETH,15m,20bar,1739684700000,1739685600000,1,2706.34116,2706.25274953209,2693.094583450288,,TRAIL,-1.2421462470161304,1.209226635687127,-0.2518361480877549,False,-0.5036722961755099,TURTLE20,2,
ETH,15m,20bar,1739715300000,1739718900000,-1,2682.543384,2699.987728112619,2699.44783854491,,SL,-6.001809168155255,0.9375584501215053,-1.2229831329347172,False,-2.4459662658694343,TURTLE20,5,
ETH,15m,20bar,1739730600000,1739735100000,-1,2667.11647,2685.417310129944,2685.7929566642124,,TRAIL,-5.514419862595284,0.8232323570148514,-1.1518419274886145,False,-2.3036838549772294,TURTLE20,6,
ETH,15m,20bar,1739774700000,1739805300000,1,2684.106714,2815.0013566301013,2660.8450422786077,,TRAIL,25.65538130136164,0.6634187129115071,5.485211007873547,False,10.970422015747095,TURTLE20,35,
ETH,15m,20bar,1739809800000,1739826900000,-1,2727.844322,2752.515751547807,2772.6522642696114,,TRAIL,-3.2386874208036596,0.38088837370942297,-0.6239886095126042,False,-1.2479772190252088,TURTLE20,20,
ETH,15m,20bar,1739828700000,1739837700000,1,2763.432576,2728.1491845878613,2728.6949235725756,,SL,-5.6922170107703,0.4861682706002074,-1.1105626826421564,False,-2.2211253652843133,TURTLE20,11,
ETH,15m,20bar,1739853000000,1739870100000,-1,2694.530986,2689.6939672947483,2721.702974560215,,TRAIL,0.29630454731398126,0.5958492965889951,0.05912278851858665,False,0.1182455770371733,TURTLE20,20,
ETH,15m,20bar,1739888100000,1739889000000,1,2711.872266,2691.557589471936,2686.244480583603,,TRAIL,-4.612120494873361,0.6347552876927786,-0.9191872828104539,False,-1.8383745656209083,TURTLE20,2,
ETH,15m,20bar,1739897100000,1739916900000,-1,2635.332828,2659.5436037080763,2672.853189991692,,TRAIL,-3.5952322115894955,0.41704069814744715,-0.7299423596490241,False,-1.459884719298048,TURTLE20,23,
ETH,15m,20bar,1739921400000,1739975400000,1,2668.203534,2690.894022067564,2638.2657533273177,,TRAIL,3.1572572385594184,0.5212844331219482,0.6505168084050196,False,1.3010336168100392,TURTLE20,61,
ETH,15m,20bar,1739978100000,1739979000000,-1,2681.423608,2708.6676204637793,2708.1259952647265,,SL,-5.61180606139132,0.5954737174375837,-1.141398591021053,False,-2.282797182042106,TURTLE20,2,
ETH,15m,20bar,1740020400000,1740031200000,1,2741.328156,2723.753326061394,2718.7157582237824,,TRAIL,-4.430743178901865,0.696686866707697,-0.9222320885304679,False,-1.8444641770609356,TURTLE20,13,
ETH,15m,20bar,1740048300000,1740062700000,1,2742.088308,2745.5311620239695,2726.138704116806,,TRAIL,0.04443336450101687,0.9735011831026683,0.009422324407278424,False,0.018844648814556848,TURTLE20,17,
ETH,15m,20bar,1740067200000,1740072600000,-1,2710.867718,2736.398186371385,2735.851016168151,,SL,-5.4369835833826725,0.617039597267395,-1.152723220135959,False,-2.305446440271918,TURTLE20,7,
ETH,15m,20bar,1740108600000,1740130200000,1,2746.739238,2794.311026,2729.299867997993,,TRAIL,11.691168513238228,0.8784476409805704,2.537199327527717,False,5.074398655055434,TURTLE20,25,
ETH,15m,20bar,1740143700000,1740148200000,1,2838.8076479999995,2809.350747316004,2809.912729861976,,SL,-5.5037483094307005,0.5678542693895012,-1.1367326103603863,False,-2.2734652207207726,TURTLE20,6,
ETH,15m,20bar,1740152700000,1740214800000,-1,2722.385414,2698.4282896082827,2778.966570082358,,TRAIL,1.7314443282469532,0.27199233248247556,0.3659281217127356,False,0.7318562434254712,TURTLE20,70,
ETH,15m,20bar,1740219300000,1740249900000,1,2738.9076720000003,2761.19088238516,2714.4916104517147,,TRAIL,3.705717254624392,0.6442073766568518,0.7774862139410812,False,1.5549724278821626,TURTLE20,35,
ETH,15m,20bar,1740269700000,1740271500000,-1,2754.658958,2772.494407542799,2771.940019538891,,SL,-5.924565291687967,0.9288875120326108,-1.223983926827759,False,-2.4479678536555185,TURTLE20,3,
ETH,15m,20bar,1740279600000,1740286800000,-1,2749.260038,2767.293118806997,2766.7397708528265,,SL,-5.765513958596533,0.8941314332994578,-1.22101481074008,False,-2.4420296214801596,TURTLE20,9,
ETH,15m,20bar,1740288600000,1740300300000,1,2775.555,2803.895122586793,2756.9352859948726,,TRAIL,6.183234566422185,0.8282272139878007,1.342257593556988,False,2.6845151871139765,TURTLE20,14,
ETH,15m,20bar,1740349800000,1740350700000,-1,2792.1914500000003,2812.2163147136034,2811.65398391682,,SL,-5.684200672857615,0.8172715926229939,-1.2016682654163644,False,-2.403336530832729,TURTLE20,2,
ETH,15m,20bar,1740352500000,1740352500000,1,2839.447776,2814.5148216164275,2815.077837183864,,SL,-5.36587250496814,0.6426426177522929,-1.1623062394964914,False,-2.324612478992983,TURTLE20,1,
ETH,15m,20bar,1740366900000,1740417300000,-1,2760.627764,2679.2440300858157,2790.9938818469623,,TRAIL,11.600503329907502,0.48468051971586534,2.572597894516396,False,5.145195789032792,TURTLE20,57,
ETH,15m,20bar,1740426300000,1740428100000,-1,2621.6755599999997,2655.0943362356165,2654.5634235509065,,SL,-5.274239338737219,0.4564341201070072,-1.1124115166900075,False,-2.224823033380015,TURTLE20,3,
ETH,15m,20bar,1740435300000,1740438900000,-1,2561.6375700000003,2536.866857540809,2608.867845804373,,TRAIL,2.1310542790659204,0.30025934813399996,0.4596968667427591,False,0.9193937334855182,TURTLE20,5,
ETH,15m,20bar,1740442500000,1740483900000,-1,2464.976906,2418.8060307412065,2535.5576978631334,,TRAIL,2.8661759069375163,0.19423105889281816,0.6126398465548346,False,1.225279693109669,TURTLE20,47,
ETH,15m,20bar,1740512700000,1740556800000,1,2443.158534,2463.363462739976,2397.793618822381,,TRAIL,1.8019088845180142,0.30732046639542765,0.38049262242306353,False,0.7609852448461271,TURTLE20,50,
ETH,15m,20bar,1740574800000,1740580200000,-1,2430.803742,2407.6048870067784,2456.707535081235,,TRAIL,3.738712017345768,0.534772940333698,0.7835072551795497,False,1.5670145103590993,TURTLE20,7,
ETH,15m,20bar,1740592800000,1740595500000,-1,2364.8269400000004,2327.7076649115857,2407.1399533499994,,TRAIL,3.92915694828023,0.3224901526462701,0.8107140477497754,False,1.6214280954995508,TURTLE20,4,
ETH,15m,20bar,1740658500000,1740670200000,-1,2340.6917679999997,2332.267731301465,2369.140324502036,,TRAIL,0.973000854268694,0.48540026012633486,0.19755874075900345,False,0.39511748151800685,TURTLE20,14,
ETH,15m,20bar,1740685500000,1740692700000,-1,2288.372234,2279.785897791134,2322.6853911856133,,TRAIL,0.8423376071103226,0.39496741195813745,0.1703556830451572,False,0.3407113660903144,TURTLE20,9,
ETH,15m,20bar,1740707100000,1740711600000,-1,2217.786354,2188.3904336815995,2262.166038362903,,TRAIL,2.990764829844749,0.29555322298787773,0.6028031661296261,False,1.2056063322592523,TURTLE20,6,
ETH,15m,20bar,1740716100000,1740751200000,-1,2115.466822,2167.2994639315657,2178.0783576635204,,TRAIL,-4.362889665532172,0.2060784509164313,-0.8688862384000174,False,-1.7377724768000349,TURTLE20,40,
ETH,15m,20bar,1740755700000,1740824100000,1,2199.899892,2204.355280853763,2149.540648899869,,TRAIL,0.1776139936007065,0.2589061971218822,0.0359980738083451,False,0.0719961476166902,TURTLE20,77,
ETH,15m,20bar,1740826800000,1740841200000,-1,2203.25926,2174.8463081078194,2225.3024676916602,,TRAIL,5.775919825122187,0.5884006803976067,1.169797468318158,False,2.339594936636316,TURTLE20,17,
ETH,15m,20bar,1740848400000,1740870900000,1,2208.0615239999997,2189.544872233609,2178.570872920754,,TRAIL,-3.6248268641498638,0.45210303032540666,-0.7173532909559674,False,-1.434706581911935,TURTLE20,26,
ETH,15m,20bar,1740889800000,1740904200000,1,2232.986508,2208.379244815929,2208.821009017732,,SL,-5.6208336044927,0.5492248950698704,-1.1285545006032112,False,-2.2571090012064223,TURTLE20,17,
ETH,15m,20bar,1740908700000,1740916800000,1,2251.670244,2229.8854414388315,2230.3315077403795,,SL,-5.583351206550285,0.6134437187285995,-1.1469159032975877,False,-2.293831806595176,TURTLE20,10,
ETH,15m,20bar,1740924900000,1740927600000,-1,2199.080096,2202.1103665007267,2219.5760176584863,,TRAIL,-1.316062101331592,0.6128290088886612,-0.2766884491812563,False,-0.5533768983625126,TURTLE20,4,
ETH,15m,20bar,1740933900000,1740934800000,1,2486.687238,2411.161190783232,2411.6435194871297,,SL,-4.945790072594089,0.18523269263626124,-1.0455872633840853,False,-2.091174526768171,TURTLE20,2,
ETH,15m,20bar,1740937500000,1740968100000,1,2507.971494,2420.550982274349,2421.035189312211,,SL,-4.814564222957052,0.1575302820635279,-1.0395843892374477,False,-2.079168778474895,TURTLE20,35,
ETH,15m,20bar,1740984300000,1741003200000,-1,2387.0324980000005,2374.8431241148432,2423.150773209773,,TRAIL,1.1717409791881885,0.35873571929345033,0.25838023708738783,False,0.5167604741747757,TURTLE20,22,
ETH,15m,20bar,1741009500000,1741011300000,1,2384.396784,2351.421235190446,2351.891613513149,,SL,-5.022825019051609,0.39847824640102136,-1.1018874561989083,False,-2.2037749123978165,TURTLE20,3,
ETH,15m,20bar,1741013100000,1741041900000,-1,2324.6649740000003,2153.261961350126,2364.3046411947316,,TRAIL,18.97404089069905,0.3021559530012614,4.256248057276506,False,8.512496114553011,TURTLE20,33,
ETH,15m,20bar,1741052700000,1741059900000,-1,2049.1600860000003,2086.291563744589,2106.364901992695,,TRAIL,-3.3497704033584874,0.2098235641313968,-0.692472269109191,False,-1.384944538218382,TURTLE20,9,
ETH,15m,20bar,1741095000000,1741098600000,-1,2057.598398,2094.974662955929,2094.555751805568,,SL,-5.146089998980587,0.32160555615547637,-1.0787517148074584,False,-2.1575034296149167,TURTLE20,5,
ETH,15m,20bar,1741115700000,1741185000000,1,2163.042522,2182.209282009485,2102.674324889303,,TRAIL,1.280339883298215,0.20157719468420549,0.2743101454017855,False,0.5486202908035711,TURTLE20,78,
ETH,15m,20bar,1741186800000,1741194900000,-1,2169.396034,2206.4304152206255,2205.98921737715,,SL,-5.08640211857519,0.336721360047126,-1.0838050541107793,False,-2.1676101082215586,TURTLE20,10,
ETH,15m,20bar,1741205700000,1741264200000,1,2222.1843479999998,2266.021928625562,2187.1941671433538,,TRAIL,5.398951669805557,0.3533621707573933,1.1758915173418254,False,2.351783034683651,TURTLE20,66,
ETH,15m,20bar,1741267800000,1741273200000,-1,2256.238662,2247.067674247745,2283.0921906050094,,TRAIL,1.1320709614442181,0.47284518971621947,0.24089958700250524,False,0.4817991740050105,TURTLE20,7,
ETH,15m,20bar,1741283100000,1741310100000,-1,2189.6719780000003,2160.4945396878193,2229.825630451298,,TRAIL,3.124265907556117,0.3069425338279687,0.6616418875914721,False,1.323283775182944,TURTLE20,31,
ETH,15m,20bar,1741331700000,1741350600000,1,2186.977308,2165.072939835777,2157.6421361681305,,TRAIL,-3.9984172693397593,0.42588345540334305,-0.8357066545725997,False,-1.6714133091451995,TURTLE20,22,
ETH,15m,20bar,1741355100000,1741355100000,1,2211.382188,2181.7301387677003,2182.1665720821165,,SL,-5.199229974912265,0.42444611503533314,-1.1051595393063878,False,-2.2103190786127755,TURTLE20,1,
ETH,15m,20bar,1741365000000,1741438800000,-1,2161.297654,2172.9568327324446,2208.616407200758,,TRAIL,-1.386389093217874,0.2528363109554379,-0.3013547581016055,False,-0.602709516203211,TURTLE20,83,
ETH,15m,20bar,1741440600000,1741450500000,1,2182.866486,2161.4330585024213,2159.658799783371,,TRAIL,-4.736792670208868,0.51359500970883,-1.0358640236636152,False,-2.07172804732723,TURTLE20,12,
ETH,15m,20bar,1741455000000,1741484700000,1,2205.260964,2189.48243905537,2176.9022421497507,,TRAIL,-2.907927244916305,0.4163780600093737,-0.6493723900430874,False,-1.2987447800861747,TURTLE20,34,
ETH,15m,20bar,1741488300000,1741530600000,-1,2184.5330059999997,2120.0308991085185,2201.914180878289,,TRAIL,15.745620592816385,0.6567705548971208,3.562438614305654,False,7.124877228611309,TURTLE20,48,
ETH,15m,20bar,1741539600000,1741549500000,-1,2046.400638,2046.3913192465839,2080.9084835983035,,TRAIL,-0.335663884031968,0.33694250759608724,-0.07089276013950796,False,-0.14178552027901592,TURTLE20,12,
ETH,15m,20bar,1741598100000,1741599000000,1,2083.46661,2110.8848482216763,2057.0393987103557,,TRAIL,4.455156034275151,0.4502474464523925,0.9422722312172749,False,1.8845444624345498,TURTLE20,2,
ETH,15m,20bar,1741616100000,1741635000000,-1,2041.401638,1870.378353738063,2083.8627126646106,,TRAIL,19.13628820531892,0.2662744670508418,3.9724905127631667,False,7.944981025526335,TURTLE20,22,
ETH,15m,20bar,1741653000000,1741656600000,-1,1828.7941680000001,1829.6188712663673,1880.519168038735,,TRAIL,-0.3035763505574395,0.2206687199478767,-0.058380881346841405,False,-0.11676176269368281,TURTLE20,5,
ETH,15m,20bar,1741670100000,1741699800000,1,1898.8797,1894.1883335854977,1853.4954563228746,,TRAIL,-0.7973399576341493,0.2604513920722703,-0.15351599300012417,False,-0.30703198600024834,TURTLE20,34,
ETH,15m,20bar,1741704300000,1741705200000,-1,1850.659794,1904.048903165042,1903.6681695311358,,SL,-5.435157741895979,0.22005813712404662,-1.0496819384826872,False,-2.0993638769653744,TURTLE20,2,
ETH,15m,20bar,1741735800000,1741762800000,-1,1923.275268,1894.9081454351724,1952.7288691595584,,TRAIL,4.487929771355146,0.39428438472724103,0.8853318945790175,False,1.7706637891580352,TURTLE20,31,
ETH,15m,20bar,1741767300000,1741767300000,1,1924.074738,1894.6916040466026,1895.0706181702367,,SL,-5.633926408877195,0.40754652558290627,-1.0920653322540026,False,-2.1841306645080047,TURTLE20,1,
ETH,15m,20bar,1741789800000,1741798800000,-1,1874.8249600000001,1884.4167914013933,1912.3574409386877,,TRAIL,-1.5928936613904598,0.303260677918903,-0.31565663009561973,False,-0.6313132601912395,TURTLE20,11,
ETH,15m,20bar,1741814100000,1741840200000,1,1899.82989,1874.5042667327393,1872.5372609531812,,TRAIL,-5.069104785550434,0.41607118887517225,-1.0109038493129805,False,-2.0218076986259605,TURTLE20,30,
ETH,15m,20bar,1741844700000,1741856400000,-1,1864.686988,1883.4731388034588,1885.4805081304394,,TRAIL,-4.970113516667092,0.5313641015074894,-1.0116154815339706,False,-2.0232309630679417,TURTLE20,14,
ETH,15m,20bar,1741869000000,1741872600000,1,1906.301184,1882.9258906329935,1881.4712531023004,,TRAIL,-4.9723992960465155,0.44075812402311215,-1.0329803058035267,False,-2.065960611607053,TURTLE20,5,
ETH,15m,20bar,1741883400000,1741903200000,-1,1855.7887680000001,1863.9551345666343,1884.9445477329343,,TRAIL,-1.6812862743845074,0.3608670695342909,-0.3566432797689293,False,-0.7132865595378586,TURTLE20,23,
ETH,15m,20bar,1741905000000,1741960800000,1,1873.064538,1877.8311227552153,1849.711044307239,,TRAIL,0.5042729918382456,0.45105876970123626,0.10773751421792628,False,0.2154750284358526,TURTLE20,63,
ETH,15m,20bar,1741963500000,1741995000000,1,1916.2631760000002,1910.826539896149,1893.771199605873,,TRAIL,-1.6126783534409779,0.47887903187553116,-0.34380660009087655,False,-0.6876132001817531,TURTLE20,36,
ETH,15m,20bar,1741996800000,1742013000000,-1,1909.777968,1924.8643150264627,1924.7079275058707,,TRAIL,-5.425081885846186,0.7178842806580139,-1.1645800103772357,False,-2.3291600207544714,TURTLE20,19,
ETH,15m,20bar,1742046300000,1742063400000,1,1930.075938,1929.919126126403,1919.3972608008455,,TRAIL,-1.0535981219622346,0.9867847524711327,-0.23156509612152112,False,-0.4631301922430422,TURTLE20,20,
ETH,15m,20bar,1742086800000,1742103000000,-1,1929.7739680000002,1931.8521541561645,1941.2489132078472,,TRAIL,-1.734643041146179,0.9144431727737892,-0.3830224676325604,False,-0.7660449352651207,TURTLE20,19,
ETH,15m,20bar,1742113800000,1742126400000,-1,1918.1362960000001,1879.7688596641294,1928.1096216478015,,TRAIL,16.262126166495683,1.026837060485874,3.618521495929281,False,7.237042991858562,TURTLE20,15,
ETH,15m,20bar,1742141700000,1742151600000,1,1908.811686,1888.0740206287421,1888.4517109709363,,SL,-5.448033542400226,0.5392529540577762,-1.1304432722722033,False,-2.2608865445444066,TURTLE20,12,
ETH,15m,20bar,1742153400000,1742171400000,-1,1876.314662,1898.6733522435402,1898.2936935048392,,SL,-5.277203667246687,0.485420005214627,-1.1203261184035522,False,-2.2406522368071045,TURTLE20,21,
ETH,15m,20bar,1742173200000,1742192100000,1,1900.790082,1887.9763475172138,1883.3559414163612,,TRAIL,-3.984922447269582,0.6004353174012359,-0.8653706942489208,False,-1.7307413884978418,TURTLE20,22,
ETH,15m,20bar,1742205600000,1742215500000,1,1911.622248,1910.71778,1897.4469463991481,,TRAIL,-1.0208551883165866,0.7321222916854583,-0.22559463684411457,False,-0.45118927368822914,TURTLE20,12,
ETH,15m,20bar,1742236200000,1742254200000,1,1937.767476,1920.8024752651183,1917.5679119667743,,TRAIL,-4.299715233011441,0.5163058878887112,-0.9544831103249248,False,-1.9089662206498499,TURTLE20,21,
ETH,15m,20bar,1742260500000,1742308200000,-1,1915.996724,1891.5943824765448,1930.058004013897,,TRAIL,6.950524347867942,0.7179223181863854,1.572956860094522,False,3.1459137201890446,TURTLE20,54,
ETH,15m,20bar,1742327100000,1742387400000,1,1896.6792599999999,2006.9210749717092,1878.8907293250006,,TRAIL,27.64602922168687,0.6001078455333126,6.065686747381162,False,12.131373494762325,TURTLE20,68,
ETH,15m,20bar,1742399100000,1742405400000,1,2046.95931,2019.3395520882373,2019.7435007883948,,SL,-5.644701294742616,0.4581516131156672,-1.1044880934937518,False,-2.2089761869875035,TURTLE20,8,
ETH,15m,20bar,1742427900000,1742430600000,1,2063.572632,2037.1903783870837,2037.597897966677,,SL,-5.549628282945317,0.473416872360857,-1.110414119434157,False,-2.220828238868314,TURTLE20,4,
ETH,15m,20bar,1742435100000,1742480100000,-1,2022.725374,2007.5269369985733,2047.430773195877,,TRAIL,2.527981884836345,0.4783181756925876,0.5173073915340964,False,1.0346147830681929,TURTLE20,51,
ETH,15m,20bar,1742485500000,1742515200000,-1,1972.5854040000002,1985.63323463508,1995.898198773414,,TRAIL,-3.266354179799759,0.502981663617169,-0.6615578255700622,False,-1.3231156511401243,TURTLE20,34,
ETH,15m,20bar,1742519700000,1742526000000,1,1993.34859,1977.2018688108417,1977.5973882884994,,SL,-5.731263639138854,0.7368840714468927,-1.1763579569243923,False,-2.3527159138487845,TURTLE20,8,
ETH,15m,20bar,1742535000000,1742571000000,-1,1970.3158580000002,1955.649492542348,1984.218704110671,,TRAIL,4.212628249286759,0.8060557080181779,0.8854867664742275,False,1.7709735329484548,TURTLE20,41,
ETH,15m,20bar,1742582700000,1742655600000,1,1972.5044219999997,1979.9517007891586,1955.4795312648637,,TRAIL,1.4434960353698532,0.6744177067570896,0.2981402462108055,False,0.5962804924216111,TURTLE20,82,
ETH,15m,20bar,1742674500000,1742676300000,1,2002.420404,1992.214116794619,1992.6126393224836,,SL,-6.258685841009555,1.1902417416896012,-1.285009207729994,False,-2.570018415459988,TURTLE20,3,
ETH,15m,20bar,1742685300000,1742692500000,-1,1977.0945020000001,1987.9553119281495,1987.557800368076,,SL,-6.004594088063372,1.078948763801858,-1.2653600567199295,False,-2.530720113439859,TURTLE20,9,
ETH,15m,20bar,1742697900000,1742706900000,1,1999.609842,1991.4178921634123,1988.6184811103856,,TRAIL,-4.454930693228117,1.0076780978383835,-0.9631715838835596,False,-1.926343167767119,TURTLE20,11,
ETH,15m,20bar,1742748300000,1742773500000,-1,1997.860348,1998.4804801071718,2011.151598507732,,TRAIL,-1.029992183174095,0.8183471731139057,-0.22706190078055188,False,-0.4541238015611038,TURTLE20,29,
ETH,15m,20bar,1742776200000,1742777100000,1,2008.721664,1998.326223053045,1994.0360396268957,,TRAIL,-3.9356754661974254,0.7392584553926409,-0.871578174274205,False,-1.74315634854841,TURTLE20,2,
ETH,15m,20bar,1742791500000,1742821200000,1,2028.7656719999998,2076.274952279372,2010.2221575970043,,TRAIL,10.778104648434464,0.5893216634216029,2.4292189131919746,False,4.85843782638395,TURTLE20,34,
ETH,15m,20bar,1742833800000,1742836500000,-1,2071.945528,2092.396450089857,2091.978054478961,,SL,-5.329876479492359,0.580284589585633,-1.1456132256115286,False,-2.2912264512230567,TURTLE20,4,
ETH,15m,20bar,1742858100000,1742860800000,-1,2072.13549,2087.267921576611,2086.850551466318,,SL,-5.445721944370678,0.7709618731218697,-1.1979612632884256,False,-2.395922526576851,TURTLE20,4,
ETH,15m,20bar,1742867100000,1742886000000,-1,2064.2870599999997,2062.6089698266333,2082.1545061429492,,TRAIL,-0.19817409250981122,0.6148836497373484,-0.044664885968861756,False,-0.08932977193772351,TURTLE20,22,
ETH,15m,20bar,1742899500000,1742904000000,1,2074.3847939999996,2059.2201675739425,2059.632093992741,,SL,-5.301972721294096,0.745248704747119,-1.1960379723250614,False,-2.3920759446501223,TURTLE20,6,
ETH,15m,20bar,1742958000000,1742967000000,-1,2046.450628,2063.5389679318378,2063.126342663305,,SL,-5.073832942134892,0.6398602254080872,-1.1726234277938439,False,-2.345246855587688,TURTLE20,11,
ETH,15m,20bar,1742974200000,1742994000000,1,2068.383594,2054.226441583872,2054.637369057684,,SL,-5.112090671433758,0.7603456116738947,-1.2098389563146452,False,-2.4196779126292904,TURTLE20,23,
ETH,15m,20bar,1742995800000,1743017400000,-1,2051.859546,1998.2415058262695,2064.2850187008626,,TRAIL,16.98588967999524,0.8063756796869167,4.119600177390577,False,8.239200354781154,TURTLE20,25,
ETH,15m,20bar,1743038100000,1743075900000,1,2020.6440479999999,2011.3284701776774,2004.9081123361427,,TRAIL,-3.3281239765880533,0.6861104727895841,-0.7457301290435371,False,-1.4914602580870742,TURTLE20,43,
ETH,15m,20bar,1743082200000,1743084000000,-1,2005.44883,2007.5359502019846,2020.0955822617773,,TRAIL,-1.3491848482700224,0.7227184045257804,-0.3068879018207863,False,-0.6137758036415726,TURTLE20,3,
ETH,15m,20bar,1743111900000,1743116400000,1,2016.4032,2000.092184101376,2000.4922825578876,,SL,-5.141024630956853,0.6617914913896872,-1.176608023842498,False,-2.353216047684996,TURTLE20,6,
ETH,15m,20bar,1743120900000,1743125400000,-1,1995.430834,2009.621025378767,2009.2191815424585,,SL,-5.134454836798372,0.7435719456409217,-1.2034235751092357,False,-2.406847150218471,TURTLE20,6,
ETH,15m,20bar,1743137100000,1743161400000,-1,1936.0927040000001,1903.224834526971,1963.730019213801,,TRAIL,4.604828651104876,0.3470600323548383,1.1059062254589134,False,2.2118124509178267,TURTLE20,28,
ETH,15m,20bar,1743194700000,1743217200000,1,1886.82729,1883.5578670101258,1868.0533052478013,,TRAIL,-1.2539921399805016,0.512833949454305,-0.29464464561432163,False,-0.5892892912286434,TURTLE20,26,
ETH,15m,20bar,1743228900000,1743250500000,-1,1877.5744100000002,1853.4565239216063,1892.4153790392736,,TRAIL,6.237347766460183,0.6381860117510954,1.4742479052508124,False,2.948495810501625,TURTLE20,25,
ETH,15m,20bar,1743267600000,1743269400000,-1,1819.8259620000001,1825.6602553623188,1839.3655175225265,,TRAIL,-1.7881129960230848,0.48757505206729823,-0.41053058159324896,False,-0.821061163186498,TURTLE20,3,
ETH,15m,20bar,1743297300000,1743341400000,1,1837.3774019999998,1819.8570151100582,1819.4011803558578,,TRAIL,-4.737631390890646,0.5273203561046145,-1.0967114185884663,False,-2.1934228371769326,TURTLE20,50,
ETH,15m,20bar,1743372900000,1743373800000,-1,1782.733382,1803.829472316174,1803.468778560462,,SL,-4.737080205350274,0.43848456861988216,-1.1211759544108544,False,-2.2423519088217088,TURTLE20,2,
ETH,15m,20bar,1743412500000,1743417900000,-1,1785.732782,1806.4131439514124,1806.0519335646995,,SL,-4.641897072148667,0.4381142297171541,-1.1238485738083335,False,-2.247697147616667,TURTLE20,7,
ETH,15m,20bar,1743422400000,1743427800000,1,1812.192366,1812.4392397590784,1791.8028223194174,,TRAIL,-0.3817621556046443,0.4306478882714293,-0.09455362192400707,False,-0.1891072438480141,TURTLE20,7,
ETH,15m,20bar,1743484500000,1743505200000,1,1841.7182699999998,1870.6804826911268,1828.5454317123856,,TRAIL,8.17880384912681,0.6814267106478475,2.0295378152975405,False,4.059075630595081,TURTLE20,24,
ETH,15m,20bar,1743516900000,1743517800000,-1,1847.750376,1868.8947085862649,1868.5210043853879,,SL,-4.719130112786267,0.4502205499774385,-1.1253544766830559,False,-2.2507089533661118,TURTLE20,2,
ETH,15m,20bar,1743520500000,1743554700000,1,1902.570438,1887.1375695971838,1875.6484364174853,,TRAIL,-2.6959779887337305,0.3462070275647458,-0.6577034457525117,False,-1.3154068915050237,TURTLE20,39,
ETH,15m,20bar,1743556500000,1743582600000,-1,1883.083308,1874.6696786207585,1899.6498737952638,,TRAIL,1.5038749097320254,0.5505320017949882,0.37177153451017736,False,0.7435430690203547,TURTLE20,30,
ETH,15m,20bar,1743585300000,1743595200000,1,1883.6866619999998,1865.38921424346,1865.7623667168032,,SL,-4.671505620877944,0.5114299895858693,-1.146315264151444,False,-2.292630528302888,TURTLE20,12,
ETH,15m,20bar,1743608700000,1743615000000,1,1914.462816,1888.2193313098023,1888.5970507199463,,SL,-4.391186404090177,0.3512336083494807,-1.1028126819267332,False,-2.2056253638534664,TURTLE20,8,
ETH,15m,20bar,1743624900000,1743624900000,1,1933.1865599999999,1902.9622329937836,1903.3429015740983,,SL,-4.243974929399472,0.3003230244076667,-1.0898803296107598,False,-2.1797606592215195,TURTLE20,1,
ETH,15m,20bar,1743626700000,1743655500000,-1,1868.6162020000002,1843.2632964947245,1910.7442530718029,,TRAIL,2.0909694938396974,0.20137078703803257,0.5489401293870284,False,1.0978802587740568,TURTLE20,33,
ETH,15m,20bar,1743663600000,1743687000000,-1,1815.406846,1778.8308071414008,1835.7795120643689,,TRAIL,6.506110119005297,0.40763826031632866,1.6894939600916257,False,3.378987920183251,TURTLE20,27,
ETH,15m,20bar,1743714000000,1743731100000,1,1797.829494,1789.0352120178325,1776.087206836058,,TRAIL,-2.004302004078224,0.3940561055374877,-0.5034613296770345,False,-1.0069226593540692,TURTLE20,20,
ETH,15m,20bar,1743750900000,1743761700000,1,1814.7028679999999,1807.1314046780783,1796.7745518929207,,TRAIL,-2.142026175551803,0.4776856454566589,-0.5435292320443088,False,-1.0870584640886176,TURTLE20,13,
ETH,15m,20bar,1743763500000,1743769800000,-1,1786.7625759999999,1788.8148638775003,1807.729830005682,,TRAIL,-0.7804013868927165,0.39885116702291057,-0.20019952733388474,False,-0.4003990546677694,TURTLE20,8,
ETH,15m,20bar,1743829200000,1743844500000,-1,1806.608606,1818.5119866303078,1818.148356958916,,SL,-4.736647672403465,0.7317957037386927,-1.2199962578055865,False,-2.4399925156111726,TURTLE20,18,
ETH,15m,20bar,1743846300000,1743850800000,1,1819.243776,1809.9200394579887,1810.282095877164,,SL,-4.861154685066529,0.9203495247169697,-1.2833793076344149,False,-2.5667586152688293,TURTLE20,6,
ETH,15m,20bar,1743855300000,1743876000000,-1,1803.1393,1790.6032709544095,1812.580892577097,,TRAIL,4.057276432640524,0.8428387952718475,1.0993678681069925,False,2.198735736213985,TURTLE20,24,
ETH,15m,20bar,1743897600000,1743921900000,1,1804.76088,1796.5601555193816,1791.9780168901018,,TRAIL,-3.0572594228524013,0.6375614243887491,-0.8105787422464646,False,-1.6211574844929293,TURTLE20,28,
ETH,15m,20bar,1743928200000,1743948000000,-1,1784.3930500000001,1756.1912228305223,1796.2840412057299,,TRAIL,8.137411854871884,0.6628983211171275,2.193044814734532,False,4.386089629469063,TURTLE20,23,
ETH,15m,20bar,1743958800000,1743966000000,-1,1729.933944,1631.9728077399723,1750.9007354323967,,TRAIL,17.724223999279047,0.3726373290955158,4.575997835354898,False,9.151995670709796,TURTLE20,9,
ETH,15m,20bar,1743972300000,1743988500000,-1,1587.842368,1600.7261429014734,1630.997776317865,,TRAIL,-1.4496029986833305,0.18742385801500488,-0.3428751246894988,False,-0.6857502493789976,TURTLE20,19,
ETH,15m,20bar,1743997500000,1744011000000,-1,1526.104718,1474.2424665162807,1568.6080002969925,,TRAIL,4.945506388483685,0.17783816114833495,1.1778394624490494,False,2.3556789248980987,TURTLE20,16,
ETH,15m,20bar,1744034400000,1744036200000,1,1549.3998179999999,1557.468444,1500.059214057891,,TRAIL,0.5404298023474662,0.16237016708051769,0.12574846165401224,False,0.2514969233080244,TURTLE20,3,
ETH,15m,20bar,1744058700000,1744099200000,1,1576.8953159999999,1559.1151833307672,1537.572165438843,,TRAIL,-2.1542747724112785,0.20616167213189687,-0.5000041626433898,False,-1.0000083252867795,TURTLE20,46,
ETH,15m,20bar,1744101000000,1744111800000,-1,1556.38866,1577.533218752322,1577.2177751972827,,SL,-4.715087848786298,0.3850625022194289,-1.1054195851092619,False,-2.2108391702185237,TURTLE20,13,
ETH,15m,20bar,1744113600000,1744115400000,1,1587.527442,1568.2594256203827,1568.5731402484323,,SL,-4.656844920248023,0.4166817483675136,-1.1164478004809204,False,-2.232895600961841,TURTLE20,3,
ETH,15m,20bar,1744123500000,1744137000000,-1,1545.560826,1494.1214473424927,1573.0171221795804,,TRAIL,7.369230376222867,0.2708841510245311,1.8070743762737278,False,3.614148752547456,TURTLE20,16,
ETH,15m,20bar,1744161300000,1744162200000,-1,1423.575228,1430.9691400261988,1455.1642445498858,,TRAIL,-1.218111849317809,0.22909579179817707,-0.2882849686894568,False,-0.5765699373789136,TURTLE20,2,
ETH,15m,20bar,1744179300000,1744196400000,1,1473.434628,1445.6064318330905,1440.1983893849815,,TRAIL,-3.7388207576433765,0.22137750946179985,-0.8899809977126348,False,-1.7799619954252697,TURTLE20,20,
ETH,15m,20bar,1744219800000,1744254000000,1,1571.7142800000001,1619.4389042770842,1525.7803329465492,,TRAIL,4.11509527009499,0.17199631647173325,0.9973001517420478,False,1.9946003034840958,TURTLE20,39,
ETH,15m,20bar,1744255800000,1744287300000,-1,1607.788378,1620.8134608197995,1634.4692827164135,,TRAIL,-2.360083497378844,0.3055599130146223,-0.5607847290832991,False,-1.1215694581665983,TURTLE20,36,
ETH,15m,20bar,1744292700000,1744304400000,-1,1563.877162,1516.1642596006816,1593.3186641104855,,TRAIL,6.482656771100542,0.26120446553241045,1.5578307578954493,False,3.115661515790899,TURTLE20,14,
ETH,15m,20bar,1744333200000,1744334100000,-1,1506.558628,1528.2378101940965,1527.9322237493466,,SL,-4.717900388715506,0.3655616350092394,-1.0994902464051457,False,-2.1989804928102914,TURTLE20,2,
ETH,15m,20bar,1744335900000,1744377300000,1,1533.196578,1548.8704682587568,1510.2121849203231,,TRAIL,2.524189022997076,0.3376455731839061,0.6014798817213696,False,1.2029597634427391,TURTLE20,47,
ETH,15m,20bar,1744381800000,1744389000000,-1,1544.8409700000002,1570.5017562496757,1570.1877187059347,,SL,-4.6129400055692384,0.3132050852637792,-1.0861350386520998,False,-2.1722700773041996,TURTLE20,9,
ETH,15m,20bar,1744393500000,1744397100000,1,1587.257388,1564.4251880447166,1564.7381356718508,,SL,-4.561491183927154,0.3488957762858942,-1.0978699088515507,False,-2.1957398177031013,TURTLE20,5,
ETH,15m,20bar,1744414200000,1744432200000,-1,1559.857966,1568.686450088284,1575.4366999853803,,TRAIL,-2.792498939673106,0.4896380325330429,-0.687193885458435,False,-1.37438777091687,TURTLE20,21,
ETH,15m,20bar,1744438500000,1744469100000,1,1574.884914,1648.6687524414685,1561.234552574886,,TRAIL,21.095231166768013,0.5678654513358876,5.263575373866312,False,10.527150747732623,TURTLE20,35,
ETH,15m,20bar,1744509600000,1744537500000,-1,1616.146706,1626.738703307296,1635.9450259593646,,TRAIL,-2.8051942591807935,0.4353383547108398,-0.6332723472806582,False,-1.2665446945613164,TURTLE20,32,
ETH,15m,20bar,1744543800000,1744560000000,-1,1601.5596240000002,1589.200320974949,1617.978035971442,,TRAIL,2.7823239191983786,0.5099774654029676,0.6361667057833702,False,1.2723334115667404,TURTLE20,19,
ETH,15m,20bar,1744565400000,1744572600000,1,1615.4530260000001,1614.9448283970612,1593.8939696999005,,TRAIL,-0.5026107092374342,0.3982035125246028,-0.11347603909572862,False,-0.22695207819145727,TURTLE20,9,
ETH,15m,20bar,1744597800000,1744609500000,1,1640.167968,1620.2161941618901,1613.7962295218529,,TRAIL,-3.6711731391211924,0.32780990662851694,-0.8307379641869643,False,-1.6614759283739284,TURTLE20,14,
ETH,15m,20bar,1744622100000,1744637400000,1,1642.52844,1662.9563092234505,1623.6106352068382,,TRAIL,4.2370392519559745,0.45559627372152794,0.9749851304408891,False,1.9499702608817786,TURTLE20,18,
ETH,15m,20bar,1744645500000,1744695000000,-1,1635.662802,1647.2078005809774,1663.9894188073458,,TRAIL,-2.113800389004935,0.3080788653927569,-0.4771032500789559,False,-0.9542065001579118,TURTLE20,56,
ETH,15m,20bar,1744713900000,1744722000000,-1,1628.044326,1643.8684580860918,1643.5397501360646,,SL,-5.037252274873944,0.5559517927556161,-1.1479053171022766,False,-2.2958106342045532,TURTLE20,10,
ETH,15m,20bar,1744727400000,1744813800000,-1,1611.157704,1589.7311091724812,1635.9615599212468,,TRAIL,3.371717732672185,0.3319735319126408,0.786412467543259,False,1.572824935086518,TURTLE20,97,
ETH,15m,20bar,1744817400000,1744820100000,1,1604.840904,1583.4665604421357,1583.7833171055568,,SL,-4.816032517048023,0.3956226939994242,-1.1058877806494982,False,-2.211775561298996,TURTLE20,4,
ETH,15m,20bar,1744826400000,1744827300000,-1,1544.4910399999999,1575.1086224902451,1574.7936637574937,,SL,-4.565891612520782,0.2630478722635522,-1.0721626796328045,False,-2.144325359265609,TURTLE20,2,
ETH,15m,20bar,1744868700000,1744884900000,1,1599.76989,1587.2144968694683,1584.8682457805176,,TRAIL,-4.045877622642346,0.5347464660061876,-0.9708716400394557,False,-1.9417432800789114,TURTLE20,19,
ETH,15m,20bar,1744899300000,1744902000000,-1,1584.213094,1581.7551307938224,1597.8295988377415,,TRAIL,0.16757185277458564,0.5700687738718828,0.041007753307849816,False,0.08201550661569963,TURTLE20,4,
ETH,15m,20bar,1744907400000,1744917300000,1,1603.960728,1585.7406669989002,1584.2887134335533,,TRAIL,-4.1857165596758446,0.397872185507826,-1.0234783921134478,False,-2.0469567842268956,TURTLE20,12,
ETH,15m,20bar,1744954200000,1744962300000,-1,1572.645408,1583.524674329062,1583.2080327225176,,SL,-4.844278000978131,0.718205737812186,-1.2092608337423632,False,-2.4185216674847263,TURTLE20,10,
ETH,15m,20bar,1744964100000,1744988400000,1,1585.777092,1581.616993345705,1576.3107857984758,,TRAIL,-2.5026890161443247,0.7847824242448219,-0.6402217482175465,False,-1.280443496435093,TURTLE20,28,
ETH,15m,20bar,1745012700000,1745017200000,1,1598.06955,1590.3539017117362,1590.67203611896,,SL,-5.0229821353805395,0.9979783426905751,-1.3016132871300878,False,-2.6032265742601752,TURTLE20,6,
ETH,15m,20bar,1745022600000,1745028000000,-1,1584.53303,1592.2555540798317,1591.9371666465024,,SL,-4.887793224729889,0.9675855379328402,-1.300434836629855,False,-2.6008696732597105,TURTLE20,7,
ETH,15m,20bar,1745033400000,1745039700000,1,1596.91932,1600.0511402665434,1588.9185298348982,,TRAIL,0.5553101240761085,0.8776802030054358,0.15168976630299327,False,0.3033795326059866,TURTLE20,8,
ETH,15m,20bar,1745076600000,1745077500000,1,1610.412018,1602.0476043823835,1602.3680779979832,,SL,-4.6980881652200335,0.8798628488735512,-1.2794587463936402,False,-2.5589174927872804,TURTLE20,2,
ETH,15m,20bar,1745084700000,1745129700000,1,1618.4136179999998,1605.9465010695,1606.267754620424,,SL,-4.242514531473247,0.5699061907901408,-1.1857315163085846,False,-2.3714630326171693,TURTLE20,51,
ETH,15m,20bar,1745131500000,1745146800000,-1,1605.2988759999998,1578.510096900768,1612.9003274117097,,TRAIL,11.43250275231196,0.8778402405333405,3.2728609798343924,False,6.545721959668785,TURTLE20,18,
ETH,15m,20bar,1745179200000,1745181900000,1,1584.6268619999998,1587.1407780021168,1576.9841802066524,,TRAIL,0.29746948749421676,0.9267372275086128,0.07992684173343195,False,0.1598536834668639,TURTLE20,4,
ETH,15m,20bar,1745195400000,1745227800000,1,1608.461628,1639.6089659406107,1596.1838084812955,,TRAIL,8.865080523539978,0.5916963895282645,2.3781499263582027,False,4.756299852716405,TURTLE20,37,
ETH,15m,20bar,1745231400000,1745244900000,-1,1632.32347,1626.1819013285265,1644.9520970910223,,TRAIL,1.2945385161020393,0.6045568644705466,0.3315059838652312,False,0.6630119677304624,TURTLE20,16,
ETH,15m,20bar,1745254800000,1745283600000,-1,1588.542228,1567.6589124395834,1608.768477508162,,TRAIL,3.690573547168655,0.36803920824275405,0.9388589253034727,False,1.8777178506069456,TURTLE20,33,
ETH,15m,20bar,1745307000000,1745316900000,1,1589.377812,1613.0527333986302,1576.1120983746814,,TRAIL,6.5670529843517125,0.58006022309149,1.6398260723699687,False,3.279652144739938,TURTLE20,12,
ETH,15m,20bar,1745329500000,1745335800000,1,1645.719078,1697.350177568675,1626.9551363032533,,TRAIL,10.938712362981338,0.4421402462217017,2.6447139315049886,False,5.289427863009977,TURTLE20,8,
ETH,15m,20bar,1745357400000,1745361000000,1,1713.862704,1740.1778664302803,1688.7816698792867,,TRAIL,4.209286591087403,0.35983674629642964,0.9665764964611776,False,1.9331529929223552,TURTLE20,5,
ETH,15m,20bar,1745375400000,1745415900000,1,1791.538236,1783.227290653576,1757.3340681710386,,TRAIL,-1.356957218759765,0.278360434804359,-0.30568802944427254,False,-0.6113760588885452,TURTLE20,46,
ETH,15m,20bar,1745422200000,1745423100000,-1,1765.516826,1796.9581329951068,1796.5988132324603,,SL,-4.766292505570091,0.30340217801619757,-1.0803296365631465,False,-2.160659273126293,TURTLE20,2,
ETH,15m,20bar,1745463600000,1745491500000,-1,1778.39425,1749.9456568087908,1796.9077050091507,,TRAIL,6.1394224156753925,0.49359654468292014,1.4222947166862598,False,2.84458943337252,TURTLE20,32,
ETH,15m,20bar,1745543700000,1745544600000,1,1781.036136,1764.9921965388546,1765.345265591973,,SL,-5.141199537127044,0.6019574358866095,-1.1580974151295333,False,-2.3161948302590667,TURTLE20,2,
ETH,15m,20bar,1745549100000,1745553600000,-1,1750.359858,1763.9409417515787,1767.6352183079573,,TRAIL,-3.9384784331991765,0.5293037901934099,-0.9082105352212398,False,-1.8164210704424797,TURTLE20,6,
ETH,15m,20bar,1745575200000,1745577000000,1,1787.867502,1771.541333126517,1771.8957122689708,,SL,-4.921546425284692,0.5693198619489015,-1.155901404004359,False,-2.3118028080087174,TURTLE20,3,
ETH,15m,20bar,1745583300000,1745585100000,1,1795.7290739999999,1776.8720179706195,1777.227463463312,,SL,-4.721123954780988,0.4818913515595304,-1.1350696547697474,False,-2.2701393095394944,TURTLE20,3,
ETH,15m,20bar,1745593200000,1745602200000,1,1807.401408,1784.9764002140353,1779.8315397338654,,TRAIL,-3.624140563208977,0.3177962248438783,-0.8915688037975277,False,-1.7831376075950554,TURTLE20,11,
ETH,15m,20bar,1745625600000,1745630100000,-1,1783.613206,1800.351130913161,1799.9911326866236,,SL,-4.604370426056279,0.5241942259414305,-1.1532780599595336,False,-2.3065561199190676,TURTLE20,6,
ETH,15m,20bar,1745631900000,1745641800000,1,1809.0417360000001,1791.671897937714,1792.0303039985135,,SL,-4.477843753194995,0.4953368126921762,-1.1480671492524537,False,-2.296134298504908,TURTLE20,12,
ETH,15m,20bar,1745656200000,1745656200000,1,1828.535634,1811.0344235680757,1811.3967029086573,,SL,-4.3768738561954725,0.4855466852632552,-1.1485519348641688,False,-2.297103869728338,TURTLE20,1,
ETH,15m,20bar,1745667000000,1745687700000,-1,1791.89155,1806.0595080044848,1810.4134237714347,,TRAIL,-3.2819736071286343,0.43395271666474283,-0.8814836360923126,False,-1.7629672721846255,TURTLE20,24,
ETH,15m,20bar,1745697600000,1745716500000,1,1812.4424159999999,1836.8192397265736,1799.804340264932,,TRAIL,6.4212402111793025,0.6336819933714892,1.7555889993263336,False,3.5111779986526668,TURTLE20,22,
ETH,15m,20bar,1745730000000,1745741700000,-1,1797.070514,1815.1892704221839,1814.8263051611516,,SL,-4.325557741225561,0.4621399521487078,-1.1425068085516559,False,-2.2850136171033117,TURTLE20,14,
ETH,15m,20bar,1745758800000,1745763300000,-1,1794.501028,1801.2986294860632,1806.884178739563,,TRAIL,-2.675363915751199,0.6445551313619675,-0.7231666212335237,False,-1.4463332424670476,TURTLE20,6,
ETH,15m,20bar,1745792100000,1745805600000,-1,1788.932142,1769.451320094677,1800.954737396293,,TRAIL,5.260332279118635,0.6474750615945248,1.4427659965513668,False,2.885531993102734,TURTLE20,16,
ETH,15m,20bar,1745818200000,1745835300000,1,1795.098948,1790.86368338521,1779.2770694375456,,TRAIL,-1.5142574752621107,0.5101178851115667,-0.40367154686531775,False,-0.8073430937306355,TURTLE20,20,
ETH,15m,20bar,1745837100000,1745845200000,1,1820.023932,1801.245547927053,1801.6058691008732,,SL,-4.232675136581438,0.43895424523706256,-1.1375325339939342,False,-2.2750650679878683,TURTLE20,10,
ETH,15m,20bar,1745848800000,1745862300000,-1,1782.44344,1773.2687127629788,1802.6088260740025,,TRAIL,1.2697049248547825,0.3847049777820116,0.3491775421270537,False,0.6983550842541075,TURTLE20,16,
ETH,15m,20bar,1745908200000,1745931600000,1,1813.01253,1819.5225970110525,1797.7538617605219,,TRAIL,1.0392137777972232,0.5230260492488911,0.28380890565808586,False,0.5676178113161716,TURTLE20,27,
ETH,15m,20bar,1745933400000,1745944200000,-1,1812.447438,1830.2653604963884,1829.8993806202645,,SL,-4.220854127973407,0.46117891727230953,-1.146207652107376,False,-2.2924153042147517,TURTLE20,13,
ETH,15m,20bar,1745961300000,1745971200000,-1,1799.310066,1802.5447549563128,1814.9364854860505,,TRAIL,-1.2424011123190684,0.4976033473384056,-0.34529994882726706,False,-0.6905998976545341,TURTLE20,12,
ETH,15m,20bar,1746013500000,1746015300000,1,1813.31259,1802.2216453956546,1802.5821618280202,,SL,-4.415611261737204,0.7223744100921402,-1.235762910207894,False,-2.471525820415788,TURTLE20,3,
ETH,15m,20bar,1746017100000,1746022500000,-1,1775.8547580000002,1752.8620484198739,1791.0327525342868,,TRAIL,4.7930192522570545,0.4861169562678168,1.3753779821910854,False,2.7507559643821713,TURTLE20,7,
ETH,15m,20bar,1746036900000,1746106200000,1,1784.55684,1827.2602986931247,1763.163111348445,,TRAIL,6.784697463640106,0.36271260906588315,1.8947780945591672,False,3.7895561891183345,TURTLE20,78,
ETH,15m,20bar,1746112500000,1746120600000,1,1870.464018,1848.0452753804625,1848.4149583721369,,SL,-4.154798475305002,0.37605886949009204,-1.1179546253490105,False,-2.235909250698021,TURTLE20,10,
ETH,15m,20bar,1746141300000,1746145800000,-1,1834.88295,1849.0739099988627,1848.7041691650297,,SL,-4.311595143401388,0.5810648229528408,-1.1866778117780472,False,-2.3733556235560944,TURTLE20,6,
ETH,15m,20bar,1746165600000,1746181800000,-1,1830.83376,1829.6198468360765,1842.3741154917745,,TRAIL,-0.30194271460611977,0.6750570607308137,-0.0851238075705985,False,-0.17024761514119696,TURTLE20,19,
ETH,15m,20bar,1746196200000,1746198900000,1,1844.1187499999999,1831.7025366509283,1830.0218981540697,,TRAIL,-3.672902698200428,0.554009243930645,-1.0372320203736396,False,-2.074464040747279,TURTLE20,4,
ETH,15m,20bar,1746202500000,1746205200000,1,1861.352196,1842.0249053751334,1842.3933840519437,,SL,-3.941412174698501,0.406412945866086,-1.1366385691641898,False,-2.2732771383283796,TURTLE20,4,
ETH,15m,20bar,1746236700000,1746246600000,-1,1826.654596,1837.491103774428,1837.1236790386204,,SL,-4.219344940916068,0.7116363784111848,-1.2450942595647128,False,-2.4901885191294255,TURTLE20,12,
ETH,15m,20bar,1746253800000,1746274500000,-1,1823.815164,1827.9140523389374,1831.8325886145901,,TRAIL,-2.592398486748774,0.9030380476978919,-0.7845319627070964,False,-1.5690639254141925,TURTLE20,24,
ETH,15m,20bar,1746279000000,1746289800000,1,1834.1467559999999,1825.214431535166,1825.579547444655,,SL,-4.224722762251879,0.833565864047224,-1.2988992978830058,False,-2.597798595766012,TURTLE20,13,
ETH,15m,20bar,1746292500000,1746296100000,-1,1816.896548,1825.94007864619,1827.184465773819,,TRAIL,-3.457913294317814,0.6730618355218416,-1.0914971201222328,False,-2.182994240244466,TURTLE20,5,
ETH,15m,20bar,1746307800000,1746310500000,1,1844.678862,1834.4985865632107,1834.8655596751457,,SL,-3.911868451748375,0.6970961370832053,-1.2623458949748754,False,-2.5246917899497503,TURTLE20,4,
ETH,15m,20bar,1746351000000,1746389700000,-1,1823.43524,1835.0083959529286,1835.1938662439097,,TRAIL,-3.536891724381636,0.563886269136869,-1.1709039686189164,False,-2.3418079372378333,TURTLE20,44,
ETH,15m,20bar,1746398700000,1746411300000,-1,1813.417244,1797.0548641250145,1824.6320172766714,,TRAIL,3.734114365001709,0.5698150470652266,1.2658389304794004,False,2.531677860958801,TURTLE20,15,
ETH,15m,20bar,1746431100000,1746440100000,1,1827.095346,1813.801417663212,1814.1642505133148,,SL,-3.620427384348446,0.5109654410344642,-1.1969957542208054,False,-2.393991508441611,TURTLE20,11,
ETH,15m,20bar,1746470700000,1746475200000,1,1824.894906,1811.2673439092168,1811.6296698431854,,SL,-3.518360407386504,0.4855380864440176,-1.1917812283053162,False,-2.3835624566106324,TURTLE20,6,
ETH,15m,20bar,1746485100000,1746489600000,1,1829.2957860000001,1815.4418573445885,1815.805018348258,,SL,-3.426536176219752,0.467140583197262,-1.1890184202636567,False,-2.3780368405273133,TURTLE20,6,
ETH,15m,20bar,1746497700000,1746540900000,-1,1801.129702,1770.3209131392641,1813.978411580908,,TRAIL,6.276544674347139,0.4691920688606007,2.2310348219129486,False,4.462069643825897,TURTLE20,49,
ETH,15m,20bar,1746558000000,1746563400000,1,1788.4776239999999,1772.7373430575226,1772.2623558947348,,TRAIL,-3.2399898448983633,0.3872560471348493,-1.1024800704286397,False,-2.204960140857279,TURTLE20,7,
ETH,15m,20bar,1746570600000,1746587700000,1,1799.189766,1820.7072235057356,1780.1802567205684,,TRAIL,2.9248204869765755,0.32837212705061075,1.0176758919791937,False,2.0353517839583875,TURTLE20,20,
ETH,15m,20bar,1746603000000,1746620100000,1,1834.376802,1828.5622217613413,1822.8465013095242,,TRAIL,-2.037789549542575,0.558959963769142,-0.6948945971143549,False,-1.3897891942287097,TURTLE20,20,
ETH,15m,20bar,1746623700000,1746640800000,-1,1824.395048,1804.424171268004,1835.1084772830438,,TRAIL,4.802830255735161,0.5876927850987763,1.6608673777869751,False,3.3217347555739503,TURTLE20,20,
ETH,15m,20bar,1746657900000,1746719100000,1,1817.1233519999998,2047.0609004296055,1797.9397790582723,,TRAIL,35.45137284407159,0.3611050409880243,11.86530989662718,False,23.730619793254355,TURTLE20,69,
ETH,15m,20bar,1746734400000,1746739800000,1,2118.183552,2165.82680275409,2079.2358005173305,,TRAIL,4.278226146849615,0.24397792461909118,1.1572643561026519,False,2.3145287122053033,TURTLE20,7,
ETH,15m,20bar,1746772200000,1746779400000,1,2249.519814,2389.609129044545,2215.9978752687566,,TRAIL,15.492743932173834,0.3140704197199566,4.095999303010014,False,8.191998606020029,TURTLE20,9,
ETH,15m,20bar,1746837000000,1746837900000,1,2360.67204,2330.843748610125,2331.3100106122474,,SL,-4.549569257220247,0.3923213797172186,-1.1117487974675522,False,-2.2234975949351043,TURTLE20,2,
ETH,15m,20bar,1746857700000,1746866700000,1,2361.652236,2400.263012993694,2338.556392172229,,TRAIL,6.194188124574835,0.49499086941331794,1.5480546244994522,False,3.096109248998904,TURTLE20,11,
ETH,15m,20bar,1746885600000,1746899100000,1,2437.567416,2455.3527049943605,2400.662619029245,,TRAIL,1.6598562419508922,0.3281534251332692,0.40237416652180436,False,0.8047483330436087,TURTLE20,16,
ETH,15m,20bar,1746914400000,1746922500000,1,2532.5063999999998,2543.72645291042,2491.7751220202717,,TRAIL,0.8345351097143496,0.310946823632338,0.20068884660928393,False,0.40137769321856775,TURTLE20,10,
ETH,15m,20bar,1746947700000,1746954900000,-1,2497.5703860000003,2515.47503079402,2538.143627319644,,TRAIL,-2.1519229491722367,0.309509677905935,-0.5154252251956861,False,-1.030850450391372,TURTLE20,9,
ETH,15m,20bar,1746972000000,1746983700000,-1,2468.5561900000002,2489.2081915574518,2503.68946158511,,TRAIL,-2.778718984908527,0.34984802509687885,-0.6724867659748327,False,-1.3449735319496654,TURTLE20,14,
ETH,15m,20bar,1747009800000,1747013400000,1,2529.5758140000003,2501.915938177795,2500.10086783092,,TRAIL,-4.242921910695574,0.4175178990087509,-1.0408423037492873,False,-2.0816846074985746,TURTLE20,5,
ETH,15m,20bar,1747034100000,1747035900000,1,2571.944286,2570.7807537156323,2537.7607924804793,,TRAIL,-0.496171052407797,0.3603065415113902,-0.12430465323184944,False,-0.2486093064636989,TURTLE20,3,
ETH,15m,20bar,1747060200000,1747081800000,-1,2510.24785,2475.7837812153875,2555.111357817333,,TRAIL,2.793188967357998,0.26550704433447714,0.7015155821971625,False,1.403031164394325,TURTLE20,25,
ETH,15m,20bar,1747100700000,1747119600000,-1,2447.750352,2463.745922426377,2479.092930078445,,TRAIL,-2.440145838676088,0.379615805338018,-0.6043685412100797,False,-1.2087370824201593,TURTLE20,22,
ETH,15m,20bar,1747121400000,1747165500000,1,2468.8136640000002,2673.4397260168344,2441.6245745501355,,TRAIL,29.566545892882402,0.4526291612103184,7.412558274687886,False,14.825116549375771,TURTLE20,50,
ETH,15m,20bar,1747188900000,1747268100000,-1,2653.8891160000003,2620.3913730045574,2702.3310253631653,,TRAIL,2.8679130424797368,0.29920068610085737,0.6261762820832437,False,1.2523525641664874,TURTLE20,89,
ETH,15m,20bar,1747274400000,1747298700000,-1,2576.4846000000002,2563.6210648678175,2608.117234327031,,TRAIL,1.433687579620218,0.45212906283630183,0.3091576765993667,False,0.6183153531987334,TURTLE20,28,
ETH,15m,20bar,1747320300000,1747323000000,-1,2492.661368,2534.751293423692,2534.244444534785,,SL,-5.061425156230197,0.3384781955803352,-1.0847290960497868,False,-2.1694581920995737,TURTLE20,4,
ETH,15m,20bar,1747328400000,1747332900000,1,2596.839264,2555.3413935714816,2555.8525640842986,,SL,-4.966066269120678,0.34429076181257634,-1.0878938512924703,False,-2.1757877025849406,TURTLE20,6,
ETH,15m,20bar,1747359900000,1747383300000,1,2565.072912,2564.479296527043,2529.9607542966914,,TRAIL,-0.46691759492041635,0.39142227285329134,-0.10456055788697147,False,-0.20912111577394296,TURTLE20,27,
ETH,15m,20bar,1747394100000,1747397700000,1,2629.17573,2601.8411486316545,2600.1576748533575,,TRAIL,-4.679644204582365,0.4819836049746815,-1.0501458950825135,False,-2.100291790165027,TURTLE20,5,
ETH,15m,20bar,1747406700000,1747449900000,-1,2574.3550259999997,2500.2468088118776,2605.953278045401,,TRAIL,9.811329454828217,0.42037294436366524,2.2489679487691028,False,4.4979358975382056,TURTLE20,49,
ETH,15m,20bar,1747489500000,1747491300000,-1,2459.168068,2478.382112858708,2481.4013108296585,,TRAIL,-4.5471990625932674,0.6074524200538258,-0.9974512102049458,False,-1.9949024204098917,TURTLE20,3,
ETH,15m,20bar,1747521000000,1747526400000,-1,2457.60838,2480.6860116449257,2480.1899736501955,,SL,-5.152256870863879,0.5862388682217086,-1.153178499414152,False,-2.306356998828304,TURTLE20,7,
ETH,15m,20bar,1747543500000,1747563300000,1,2486.167134,2500.7619233432847,2469.3652248090643,,TRAIL,3.0141520502868824,0.7773079019075235,0.6905543755193115,False,1.381108751038623,TURTLE20,23,
ETH,15m,20bar,1747576800000,1747584900000,1,2539.8278640000003,2556.133424145417,2520.5005013644372,,TRAIL,3.033203098215254,0.7000500438265623,0.6854522069220337,False,1.3709044138440674,TURTLE20,10,
ETH,15m,20bar,1747591200000,1747599300000,-1,2488.862128,2380.5669964387407,2527.5817013649626,,TRAIL,12.207827062607707,0.33848261619952624,2.7214523541715816,False,5.442904708343164,TURTLE20,10,
ETH,15m,20bar,1747612800000,1747614600000,1,2495.438988,2442.239387935382,2442.7279335220865,,SL,-5.039616121780327,0.2658442910647092,-1.0654730330563142,False,-2.1309460661126285,TURTLE20,3,
ETH,15m,20bar,1747629900000,1747642500000,-1,2376.584588,2413.237299133676,2420.538960822935,,TRAIL,-4.162821630853929,0.30266967572832126,-0.8992644355360108,False,-1.7985288710720213,TURTLE20,15,
ETH,15m,20bar,1747662300000,1747678500000,1,2431.03611,2495.2290917575197,2398.4350827016547,,TRAIL,8.538912795907558,0.4121507849927149,1.8783832201377597,False,3.756766440275519,TURTLE20,19,
ETH,15m,20bar,1747700100000,1747701900000,1,2542.4883959999997,2517.395873340846,2513.142163414758,,TRAIL,-4.520935413710079,0.487948835359121,-0.9585030425644644,False,-1.9170060851289286,TURTLE20,3,
ETH,15m,20bar,1747708200000,1747721700000,1,2565.3229619999997,2535.3443469667477,2531.23048971577,,TRAIL,-4.483292987544798,0.4152869391839117,-0.969100015486859,False,-1.9382000309737177,TURTLE20,16,
ETH,15m,20bar,1747736100000,1747763100000,-1,2521.405618,2502.5007832174483,2546.500853376128,,TRAIL,2.872595151813426,0.5449164241988265,0.6332074875431114,False,1.2664149750862226,TURTLE20,31,
ETH,15m,20bar,1747767600000,1747769400000,-1,2451.5395940000003,2484.1249661095326,2483.6282404614403,,SL,-5.089118610919384,0.4239740787574695,-1.107767848304648,False,-2.215535696609296,TURTLE20,3,
ETH,15m,20bar,1747782900000,1747811700000,1,2530.185936,2565.5768197696048,2497.66612518981,,TRAIL,4.466500564669802,0.42235352005653315,0.994268580000838,False,1.9885371600016757,TURTLE20,33,
ETH,15m,20bar,1747818900000,1747838700000,-1,2533.303238,2565.0376548469303,2566.1598319646478,,TRAIL,-4.8516519357780625,0.42655262654416437,-1.0589479061668619,False,-2.1178958123337237,TURTLE20,23,
ETH,15m,20bar,1747845900000,1747846800000,1,2612.87247,2575.3231004752834,2575.838268128909,,SL,-4.923876457210957,0.3769492961636728,-1.0979657941202388,False,-2.1959315882404775,TURTLE20,2,
ETH,15m,20bar,1747848600000,1747867500000,-1,2477.75435,2529.775799660422,2529.2699456712876,,SL,-4.684942030525178,0.25580637026240893,-1.0681419293165106,False,-2.1362838586330217,TURTLE20,22,
ETH,15m,20bar,1747870200000,1747920600000,1,2554.720842,2625.4237055116055,2510.3712373798144,,TRAIL,6.5421477316492656,0.30081558825053034,1.524134822891585,False,3.04826964578317,TURTLE20,57,
ETH,15m,20bar,1747928700000,1747931400000,1,2675.6950319999996,2641.0642584492803,2641.5925769646733,,SL,-4.905497573268497,0.41376168212641196,-1.1090353784151548,False,-2.2180707568303095,TURTLE20,4,
ETH,15m,20bar,1747944000000,1747957500000,-1,2634.22305,2663.142320776847,2662.6097988170836,,SL,-4.890512686575801,0.4842747104560991,-1.130727939509439,False,-2.261455879018878,TURTLE20,16,
ETH,15m,20bar,1747966500000,1747974600000,1,2701.6102140000003,2686.088351285324,2671.554655037261,,TRAIL,-2.6378032127013893,0.4546653550439941,-0.6239937802220982,False,-1.2479875604441966,TURTLE20,10,
ETH,15m,20bar,1747999800000,1748003400000,-1,2648.4202099999998,2544.648828,2676.480922095789,,TRAIL,14.974319130635006,0.46353736275127333,3.587062945287991,False,7.174125890575982,TURTLE20,5,
ETH,15m,20bar,1748033100000,1748056500000,-1,2541.031692,2548.473254998606,2571.5880210224664,,TRAIL,-1.536704305110915,0.44711954061990833,-0.3434727371566275,False,-0.686945474313255,TURTLE20,27,
ETH,15m,20bar,1748061900000,1748121300000,1,2554.820862,2539.2753501258553,2532.2585549657133,,TRAIL,-3.663361710281113,0.6019206808261361,-0.8244710779421571,False,-1.6489421558843143,TURTLE20,67,
ETH,15m,20bar,1748133900000,1748142000000,-1,2494.20106,2512.3987382820346,2519.460246492287,,TRAIL,-3.6680349985350373,0.5197065380787727,-0.8393634596062004,False,-1.6787269192124008,TURTLE20,10,
ETH,15m,20bar,1748160900000,1748166300000,-1,2481.2036599999997,2489.385892431261,2499.1254847902246,,TRAIL,-2.676648282329121,0.7150029455871945,-0.6229603454671401,False,-1.24592069093428,TURTLE20,7,
ETH,15m,20bar,1748176200000,1748186100000,1,2512.15233,2493.0708020404772,2493.3149072312362,,TRAIL,-4.974566243127648,0.6764553846584809,-1.172382342841939,False,-2.3447646856838777,TURTLE20,12,
ETH,15m,20bar,1748203200000,1748208600000,1,2524.15473,2506.7704176865036,2507.271872060916,,SL,-5.007566453554462,0.74085739528832,-1.2084960659933939,False,-2.4169921319867878,TURTLE20,7,
ETH,15m,20bar,1748214000000,1748249100000,1,2546.469192,2563.462921752009,2524.635304025845,,TRAIL,2.5793258142462268,0.5677942421042967,0.6378969471788175,False,1.275793894357635,TURTLE20,40,
ETH,15m,20bar,1748268000000,1748273400000,-1,2549.579982,2568.641198746748,2568.127573232102,,SL,-4.886494513626908,0.6780225238369608,-1.1932627357502887,False,-2.386525471500577,TURTLE20,7,
ETH,15m,20bar,1748282400000,1748291400000,-1,2531.5935799999997,2553.0746441358087,2552.564131309547,,SL,-4.676186546416954,0.5815340270600058,-1.1698245176378286,False,-2.339649035275657,TURTLE20,11,
ETH,15m,20bar,1748297700000,1748300400000,1,2573.554608,2552.104852325462,2552.6153754005422,,SL,-4.572359028587004,0.573362952400641,-1.1712535898459049,False,-2.3425071796918098,TURTLE20,4,
ETH,15m,20bar,1748309400000,1748314800000,-1,2524.7649460000002,2547.516126176431,2547.006724831465,,SL,-4.421334549164097,0.5216509512349085,-1.159734075911495,False,-2.31946815182299,TURTLE20,7,
ETH,15m,20bar,1748325600000,1748328300000,1,2567.91348,2579.563327861204,2548.4624863991307,,TRAIL,1.639094654202327,0.591298576464871,0.4401503569516472,False,0.8803007139032943,TURTLE20,4,
ETH,15m,20bar,1748333700000,1748356200000,1,2624.704836,2635.742111052706,2594.5717205324504,,TRAIL,0.9825327035219212,0.3934949863426519,0.2615397300342907,False,0.5230794600685814,TURTLE20,26,
ETH,15m,20bar,1748366100000,1748377800000,1,2686.0270979999996,2664.9958869778634,2656.273810383316,,TRAIL,-3.076843989461805,0.40750058303915454,-0.8147612164892207,False,-1.6295224329784415,TURTLE20,14,
ETH,15m,20bar,1748388600000,1748430000000,-1,2651.109672,2644.436900117174,2674.250455246517,,TRAIL,0.5611309127584125,0.5100630877709418,0.15105123721695501,False,0.30210247443391003,TURTLE20,47,
ETH,15m,20bar,1748432700000,1748439900000,1,2648.899674,2658.536173854619,2630.1879240330663,,TRAIL,1.284790979060196,0.6341201338573057,0.3448121291331954,False,0.689624258266391,TURTLE20,9,
ETH,15m,20bar,1748474100000,1748489400000,1,2670.4839899999997,2750.114972770277,2646.095850541729,,TRAIL,11.749728228484011,0.5003276714278524,3.1317937771883546,False,6.263587554376709,TURTLE20,18,
ETH,15m,20bar,1748522700000,1748529900000,-1,2686.902512,2662.1090874492957,2713.781649826972,,TRAIL,3.2013716205875022,0.47602372061954745,0.8030026011242186,False,1.6060052022484375,TURTLE20,9,
ETH,15m,20bar,1748566800000,1748567700000,-1,2571.665564,2604.1557724774048,2603.635045468311,,SL,-4.510248560922832,0.393489773688299,-1.1134275454099678,False,-2.2268550908199356,TURTLE20,2,
ETH,15m,20bar,1748583900000,1748586600000,1,2645.008896,2621.4124490889476,2621.936836456239,,SL,-4.593014202515956,0.5424236151322195,-1.1596840614664945,False,-2.3193681229329894,TURTLE20,4,
ETH,15m,20bar,1748598300000,1748609100000,-1,2601.519592,2618.6154079981416,2627.8021941881907,,TRAIL,-2.977480543162544,0.4610321200450628,-0.7696306801473874,False,-1.5392613602947751,TURTLE20,13,
ETH,15m,20bar,1748613600000,1748618100000,-1,2574.944908,2607.1128871624664,2606.5915688486966,,SL,-4.246156869402589,0.37424435622338337,-1.1147215185900616,False,-2.2294430371801237,TURTLE20,6,
ETH,15m,20bar,1748623500000,1748637900000,-1,2550.079882,2584.881049015064,2584.364176179828,,SL,-4.115068527000389,0.33468089375937926,-1.104941620643363,False,-2.209883241286726,TURTLE20,17,
ETH,15m,20bar,1748645100000,1748664900000,-1,2523.765146,2516.709637471737,2551.217251942174,,TRAIL,0.5348031191616279,0.40121737688052916,0.1468456979829381,False,0.2936913959658761,TURTLE20,23,
ETH,15m,20bar,1748686500000,1748687400000,1,2530.485996,2511.6356209135574,2512.138048523262,,SL,-4.354915767196468,0.6022591387322183,-1.1922667690391817,False,-2.3845335380783634,TURTLE20,2,
ETH,15m,20bar,1748697300000,1748736000000,1,2536.597218,2519.066656299052,2517.753830351478,,TRAIL,-3.891102956768944,0.5739782208862845,-1.0913090792960793,False,-2.1826181585921587,TURTLE20,44,
ETH,15m,20bar,1748737800000,1748749500000,-1,2515.716756,2513.8507250794273,2530.19922923816,,TRAIL,-0.27735833937098514,0.7267418052128168,-0.07952437053642289,False,-0.15904874107284578,TURTLE20,14,
ETH,15m,20bar,1748770200000,1748776500000,-1,2491.961508,2499.214190146896,2506.8748229119947,,TRAIL,-2.3927023259032736,0.6992454003685764,-0.6871300999311712,False,-1.3742601998623423,TURTLE20,8,
ETH,15m,20bar,1748788200000,1748801700000,1,2509.80186,2518.6829985702,2491.84282620305,,TRAIL,1.1213843623208348,0.5769595970152512,0.32652356030724816,False,0.6530471206144962,TURTLE20,16,
ETH,15m,20bar,1748830500000,1748848500000,-1,2515.9067179999997,2506.414086528048,2532.1054135776453,,TRAIL,1.3826455331692986,0.6430467625652816,0.3999852307970026,False,0.7999704615940052,TURTLE20,21,
ETH,15m,20bar,1748855700000,1748871000000,-1,2480.5537900000004,2501.7842700801766,2501.2840132775214,,SL,-4.0709462079667516,0.5024672572361104,-1.1683368091113322,False,-2.3366736182226644,TURTLE20,18,
ETH,15m,20bar,1748874600000,1748892600000,1,2529.195738,2523.399700430715,2502.9601461488305,,TRAIL,-1.145012801366226,0.39321830466874075,-0.33647401142772554,False,-0.6729480228554511,TURTLE20,21,
ETH,15m,20bar,1748902500000,1748918700000,1,2570.333964,2616.3736665161096,2549.0010622229865,,TRAIL,6.801642878487624,0.493082338192349,2.012275610065178,False,4.024551220130356,TURTLE20,19,
ETH,15m,20bar,1748957400000,1748964600000,1,2619.92388,2628.7316206333667,2604.2990704148115,,TRAIL,1.2733636044942098,0.7086744876805937,0.3621514426870813,False,0.7243028853741628,TURTLE20,9,
ETH,15m,20bar,1748988000000,1748999700000,-1,2588.052286,2614.1483874258843,2613.6256622934256,,SL,-4.046227571409626,0.4322617084971972,-1.1424937206062376,False,-2.284987441212475,TURTLE20,14,
ETH,15m,20bar,1749006900000,1749039300000,1,2622.904476,2616.866258060505,2601.5400279699393,,TRAIL,-1.4873294895098659,0.5092483538744874,-0.42978317843792946,False,-0.8595663568758589,TURTLE20,37,
ETH,15m,20bar,1749042900000,1749048300000,-1,2610.237848,2623.8674453363215,2629.6624801504067,,TRAIL,-2.9620365704298015,0.5546889212814751,-0.8633399274936613,False,-1.7266798549873226,TURTLE20,7,
ETH,15m,20bar,1749051000000,1749058200000,1,2649.159726,2641.2993853204007,2624.459954280499,,TRAIL,-1.5062897102519652,0.43330718619497177,-0.44674972188828943,False,-0.8934994437765789,TURTLE20,9,
ETH,15m,20bar,1749068100000,1749094200000,-1,2616.5065940000004,2629.3609992425568,2636.9126667664527,,TRAIL,-2.6203492603645078,0.5154131611787607,-0.7841746906249067,False,-1.5683493812498135,TURTLE20,30,
ETH,15m,20bar,1749098700000,1749101400000,1,2631.17613,2614.416266248635,2614.939254099455,,SL,-4.032638155037942,0.6375649710369438,-1.2260498454906346,False,-2.452099690981269,TURTLE20,4,
ETH,15m,20bar,1749120300000,1749123000000,-1,2588.8921179999998,2606.4104753532497,2605.889297493751,,SL,-3.895273965932555,0.5884157528238221,-1.2140566566851705,False,-2.4281133133703414,TURTLE20,4,
ETH,15m,20bar,1749125700000,1749130200000,1,2617.443384,2612.412146099652,2599.9297039952476,,TRAIL,-1.4602367743023859,0.5609023874205004,-0.46644401497521004,False,-0.9328880299504202,TURTLE20,6,
ETH,15m,20bar,1749151800000,1749159000000,-1,2537.562386,2442.140055191737,2572.3565756678654,,TRAIL,8.239117049360999,0.2663184014845283,2.6566076182805163,False,5.313215236561033,TURTLE20,9,
ETH,15m,20bar,1749180600000,1749249000000,1,2441.318166,2479.503728091487,2409.0181926551345,,TRAIL,3.562742552641928,0.2985539791341021,1.090807988565503,False,2.1816159771310057,TURTLE20,77,
ETH,15m,20bar,1749251700000,1749265200000,-1,2471.935514,2484.7734335044233,2490.962759915432,,TRAIL,-2.773436699629926,0.5216481064741496,-0.8310159517149152,False,-1.66203190342983,TURTLE20,16,
ETH,15m,20bar,1749267000000,1749341700000,1,2489.077716,2516.144682068779,2472.5264141822986,,TRAIL,4.771586138224067,0.595487431631511,1.453893651084394,False,2.907787302168788,TURTLE20,84,
ETH,15m,20bar,1749352500000,1749381300000,-1,2508.478204,2507.7421339542307,2519.6564251199366,,TRAIL,-0.6869602462070599,0.9093551426123334,-0.20340107183495643,False,-0.4068021436699128,TURTLE20,33,
ETH,15m,20bar,1749410100000,1749420000000,1,2535.997098,2526.1795017918853,2522.5576364849253,,TRAIL,-3.2173251482793197,0.7601769908493247,-0.9565042582674229,False,-1.9130085165348458,TURTLE20,12,
ETH,15m,20bar,1749422700000,1749461400000,-1,2511.19766,2500.7814541401663,2527.668630387348,,TRAIL,1.4840924181115742,0.6023664520833365,0.44982282264563184,False,0.8996456452912636,TURTLE20,44,
ETH,15m,20bar,1749464100000,1749475800000,1,2522.864472,2521.7303319703246,2506.03095858793,,TRAIL,-0.8228511637758887,0.5985657601652044,-0.24717935051361364,False,-0.49435870102722734,TURTLE20,14,
ETH,15m,20bar,1749486600000,1749520800000,1,2566.473192,2693.100205157853,2544.9215044873536,,TRAIL,18.97760638594149,0.4850397071366288,5.729076623216007,False,11.458153246432014,TURTLE20,39,
ETH,15m,20bar,1749536100000,1749539700000,-1,2658.2482440000003,2683.1662847216453,2682.6297587698914,,SL,-4.258610323169418,0.4853058168531169,-1.1534512807878199,False,-2.30690256157564,TURTLE20,5,
ETH,15m,20bar,1749554100000,1749555900000,1,2705.761044,2765.489957201127,2684.0921549783066,,TRAIL,9.395725139363577,0.546429038299765,2.6049403153016715,False,5.209880630603343,TURTLE20,3,
ETH,15m,20bar,1749582000000,1749585600000,1,2754.7508399999997,2755.8908972614927,2721.859053423848,,TRAIL,-0.24993424168776376,0.381465282211213,-0.06586227159927484,False,-0.13172454319854968,TURTLE20,5,
ETH,15m,20bar,1749630600000,1749645000000,-1,2777.79433,2787.2190148956734,2799.6577448150997,,TRAIL,-2.212457599260369,0.578783405030749,-0.5837922854482804,False,-1.1675845708965609,TURTLE20,17,
ETH,15m,20bar,1749652200000,1749663900000,1,2842.4683800000003,2827.9424622820015,2808.5203676983783,,TRAIL,-1.9780510011135992,0.37537681059441597,-0.5281064488865909,False,-1.0562128977731815,TURTLE20,14,
ETH,15m,20bar,1749681000000,1749784500000,-1,2757.84832,2499.4409350253763,2799.314123044439,,TRAIL,22.81315426701983,0.28192110283033434,6.15574745165443,False,12.311494903308859,TURTLE20,116,
ETH,15m,20bar,1749798000000,1749836700000,1,2530.6060199999997,2523.068414643925,2490.986850597088,,TRAIL,-1.1104284136432998,0.31855314390207784,-0.2667852500735286,False,-0.5335705001470572,TURTLE20,44,
ETH,15m,20bar,1749855600000,1749872700000,1,2570.854068,2544.6498123320243,2545.1588441008444,,SL,-4.716592808857662,0.4945298856833891,-1.1392606700398002,False,-2.2785213400796005,TURTLE20,20,
ETH,15m,20bar,1749882600000,1749906000000,-1,2542.5013980000003,2541.2151687711407,2558.102961973463,,TRAIL,-0.45743135380312255,0.7909695285451668,-0.11306563330468501,False,-0.22613126660937008,TURTLE20,27,
ETH,15m,20bar,1749915900000,1749921300000,-1,2510.337832,2510.3225809857618,2525.8951311593446,,TRAIL,-0.7776527408453285,0.7816098373818255,-0.19265202801946318,False,-0.38530405603892637,TURTLE20,7,
ETH,15m,20bar,1749938400000,1749974400000,1,2526.795258,2517.789481349746,2504.8529637371585,,TRAIL,-2.2050089840681677,0.554664247066887,-0.5483714396374865,False,-1.0967428792749727,TURTLE20,41,
ETH,15m,20bar,1749978900000,1749992400000,-1,2512.037492,2525.7126147989447,2525.2075732842877,,SL,-5.042155364371148,0.9127367679652549,-1.267856477313115,False,-2.53571295462623,TURTLE20,16,
ETH,15m,20bar,1749995100000,1750015800000,1,2536.677234,2534.6551214511715,2522.035742208483,,TRAIL,-1.3408438752803602,0.805526135008988,-0.3459286822831645,False,-0.691857364566329,TURTLE20,24,
ETH,15m,20bar,1750018500000,1750022100000,-1,2521.915516,2508.0616103123502,2538.5655841820217,,TRAIL,2.5051068214075887,0.6977144918697886,0.6508033056322557,False,1.3016066112645113,TURTLE20,5,
ETH,15m,20bar,1750039200000,1750072500000,1,2552.920482,2596.6959175828206,2527.7256844847216,,TRAIL,6.296850566134299,0.47819836813082073,1.6148439263462375,False,3.2296878526924755,TURTLE20,38,
ETH,15m,20bar,1750082400000,1750109400000,1,2636.907276,2644.097411914687,2615.08046963304,,TRAIL,0.7416498253411299,0.5843526991031687,0.184247435668198,False,0.36849487133639597,TURTLE20,31,
ETH,15m,20bar,1750113900000,1750115700000,-1,2557.53839,2592.568723689809,2592.0503136270836,,SL,-4.462550227627273,0.3617372257940634,-1.104557322562787,False,-2.209114645125574,TURTLE20,3,
ETH,15m,20bar,1750157100000,1750185900000,-1,2548.1002780000003,2486.9865154851495,2570.8752005320616,,TRAIL,10.077619755049485,0.5240763230550839,2.550731417723998,False,5.101462835447996,TURTLE20,33,
ETH,15m,20bar,1750221900000,1750241700000,1,2534.276754,2512.971574982298,2512.8753211268217,,TRAIL,-4.721328574907842,0.5875773807768716,-1.1370046183023343,False,-2.2740092366046687,TURTLE20,23,
ETH,15m,20bar,1750243500000,1750254300000,-1,2506.808538,2493.4270026069985,2526.376901493486,,TRAIL,2.1528474094673493,0.6221559874801235,0.5305192778176517,False,1.0610385556353035,TURTLE20,13,
ETH,15m,20bar,1750279500000,1750347900000,1,2521.094118,2487.529990549064,2483.6583630583277,,TRAIL,-4.0061380453080675,0.3292144811835881,-0.9768549338204329,False,-1.9537098676408657,TURTLE20,77,
ETH,15m,20bar,1750352400000,1750354200000,-1,2484.443012,2503.5284333899954,2503.0278278244305,,SL,-4.776749720026982,0.6475062263490321,-1.1879700324071447,False,-2.3759400648142894,TURTLE20,3,
ETH,15m,20bar,1750373100000,1750393800000,1,2525.0049,2506.008608393429,2506.5099103755038,,SL,-4.672469614028594,0.6406731273913137,-1.1903169538656513,False,-2.3806339077313026,TURTLE20,24,
ETH,15m,20bar,1750395600000,1750399200000,-1,2502.3694259999997,2516.4807276765714,2515.9775321701372,,SL,-4.821611012218808,0.8479644401131093,-1.258265592191845,False,-2.5165311843836906,TURTLE20,5,
ETH,15m,20bar,1750404600000,1750408200000,1,2532.7864560000003,2547.372768527426,2518.891907643617,,TRAIL,3.1020235586904064,0.8194735949067162,0.830413245307726,False,1.6608264906154517,TURTLE20,5,
ETH,15m,20bar,1750428000000,1750441500000,-1,2534.013096,2407.841472,2551.250772355823,,TRAIL,27.14309695793547,0.6532312439675096,7.147512734080615,False,14.295025468161231,TURTLE20,16,
ETH,15m,20bar,1750496400000,1750513500000,1,2438.9877,2425.395133239372,2425.8803093012325,,SL,-5.467566691141492,0.9664837172336401,-1.259685992432053,False,-2.519371984864106,TURTLE20,20,
ETH,15m,20bar,1750527900000,1750538700000,-1,2401.16967,2403.9991807775336,2419.9249029244675,,TRAIL,-1.288731309861602,0.6504105076741098,-0.30458763754127227,False,-0.6091752750825445,TURTLE20,13,
ETH,15m,20bar,1750541400000,1750542300000,-1,2335.772752,2295.999108,2371.1624088718168,,TRAIL,4.396004834967241,0.3302314718180487,1.045350086834586,False,2.0907001736691715,TURTLE20,2,
ETH,15m,20bar,1750584600000,1750590900000,-1,2254.359038,2274.934013800005,2280.613198101876,,TRAIL,-3.808917110416508,0.44439189169988197,-0.8871946975527306,False,-1.7743893951054615,TURTLE20,8,
ETH,15m,20bar,1750599000000,1750611600000,-1,2193.2112700000002,2213.1815442771235,2231.749558452355,,TRAIL,-2.474539541865776,0.2893006164504897,-0.5867959080136038,False,-1.1735918160272076,TURTLE20,15,
ETH,15m,20bar,1750623300000,1750625100000,-1,2135.8227500000003,2172.249254039633,2176.2845833888055,,TRAIL,-4.0181461032791645,0.2662373482505549,-0.9641517443658454,False,-1.9283034887316906,TURTLE20,3,
ETH,15m,20bar,1750632300000,1750694400000,1,2231.036118,2238.8010765957133,2183.639258110844,,TRAIL,0.43832815654126306,0.231268991333984,0.10724457887808178,False,0.2144891577561636,TURTLE20,70,
ETH,15m,20bar,1750696200000,1750698000000,-1,2209.8579400000003,2240.5339298543367,2245.1414903261793,,TRAIL,-3.871051375031017,0.30997863619339805,-0.9450926754246662,False,-1.8901853508493323,TURTLE20,3,
ETH,15m,20bar,1750709700000,1750843800000,1,2333.236554,2413.6431178821213,2289.2050448395667,,TRAIL,7.078357041987287,0.2599338835459134,1.7614303383606407,False,3.522860676721281,TURTLE20,150,
ETH,15m,20bar,1750861800000,1750862700000,-1,2403.2292580000003,2431.2046990563686,2430.7185553452996,,SL,-4.672637364644073,0.4389716777311111,-1.1232044618223793,False,-2.2464089236447586,TURTLE20,2,
ETH,15m,20bar,1750902300000,1750908600000,1,2454.610824,2482.769400977853,2430.510040933019,,TRAIL,4.2514687355516045,0.49986490696495006,1.045449385310065,False,2.0908987706201296,TURTLE20,8,
ETH,15m,20bar,1750932000000,1750949100000,-1,2462.15747,2451.5198218045653,2482.9463886388085,,TRAIL,1.5356276422508879,0.5887744924026291,0.3698817602757668,False,0.7397635205515336,TURTLE20,20,
ETH,15m,20bar,1750951800000,1750969800000,-1,2416.356632,2445.037950728031,2444.549040919847,,SL,-4.68763165138548,0.4327169122003188,-1.120803673340001,False,-2.241607346680002,TURTLE20,21,
ETH,15m,20bar,1750974300000,1750986900000,-1,2408.11828,2423.235213187335,2435.946488614742,,TRAIL,-2.6469453036070605,0.4259050593066424,-0.6473914843984268,False,-1.2947829687968537,TURTLE20,15,
ETH,15m,20bar,1750992300000,1751028300000,1,2433.2065439999997,2427.3516903042955,2411.213651471598,,TRAIL,-1.6095118985103234,0.5351470572061771,-0.3988192378496616,False,-0.7976384756993233,TURTLE20,41,
ETH,15m,20bar,1751046300000,1751054400000,-1,2403.549194,2417.4881049608366,2424.6214480528197,,TRAIL,-3.197810993175697,0.5495672590789138,-0.7987533416227558,False,-1.5975066832455114,TURTLE20,10,
ETH,15m,20bar,1751074200000,1751086800000,-1,2409.7979440000004,2423.766823284042,2423.2821668506717,,SL,-4.928446991030118,0.8473036496612498,-1.2510189375557776,False,-2.5020378751115553,TURTLE20,15,
ETH,15m,20bar,1751097600000,1751097600000,1,2429.5558140000003,2419.835231010898,2420.319294869872,,SL,-5.2522361372559665,1.2099623774244344,-1.367421800157453,False,-2.734843600314906,TURTLE20,1,
ETH,15m,20bar,1751126400000,1751135400000,1,2433.546612,2432.3310870839646,2424.9433254294736,,TRAIL,-1.795624700447617,1.2677893048032916,-0.4806362663370948,False,-0.9612725326741893,TURTLE20,11,
ETH,15m,20bar,1751163300000,1751179500000,-1,2424.9449139999997,2434.9334308093967,2434.4465415010964,,SL,-5.02510771830636,1.1354884810944306,-1.3581298377349147,False,-2.7162596754698294,TURTLE20,19,
ETH,15m,20bar,1751181300000,1751190300000,1,2436.597222,2444.8965135866924,2429.4395178819827,,TRAIL,2.7007032118336927,1.4729045028332914,0.7502958011106332,False,1.5005916022212666,TURTLE20,11,
ETH,15m,20bar,1751198400000,1751200200000,1,2460.582018,2448.633845877335,2449.123670611457,,SL,-4.748906109060754,0.9391918450615419,-1.2998123669983355,False,-2.599624733996671,TURTLE20,3,
ETH,15m,20bar,1751208300000,1751231700000,-1,2437.752352,2429.616036265845,2449.9100601211703,,TRAIL,1.5266892624499857,0.854805491343736,0.4290195692486391,False,0.8580391384972783,TURTLE20,27,
ETH,15m,20bar,1751235300000,1751238900000,1,2443.8386699999996,2499.743077618425,2428.697726579282,,TRAIL,12.548759134143072,0.703111340872131,3.496364598880761,False,6.992729197761522,TURTLE20,5,
ETH,15m,20bar,1751265900000,1751269500000,-1,2482.193462,2479.175276963731,2498.0766454315394,,TRAIL,0.01000048673809617,0.7197033754749087,0.0026042507831804474,False,0.005208501566360895,TURTLE20,5,
ETH,15m,20bar,1751277600000,1751289300000,-1,2449.519998,2469.462059728996,2468.968266075781,,SL,-4.520550086759708,0.5827825119898147,-1.1771459995526694,False,-2.3542919991053393,TURTLE20,14,
ETH,15m,20bar,1751295600000,1751296500000,-1,2436.86253,2459.8477110567433,2459.355839888766,,SL,-4.321648868168877,0.4897973180545966,-1.1524852202531877,False,-2.3049704405063753,TURTLE20,2,
ETH,15m,20bar,1751311800000,1751319900000,1,2507.5014,2480.4065266205457,2480.902707161978,,SL,-4.143946081872204,0.4121885903275466,-1.131169051000039,False,-2.2623381020000783,TURTLE20,10,
ETH,15m,20bar,1751344200000,1751355000000,-1,2475.614778,2466.132233792111,2490.4045567664816,,TRAIL,1.5778569352477918,0.7178250475786206,0.44067569256577366,False,0.8813513851315473,TURTLE20,13,
ETH,15m,20bar,1751373000000,1751378400000,-1,2439.3520320000002,2445.239233446546,2454.515854222127,,TRAIL,-2.1004805868433802,0.6981202143624075,-0.5815127661511886,False,-1.1630255323023773,TURTLE20,7,
ETH,15m,20bar,1751381100000,1751419800000,-1,2415.0069019999996,2405.195591531846,2437.972073781603,,TRAIL,1.0756335872083111,0.4495993724244397,0.30129053846561665,False,0.6025810769312334,TURTLE20,44,
ETH,15m,20bar,1751425200000,1751459400000,1,2415.402984,2429.566457390017,2397.31434558478,,TRAIL,2.2350392969745565,0.5771974443824933,0.6222962429119077,False,1.2445924858238153,TURTLE20,39,
ETH,15m,20bar,1751466600000,1751477400000,1,2462.222346,2561.4001850979844,2444.053758083353,,TRAIL,19.246406571140742,0.6032632872986604,5.2928530285622095,False,10.585706057124417,TURTLE20,13,
ETH,15m,20bar,1751486400000,1751499000000,1,2605.210938,2575.284877212132,2575.8000372195756,,SL,-4.516649240038512,0.4249844775055581,-1.1232011737288525,False,-2.2464023474577055,TURTLE20,15,
ETH,15m,20bar,1751510700000,1751518800000,-1,2556.9885,2580.0935318620113,2579.5776163387436,,SL,-4.557038877094492,0.536364560982746,-1.159287538672467,False,-2.3185750773449345,TURTLE20,10,
ETH,15m,20bar,1751535900000,1751535900000,1,2614.8928739999997,2593.9627310241135,2594.4816273495835,,SL,-4.525302562543246,0.5879326657183019,-1.1785392999701845,False,-2.3570785999403694,TURTLE20,1,
ETH,15m,20bar,1751546700000,1751549400000,-1,2577.83433,2603.771112011102,2603.2504619187184,,SL,-4.284670065906617,0.4586173193944383,-1.1428074645346429,False,-2.2856149290692858,TURTLE20,4,
ETH,15m,20bar,1751574600000,1751596200000,1,2594.11872,2573.5143938733113,2574.029199713254,,SL,-4.322863190370889,0.5654265232860549,-1.1799637650209054,False,-2.359927530041811,TURTLE20,25,
ETH,15m,20bar,1751605200000,1751617800000,-1,2569.795938,2548.9619878848007,2584.4078799772205,,TRAIL,4.348423577279936,0.7518631784400952,1.2156286541077506,False,2.431257308215501,TURTLE20,15,
ETH,15m,20bar,1751636700000,1751639400000,-1,2530.803738,2521.5201849968394,2547.5177157360795,,TRAIL,1.3706090256095138,0.6645475098302092,0.37406766648172446,False,0.7481353329634488,TURTLE20,4,
ETH,15m,20bar,1751645700000,1751667300000,-1,2482.313438,2505.16525722654,2504.6643243616677,,SL,-4.268453604649511,0.49424010958426284,-1.1562989505418166,False,-2.3125979010836333,TURTLE20,25,
ETH,15m,20bar,1751669100000,1751682600000,1,2514.882876,2497.268255498498,2497.76780906031,,SL,-4.34499522839444,0.6336301003289178,-1.2048980733214998,False,-2.409796146642999,TURTLE20,16,
ETH,15m,20bar,1751697000000,1751705100000,1,2522.65443,2508.9441906971897,2509.446079913172,,SL,-4.457299137968139,0.80436633809482,-1.2665623159028583,False,-2.533124631805717,TURTLE20,10,
ETH,15m,20bar,1751731200000,1751734800000,-1,2504.5489900000002,2505.964796099713,2515.65590374558,,TRAIL,-1.3656481922353696,0.9284154844732757,-0.398140696206704,False,-0.7962813924134081,TURTLE20,5,
ETH,15m,20bar,1751742900000,1751743800000,-1,2486.892522,2500.8709777523063,2500.370903571592,,SL,-4.284526312873639,0.7555262716369965,-1.2591358808187947,False,-2.5182717616375894,TURTLE20,2,
ETH,15m,20bar,1751751000000,1751796000000,1,2511.872274,2503.028659397513,2498.2024507624137,,TRAIL,-2.876090323668389,0.7301366423150418,-0.8670598702356326,False,-1.7341197404712652,TURTLE20,51,
ETH,15m,20bar,1751808600000,1751810400000,1,2532.45639,2552.319100593585,2521.5339836401304,,TRAIL,5.017105555984257,0.9104600325804522,1.539207089108023,False,3.078414178216046,TURTLE20,3,
ETH,15m,20bar,1751827500000,1751832000000,-1,2525.7947400000003,2543.9149256279843,2543.4062443791086,,SL,-4.037238455725401,0.580312326879469,-1.201601576550373,False,-2.403203153100746,TURTLE20,6,
ETH,15m,20bar,1751837400000,1751842800000,1,2563.902678,2577.8474761300436,2546.7546815930314,,TRAIL,2.0766621213751337,0.5899406365076291,0.6332954462920546,False,1.2665908925841094,TURTLE20,7,
ETH,15m,20bar,1751886000000,1751895000000,-1,2557.1984580000003,2558.5542693744574,2572.3372035400807,,TRAIL,-0.9706772798202743,0.6732813298685326,-0.2923137190704369,False,-0.5846274381408738,TURTLE20,11,
ETH,15m,20bar,1751899500000,1751915700000,-1,2534.493,2547.227119671532,2557.540240374057,,TRAIL,-2.2607576596406136,0.4367392978863792,-0.6848174222672396,False,-1.3696348445344793,TURTLE20,19,
ETH,15m,20bar,1751954400000,1751965200000,1,2550.730044,2541.9594746642765,2538.0461532343866,,TRAIL,-3.0358615023423483,0.7843967910061714,-0.9323781846957593,False,-1.8647563693915186,TURTLE20,13,
ETH,15m,20bar,1751971500000,1751983200000,1,2562.7624499999997,2580.2327995542173,2549.7391454226363,,TRAIL,3.529311664848027,0.7571135736215144,1.1045239953527555,False,2.2090479907055105,TURTLE20,14,
ETH,15m,20bar,1751994900000,1752051600000,1,2613.332562,2606.604155714449,2586.790975297854,,TRAIL,-1.2133063061074785,0.3853841114652397,-0.37150636195320436,False,-0.7430127239064086,TURTLE20,64,
ETH,15m,20bar,1752063300000,1752069600000,1,2652.950484,2646.866411349668,2634.1839918039195,,TRAIL,-1.600217397856971,0.5492806520855182,-0.4936438142380528,False,-0.9872876284761056,TURTLE20,8,
ETH,15m,20bar,1752084900000,1752091200000,1,2714.29275,2753.5857540812226,2685.8714544758545,,TRAIL,4.066894979403192,0.37049511169773996,1.2670878056272636,False,2.5341756112545273,TURTLE20,8,
ETH,15m,20bar,1752113700000,1752134400000,1,2788.137516,2786.22532102301,2762.8609133960217,,TRAIL,-0.6844294548812608,0.43546441739659936,-0.20797148895224618,False,-0.4159429779044924,TURTLE20,24,
ETH,15m,20bar,1752149700000,1752153300000,-1,2769.605968,2788.2346048076915,2787.677069393813,,SL,-3.9831667722747777,0.6047660711354315,-1.2153847556240296,False,-2.430769511248059,TURTLE20,5,
ETH,15m,20bar,1752157800000,1752164100000,-1,2764.19705,2789.1740702127463,2788.6163469433577,,SL,-3.70697464666431,0.43631724385453163,-1.1592898415764787,False,-2.318579683152958,TURTLE20,8,
ETH,15m,20bar,1752167700000,1752172200000,1,2819.7838439999996,2794.474886003314,2789.260335706951,,TRAIL,-2.934584309882159,0.34470594669467525,-0.9395221859611204,False,-1.8790443719222405,TURTLE20,6,
ETH,15m,20bar,1752183000000,1752190200000,1,2906.791242,2943.580061448096,2866.3890933374573,,TRAIL,2.5244214530924705,0.266275702221384,0.8236838328571454,False,1.6473676657142908,TURTLE20,9,
ETH,15m,20bar,1752210900000,1752217200000,1,2987.967474,2980.3669217547967,2956.2232026670317,,TRAIL,-1.097322328204081,0.35142810645605294,-0.3522384484864042,False,-0.7044768969728082,TURTLE20,8,
ETH,15m,20bar,1752249600000,1752254100000,-1,2949.41,2991.0703066144483,2990.4722121720138,,SL,-3.4069006295705035,0.2685082246078765,-1.1013677151383485,False,-2.202735430276697,TURTLE20,6,
ETH,15m,20bar,1752272100000,1752304500000,-1,2955.2188380000002,2976.666439746294,2990.41928017073,,TRAIL,-2.1491299134599253,0.30587903197109423,-0.7104096247329441,False,-1.4208192494658882,TURTLE20,37,
ETH,15m,20bar,1752317100000,1752319800000,1,2978.2755359999996,2961.6316270909274,2962.2240719053084,,SL,-3.7544347746965636,0.6621483375760107,-1.2589414328634307,False,-2.5178828657268615,TURTLE20,4,
ETH,15m,20bar,1752323400000,1752328800000,-1,2947.6503519999997,2943.5965264895635,2965.458739546401,,TRAIL,0.08473669052186539,0.5770292980010803,0.02914791594634128,False,0.05829583189268255,TURTLE20,7,
ETH,15m,20bar,1752335100000,1752338700000,-1,2906.398604,2934.2280089337255,2933.64128067759,,SL,-3.3456470092477284,0.37417779273680896,-1.150172623355331,False,-2.3003452467106627,TURTLE20,5,
ETH,15m,20bar,1752367500000,1752417000000,1,2947.559394,2990.753052590903,2929.21660808003,,TRAIL,6.140111392214143,0.5520254722518622,2.1605589955559568,False,4.321117991111913,TURTLE20,56,
ETH,15m,20bar,1752443100000,1752452100000,-1,2958.638154,2984.379236260846,2983.821436179294,,TRAIL,-3.4501644473470194,0.4197863114981106,-1.1637439665866416,False,-2.327487933173283,TURTLE20,11,
ETH,15m,20bar,1752460200000,1752471900000,1,3002.380356,3024.0724681031343,2976.0133527097123,,TRAIL,1.9851898503416994,0.3971064571889493,0.6855629443233093,False,1.3711258886466187,TURTLE20,14,
ETH,15m,20bar,1752508800000,1752559200000,-1,3011.0476700000004,2987.3815101927516,3048.2429983542715,,TRAIL,1.5836720375780349,0.28403337224648817,0.5395059860206555,False,1.079011972041311,TURTLE20,57,
ETH,15m,20bar,1752585300000,1752589800000,1,3020.273934,3022.091867950611,2989.265338342336,,TRAIL,-0.17295084981891298,0.3469014659411805,-0.05828982229682036,False,-0.11657964459364073,TURTLE20,6,
ETH,15m,20bar,1752600600000,1752701400000,1,3074.544786,3351.172416586069,3026.950459133418,,TRAIL,16.98510721632045,0.24007174232969583,5.731191472234947,False,11.462382944469894,TURTLE20,113,
ETH,15m,20bar,1752717600000,1752732900000,-1,3338.302206,3387.7810542970565,3387.1036335703425,,SL,-3.6223518276105073,0.273169785226844,-1.0965764920728753,False,-2.1931529841457507,TURTLE20,18,
ETH,15m,20bar,1752738300000,1752758100000,1,3460.5819779999997,3412.179713863688,3412.862286320952,,SL,-3.5562886647132,0.2791938604513314,-1.100717948990703,False,-2.201435897981406,TURTLE20,23,
ETH,15m,20bar,1752759900000,1752762600000,-1,3382.953274,3425.7109754066946,3425.0259702126523,,SL,-3.518008339454906,0.306807703608706,-1.1133800343951368,False,-2.2267600687902736,TURTLE20,4,
ETH,15m,20bar,1752786900000,1752827400000,1,3483.886638,3595.8608892767693,3431.662998905931,,TRAIL,6.372773289483452,0.2512900725282525,2.0627900435348656,False,4.125580087069731,TURTLE20,46,
ETH,15m,20bar,1752843600000,1752848100000,1,3640.457946,3607.8805500138124,3598.6977759479996,,TRAIL,-2.8444976328725184,0.3350104349040225,-0.884249250848709,False,-1.768498501697418,TURTLE20,6,
ETH,15m,20bar,1752849900000,1752859800000,-1,3576.554546,3620.741193977244,3636.1007614006858,,TRAIL,-2.574033714784721,0.22916489657422884,-0.8145778047326979,False,-1.6291556094653956,TURTLE20,12,
ETH,15m,20bar,1752870600000,1752873300000,-1,3492.421376,3554.9231170538205,3554.212274598901,,SL,-3.3569558788558873,0.21271606904004753,-1.079934897577936,False,-2.159869795155872,TURTLE20,4,
ETH,15m,20bar,1752894900000,1752923700000,1,3584.956848,3544.982436318084,3543.2162179652914,,TRAIL,-3.2243536256425283,0.3117045643424513,-1.0601750672117234,False,-2.120350134423447,TURTLE20,33,
ETH,15m,20bar,1752937200000,1752939000000,-1,3531.373584,3562.426457979366,3561.714115156335,,SL,-3.464348864756941,0.4176038562533829,-1.163761894035974,False,-2.327523788071948,TURTLE20,3,
ETH,15m,20bar,1752954300000,1752959700000,1,3577.01526,3546.815097009973,3547.524601930359,,SL,-3.3989338215021765,0.4214150491688402,-1.1689959960480556,False,-2.3379919920961116,TURTLE20,7,
ETH,15m,20bar,1752968700000,1752984000000,1,3594.9588479999998,3653.34698273418,3567.6719239023314,,TRAIL,5.623533296964429,0.45257286526836304,1.9804046451815982,False,3.9608092903631964,TURTLE20,18,
ETH,15m,20bar,1753001100000,1753030800000,1,3704.280708,3771.073419377241,3670.159074994143,,TRAIL,5.390580018204558,0.3880415227597801,1.8260409427098698,False,3.6520818854197397,TURTLE20,34,
ETH,15m,20bar,1753072200000,1753102800000,1,3769.20369,3778.509440715393,3729.9660398886012,,TRAIL,0.37253444488791126,0.35315605865117766,0.12174844373709685,False,0.24349688747419374,TURTLE20,35,
ETH,15m,20bar,1753109100000,1753113600000,1,3848.2995060000003,3803.030620389971,3803.791378665704,,SL,-3.436128692413063,0.3163793233995242,-1.1202377334677036,False,-2.2404754669354077,TURTLE20,6,
ETH,15m,20bar,1753115400000,1753147800000,-1,3772.99525,3768.459630251633,3821.9695125440126,,TRAIL,0.0006580068019477192,0.27704912754214683,0.00021943812234559193,False,0.0004388762446911838,TURTLE20,37,
ETH,15m,20bar,1753149600000,1753152300000,1,3794.0486579999997,3745.3658754665416,3746.115098486239,,SL,-3.3284701011009123,0.28298890111462327,-1.1100037592297574,False,-2.2200075184595147,TURTLE20,4,
ETH,15m,20bar,1753159500000,1753181100000,-1,3685.802692,3691.342823147787,3734.0628395112694,,TRAIL,-0.6055091117599364,0.2689188005217261,-0.2065144631923951,False,-0.4130289263847902,TURTLE20,25,
ETH,15m,20bar,1753200900000,1753203600000,1,3739.417734,3689.526544106692,3690.2645970260974,,SL,-3.228564797042573,0.26478894238594336,-1.105698635043941,False,-2.211397270087882,TURTLE20,4,
ETH,15m,20bar,1753226100000,1753248600000,1,3732.316314,3706.9374279499502,3695.888339023632,,TRAIL,-2.3391617259275588,0.34986988899134347,-0.8192176017080118,False,-1.6384352034160234,TURTLE20,26,
ETH,15m,20bar,1753252200000,1753285500000,-1,3698.880076,3626.6366395260684,3731.6411606287825,,TRAIL,5.816557040611328,0.3768058579709581,2.07099756352408,False,4.14199512704816,TURTLE20,38,
ETH,15m,20bar,1753290000000,1753308000000,-1,3569.6059360000004,3600.555547379433,3619.599655431552,,TRAIL,-2.062419545294381,0.25169641833867995,-0.7051227368214708,False,-1.4102454736429415,TURTLE20,21,
ETH,15m,20bar,1753312500000,1753333200000,1,3623.794614,3592.9817228019797,3577.5856826580916,,TRAIL,-2.193090019732863,0.27021699099775354,-0.7605230413158047,False,-1.5210460826316095,TURTLE20,24,
ETH,15m,20bar,1753336800000,1753341300000,-1,3554.1090360000003,3567.3303520426907,3595.0788594874907,,TRAIL,-1.2125984220840893,0.29617094342505024,-0.4270015876650593,False,-0.8540031753301185,TURTLE20,6,
ETH,15m,20bar,1753368300000,1753373700000,1,3688.7275979999995,3693.7437247973894,3637.252385897278,,TRAIL,0.03208774396744152,0.24228000097601182,0.011396631111312535,False,0.02279326222262507,TURTLE20,7,
ETH,15m,20bar,1753402500000,1753418700000,-1,3683.773098,3634.8460411662386,3724.2711416528728,,TRAIL,3.0969751260102463,0.30535710139114314,1.0997046112152762,False,2.1994092224305524,TURTLE20,19,
ETH,15m,20bar,1753435800000,1753453800000,1,3705.000852,3660.9580123171604,3649.44997763821,,TRAIL,-2.5108698955683315,0.22898113142561682,-0.8723969794931608,False,-1.7447939589863213,TURTLE20,21,
ETH,15m,20bar,1753455600000,1753475400000,-1,3626.164622,3679.7281848004004,3679.808815230581,,TRAIL,-3.0547424765917026,0.23108271168057906,-1.0802119482980144,False,-2.1604238965960287,TURTLE20,23,
ETH,15m,20bar,1753478100000,1753542900000,1,3713.152482,3719.3795346974835,3672.560071414164,,TRAIL,0.12047668177387366,0.3039648643378854,0.04354344720984534,False,0.08708689441969067,TURTLE20,73,
ETH,15m,20bar,1753567200000,1753569000000,1,3758.5715640000003,3746.140622,3736.6256550457438,,TRAIL,-2.136772592350894,0.5681852522299745,-0.7716139416643291,False,-1.5432278833286583,TURTLE20,3,
ETH,15m,20bar,1753592400000,1753596000000,1,3789.337716,3772.31593466355,3764.8865259220397,,TRAIL,-2.403963561647837,0.5059083668008841,-0.8817065123664763,False,-1.7634130247329527,TURTLE20,5,
ETH,15m,20bar,1753613100000,1753627500000,1,3819.723792,3799.5449964098575,3792.9884842885504,,TRAIL,-2.4795528850915556,0.4579904850104754,-0.9257554515667163,False,-1.8515109031334327,TURTLE20,17,
ETH,15m,20bar,1753641000000,1753648200000,1,3859.92183,3824.4680733502846,3825.2331199742794,,SL,-3.03620511124264,0.3494082933509317,-1.1549691689895354,False,-2.309938337979071,TURTLE20,9,
ETH,15m,20bar,1753656300000,1753657200000,1,3872.57436,3839.8991936998104,3840.6673271652435,,SL,-3.0023710979835347,0.37245140637201146,-1.1691043358872104,False,-2.3382086717744213,TURTLE20,2,
ETH,15m,20bar,1753661700000,1753666200000,1,3879.985842,3844.563594831099,3845.3326613633717,,SL,-2.899151109776369,0.3354417309143567,-1.1559393999366192,False,-2.3118787998732384,TURTLE20,6,
ETH,15m,20bar,1753670700000,1753686000000,1,3890.287902,3886.6470105517096,3853.7502595665937,,TRAIL,-0.55703690722867,0.3128936401257546,-0.22735600445380919,False,-0.4547120089076183,TURTLE20,18,
ETH,15m,20bar,1753702200000,1753715700000,-1,3868.636118,3816.550874163152,3898.8085600510026,,TRAIL,3.8374684485214967,0.37272925170391974,1.5734268893880263,False,3.1468537787760527,TURTLE20,16,
ETH,15m,20bar,1753748100000,1753749000000,1,3805.640976,3763.809042440914,3764.56195483188,,SL,-2.839912725790044,0.2781312097355133,-1.1288877449236696,False,-2.2577754898473397,TURTLE20,2,
ETH,15m,20bar,1753768800000,1753785900000,1,3805.3809239999996,3827.600032787898,3768.1906247135125,,TRAIL,1.1662418591007078,0.30279744775700457,0.4742989583908564,False,0.9485979167817129,TURTLE20,20,
ETH,15m,20bar,1753798500000,1753809300000,-1,3805.5587360000004,3778.1822832329008,3849.167877675835,,TRAIL,1.2992507617591729,0.2589965331711733,0.5234271365677672,False,1.0468542731355344,TURTLE20,13,
ETH,15m,20bar,1753841700000,1753872300000,1,3811.4421359999997,3769.8613897049486,3770.61551280751,,SL,-2.8339690162514746,0.27945457109551797,-1.1298884111228757,False,-2.259776822245752,TURTLE20,35,
ETH,15m,20bar,1753875000000,1753885800000,-1,3751.8794740000003,3788.404801989615,3787.647272535108,,SL,-2.813510339752625,0.3100841937930902,-1.1476663433707455,False,-2.2953326867414905,TURTLE20,13,
ETH,15m,20bar,1753887600000,1753889400000,1,3817.7634,3774.6483801423774,3775.403460834544,,SL,-2.6955181363772853,0.2575869502278561,-1.1253667466213675,False,-2.250733493242735,TURTLE20,3,
ETH,15m,20bar,1753902000000,1753904700000,-1,3736.482554,3749.5042107295394,3786.022283963737,,TRAIL,-0.8277034580261842,0.2122796474866691,-0.35351926224055935,False,-0.7070385244811187,TURTLE20,4,
ETH,15m,20bar,1753921800000,1753966800000,1,3821.184084,3819.1696474217983,3783.138899250305,,TRAIL,-0.40321387631749694,0.28012067893545556,-0.1734424174956282,False,-0.34688483499125633,TURTLE20,51,
ETH,15m,20bar,1753968600000,1753979400000,-1,3797.69031,3801.690448176891,3826.2381073813613,,TRAIL,-0.6946408981520127,0.37002228464849896,-0.29983982713095636,False,-0.5996796542619127,TURTLE20,13,
ETH,15m,20bar,1753985700000,1754013600000,-1,3749.659918,3684.93684,3790.662314869536,,TRAIL,3.3845070004005158,0.2505291345785,1.4697267610219287,False,2.9394535220438573,TURTLE20,28,
ETH,15m,20bar,1754033400000,1754049600000,-1,3627.614332,3644.8002254125818,3669.7401792320866,,TRAIL,-1.2126236701828843,0.2455398026964845,-0.5115467952088005,False,-1.0230935904176008,TURTLE20,19,
ETH,15m,20bar,1754052300000,1754055000000,1,3665.072868,3622.2552778840345,3622.979873858806,,SL,-2.6303563412436715,0.2437161484850095,-1.1210888644605563,False,-2.2421777289211127,TURTLE20,4,
ETH,15m,20bar,1754056800000,1754057700000,-1,3594.4709620000003,3631.0729397960436,3641.6194440319173,,TRAIL,-1.9914875305447475,0.21090173207740415,-0.8682634598799747,False,-1.736526919759949,TURTLE20,2,
ETH,15m,20bar,1754076600000,1754095500000,-1,3528.524154,3509.7253340317584,3583.448853080019,,TRAIL,0.5981154009266144,0.17328716576685652,0.265379155818178,False,0.530758311636356,TURTLE20,22,
ETH,15m,20bar,1754110800000,1754114400000,1,3530.776014,3502.0219989190055,3502.722543427691,,SL,-2.6631654051443827,0.3408081199376918,-1.175387330553455,False,-2.3507746611069096,TURTLE20,5,
ETH,15m,20bar,1754116200000,1754118900000,-1,3464.15703,3495.6490978649144,3494.950107843346,,SL,-2.5627781105050267,0.30004143260705174,-1.1583106996672052,False,-2.3166213993344105,TURTLE20,4,
ETH,15m,20bar,1754157600000,1754168400000,-1,3420.605742,3430.5348489069765,3460.7036402368826,,TRAIL,-0.7567381895994032,0.22156396619641733,-0.3501378346211372,False,-0.7002756692422742,TURTLE20,13,
ETH,15m,20bar,1754189100000,1754235000000,1,3436.897242,3450.186918271884,3395.3469960729067,,TRAIL,0.4729927255680827,0.2134360105972447,0.220394021055595,False,0.44078804211119,TURTLE20,52,
ETH,15m,20bar,1754249400000,1754282700000,1,3501.65019,3534.3186347866213,3476.0421626950583,,TRAIL,2.394545142512391,0.35535611812841067,1.110857277407699,False,2.221714554815398,TURTLE20,38,
ETH,15m,20bar,1754315100000,1754332200000,1,3605.6509859999996,3671.655015175797,3575.7113279820173,,TRAIL,4.536356020165193,0.32135345775464386,2.0587291123389364,False,4.117458224677873,TURTLE20,20,
ETH,15m,20bar,1754359200000,1754385300000,-1,3680.303792,3642.943481554596,3708.988079692785,,TRAIL,2.6366861468258156,0.3514328561039085,1.1492829257030248,False,2.2985658514060496,TURTLE20,30,
ETH,15m,20bar,1754390700000,1754396100000,1,3687.307314,3655.8458663773854,3656.577181813748,,SL,-2.7392758178890144,0.33648866401311706,-1.16717166439288,False,-2.3343433287857605,TURTLE20,7,
ETH,15m,20bar,1754404200000,1754435700000,-1,3577.444368,3613.4588355764545,3622.252930040751,,TRAIL,-2.0630010594624495,0.22070724441647907,-0.9000290940361662,False,-1.8000581880723323,TURTLE20,36,
ETH,15m,20bar,1754457300000,1754469000000,1,3616.87323,3613.469206722689,3585.668353693828,,TRAIL,-0.5584671929529282,0.31292609769107577,-0.24810957952151302,False,-0.49621915904302616,TURTLE20,14,
ETH,15m,20bar,1754482500000,1754488800000,-1,3593.5611440000002,3617.8945695704006,3623.449255410843,,TRAIL,-2.147711582605626,0.32424212247618867,-0.9589197057176876,False,-1.917839411435375,TURTLE20,8,
ETH,15m,20bar,1754492400000,1754533800000,1,3635.67699,3658.2630514868847,3598.1327162847115,,TRAIL,1.0654737707125452,0.25606691650671143,0.4850193028125494,False,0.9700386056250987,TURTLE20,47,
ETH,15m,20bar,1754535600000,1754545500000,-1,3656.7385059999997,3685.3951314293217,3684.658199789364,,SL,-2.626597297593942,0.349976712118634,-1.1841786611704868,False,-2.368357322340974,TURTLE20,12,
ETH,15m,20bar,1754554500000,1754575200000,1,3715.823016,3829.2766769430145,3691.273230678137,,TRAIL,9.608445085708153,0.39933317655516487,4.436967562003293,False,8.873935124006584,TURTLE20,24,
ETH,15m,20bar,1754595900000,1754616600000,1,3851.230092,3887.148796733002,3818.5078035238703,,TRAIL,2.253480658247607,0.3345402293748645,0.9557912620499531,False,1.9115825240999065,TURTLE20,24,
ETH,15m,20bar,1754623800000,1754629200000,1,3952.780398,3909.012232776352,3909.7941916146747,,SL,-2.7101589442563174,0.26366837326617687,-1.1279255575031522,False,-2.2558511150063043,TURTLE20,7,
ETH,15m,20bar,1754642700000,1754659800000,-1,3890.701704,3923.9431197539384,3923.1584880563273,,SL,-2.744636097046166,0.33928143966654506,-1.1686371201276562,False,-2.337274240255312,TURTLE20,20,
ETH,15m,20bar,1754661600000,1754661600000,1,4001.2900979999995,3961.526343988465,3962.318807750015,,SL,-2.621521608342808,0.28119468363503686,-1.142929669277369,False,-2.285859338554738,TURTLE20,1,
ETH,15m,20bar,1754675100000,1754744400000,1,4019.983836,4172.819172237181,3971.310038532259,,TRAIL,6.811174470408262,0.22634967978383885,3.0389996697971817,False,6.077999339594363,TURTLE20,78,
ETH,15m,20bar,1754748000000,1754751600000,-1,4165.686696000001,4205.199135948859,4204.358264296,,SL,-2.7379534850661367,0.3087788579375875,-1.1516205163221918,False,-2.303241032644384,TURTLE20,5,
ETH,15m,20bar,1754761500000,1754778600000,1,4229.24568,4264.398379076669,4189.652049098942,,TRAIL,1.763234553829947,0.29896256172493935,0.7591249389663663,False,1.5182498779327327,TURTLE20,20,
ETH,15m,20bar,1754811900000,1754816400000,-1,4176.154602,4219.8962032239915,4219.052392745442,,SL,-2.6812726626514762,0.2769059787588825,-1.1371035864430192,False,-2.2742071728860385,TURTLE20,6,
ETH,15m,20bar,1754834400000,1754835300000,-1,4166.276578,4203.007889804223,4202.167456312961,,SL,-2.6807266397438285,0.32240787931058096,-1.16332852377781,False,-2.3266570475556194,TURTLE20,2,
ETH,15m,20bar,1754872200000,1754881200000,1,4276.145058,4287.414692209864,4241.499694765692,,TRAIL,0.39833429855839053,0.33380025887259046,0.1769789024369864,False,0.3539578048739728,TURTLE20,11,
ETH,15m,20bar,1754898300000,1754919000000,-1,4278.654098,4217.217528847726,4314.029857430751,,TRAIL,3.5971987081262773,0.32547237322699707,1.5925890237480462,False,3.185178047496093,TURTLE20,24,
ETH,15m,20bar,1754928000000,1754935200000,1,4328.995626,4279.439813459802,4271.64807387257,,TRAIL,-2.2239046727971763,0.20991265455193459,-0.9541972023893975,False,-1.9083944047787953,TURTLE20,9,
ETH,15m,20bar,1754948700000,1754959500000,-1,4212.3073699999995,4265.619162911996,4264.7662096700615,,SL,-2.5450319966867965,0.2216828471610157,-1.1132260873294113,False,-2.2264521746588226,TURTLE20,13,
ETH,15m,20bar,1754965800000,1754996400000,1,4292.848398,4260.696193993017,4247.004900262996,,TRAIL,-1.817941284757716,0.2502366253102846,-0.813295943866948,False,-1.6265918877338963,TURTLE20,35,
ETH,15m,20bar,1755002700000,1755006300000,1,4406.251074,4352.030467532435,4352.854428634354,,TRAIL,-2.449252965514522,0.21640392948047288,-1.1138447927807313,False,-2.2276895855614627,TURTLE20,5,
ETH,15m,20bar,1755013500000,1755092700000,1,4443.528528,4645.151559517013,4383.276997218188,,TRAIL,6.9998536099058475,0.19458476027449903,3.255847958035971,False,6.511695916071941,TURTLE20,89,
ETH,15m,20bar,1755108900000,1755167400000,1,4743.368484,4695.749499513118,4679.948360698687,,TRAIL,-1.9238857965444711,0.20449266002459437,-0.8401506099860621,False,-1.680301219972124,TURTLE20,66,
ETH,15m,20bar,1755175500000,1755177300000,-1,4619.605894,4585.206858,4692.774896092437,,TRAIL,0.8885355592667873,0.16994240397474647,0.39465002286515105,False,0.7893000457303021,TURTLE20,3,
ETH,15m,20bar,1755207900000,1755213300000,-1,4468.896042,4547.208256141743,4546.298996342474,,SL,-2.4544745171191615,0.15859509445056455,-1.0816367079503955,False,-2.1632734159007914,TURTLE20,7,
ETH,15m,20bar,1755222300000,1755264600000,1,4597.009218,4578.462807712224,4536.963000123736,,TRAIL,-0.8892810270010978,0.20355090218886898,-0.40055301322666964,False,-0.8011060264533392,TURTLE20,48,
ETH,15m,20bar,1755266400000,1755279000000,-1,4538.692080000001,4448.65322223044,4590.757444508429,,TRAIL,3.5805166051709576,0.22809702380257052,1.625772745229116,False,3.251545490458232,TURTLE20,15,
ETH,15m,20bar,1755298800000,1755299700000,1,4472.304282,4414.890774007059,4415.773928792817,,SL,-2.5239779097738237,0.2144947555480215,-1.1099492832918112,False,-2.2198985665836224,TURTLE20,2,
ETH,15m,20bar,1755324900000,1755329400000,-1,4411.507522000001,4449.750327825666,4448.860555714524,,SL,-2.59292829949855,0.3164853726548822,-1.1661585741193718,False,-2.3323171482387437,TURTLE20,6,
ETH,15m,20bar,1755338400000,1755372600000,-1,4395.6007039999995,4430.201481817114,4434.523330379757,,TRAIL,-2.2259418808158946,0.2954521022216047,-1.0250145696579658,False,-2.0500291393159316,TURTLE20,39,
ETH,15m,20bar,1755400500000,1755414000000,1,4438.067436,4444.7121225004485,4409.909300665032,,TRAIL,0.09933816919496508,0.40260979476017866,0.0467012019689534,False,0.0934024039379068,TURTLE20,16,
ETH,15m,20bar,1755421200000,1755435600000,1,4533.1464479999995,4521.959041460321,4499.27541793733,,TRAIL,-1.0447405165580517,0.34151509607367797,-0.4906986826973629,False,-0.9813973653947258,TURTLE20,17,
ETH,15m,20bar,1755450000000,1755457200000,-1,4513.64709,4472.352983201475,4544.893300483261,,TRAIL,2.4223548176388503,0.3637731601985854,1.1490195514697632,False,2.298039102939526,TURTLE20,9,
ETH,15m,20bar,1755480600000,1755509400000,-1,4410.01782,4289.972525101992,4455.391878147418,,TRAIL,5.457674316644419,0.24810758731291233,2.5306376678472553,False,5.061275335694511,TURTLE20,33,
ETH,15m,20bar,1755521100000,1755524700000,1,4333.176462,4283.363835918566,4278.499315460393,,TRAIL,-2.278449222034186,0.21423905707009555,-1.0055855826411162,False,-2.0111711652822324,TURTLE20,5,
ETH,15m,20bar,1755560700000,1755564300000,-1,4311.417544,4338.0163093375595,4359.50717719049,,TRAIL,-1.4676227603161425,0.23959864122145028,-0.6610244982248836,False,-1.322048996449767,TURTLE20,5,
ETH,15m,20bar,1755574200000,1755593100000,-1,4252.229384,4262.717895564691,4300.050166237138,,TRAIL,-0.7145864318217584,0.23406341870664227,-0.32616530309109926,False,-0.6523306061821985,TURTLE20,22,
ETH,15m,20bar,1755595800000,1755611100000,1,4277.475324,4272.568776917058,4235.595924201136,,TRAIL,-0.5216265784725383,0.2666206886737267,-0.23965418777955716,False,-0.4793083755591144,TURTLE20,18,
ETH,15m,20bar,1755613800000,1755658800000,-1,4208.738084,4141.599160010082,4262.148070405173,,TRAIL,2.5197533155482432,0.20319867590970725,1.1632416674326989,False,2.3264833348653977,TURTLE20,51,
ETH,15m,20bar,1755660600000,1755689400000,1,4148.769587999999,4165.447354062781,4100.787066871236,,TRAIL,0.5399818766591322,0.23044413715369888,0.24361445840196969,False,0.4872289168039393,TURTLE20,33,
ETH,15m,20bar,1755698400000,1755700200000,-1,4132.093416000001,4184.460568078367,4185.605273694029,,TRAIL,-2.3873936454743765,0.20769767136224104,-1.0718574712313564,False,-2.1437149424627124,TURTLE20,3,
ETH,15m,20bar,1755702900000,1755760500000,1,4264.40271,4269.254350815405,4194.074228776268,,TRAIL,-0.008322909437722403,0.15868318773126217,-0.0038185585187075753,False,-0.0076371170374151505,TURTLE20,65,
ETH,15m,20bar,1755767700000,1755774900000,-1,4265.996630000001,4304.429764028789,4303.569050218745,,SL,-2.527636744961197,0.2982820083612885,-1.1597706405792367,False,-2.319541281158473,TURTLE20,9,
ETH,15m,20bar,1755781200000,1755783000000,-1,4245.930644,4288.23910459705,4287.381628271396,,SL,-2.435897539974767,0.26298314815440205,-1.1442180030194753,False,-2.288436006038951,TURTLE20,3,
ETH,15m,20bar,1755786600000,1755786600000,1,4313.772582,4261.750164944883,4262.602685481979,,SL,-2.3239812472677333,0.2091671697047781,-1.1172141159822488,False,-2.2344282319644972,TURTLE20,1,
ETH,15m,20bar,1755789300000,1755828900000,-1,4231.793472,4289.627555213972,4289.755078195646,,TRAIL,-2.2085962564868473,0.179392801245079,-1.0860108951747605,False,-2.1720217903495205,TURTLE20,45,
ETH,15m,20bar,1755847800000,1755859500000,1,4333.956618,4292.558961982964,4293.417645512067,,SL,-2.2856618355508447,0.25401487664191275,-1.1488590486325088,False,-2.297718097265018,TURTLE20,14,
ETH,15m,20bar,1755864000000,1755866700000,-1,4270.415746000001,4254.326347822102,4302.059851040685,,TRAIL,0.6741304654905876,0.3141880164201709,0.3468119230262726,False,0.6936238460525452,TURTLE20,4,
ETH,15m,20bar,1755872100000,1755915300000,1,4592.828382,4747.593119544804,4500.998571784031,,TRAIL,3.179230415076257,0.11944994224807559,1.6243144169967951,False,3.2486288339935903,TURTLE20,49,
ETH,15m,20bar,1755917100000,1755927900000,-1,4697.780256,4762.88239072692,4761.930004725975,,SL,-2.229681300309822,0.17881915803011833,-1.1033329626480368,False,-2.2066659252960736,TURTLE20,13,
ETH,15m,20bar,1755959400000,1755998100000,1,4748.159442,4757.012192533156,4708.827434031515,,TRAIL,0.15825640335784924,0.28655668632199127,0.08007848353329429,False,0.16015696706658855,TURTLE20,44,
ETH,15m,20bar,1756034100000,1756040400000,-1,4732.163378,4763.961763379904,4763.009161547595,,SL,-2.4061920182687278,0.36563041935290075,-1.2155976004589317,False,-2.431195200917864,TURTLE20,8,
ETH,15m,20bar,1756047600000,1756057500000,1,4794.018612,4888.185785999041,4762.761440964354,,TRAIL,5.459425072376924,0.35894446480462067,2.8268025682643594,False,5.653605136528719,TURTLE20,12,
ETH,15m,20bar,1756060200000,1756063800000,1,4941.118026,4883.155129815407,4884.131956206648,,SL,-2.2865393952309994,0.21106621753650803,-1.1205801752892939,False,-2.2411603505785878,TURTLE20,5,
ETH,15m,20bar,1756066500000,1756130400000,-1,4737.472316,4663.944349255269,4833.7342243710045,,TRAIL,1.406775150576076,0.11689121570261188,0.7052334396273662,False,1.4104668792547328,TURTLE20,72,
ETH,15m,20bar,1756142100000,1756172700000,-1,4579.7238720000005,4403.301029704291,4641.558532990703,,TRAIL,5.595289637867367,0.17632603571347524,2.76597339767747,False,5.53194679535494,TURTLE20,35,
ETH,15m,20bar,1756174500000,1756321200000,1,4440.877998,4551.1112972526735,4368.7047006222065,,TRAIL,3.1009955370563262,0.1595838755049954,1.4525885540014034,False,2.905177108002807,TURTLE20,164,
ETH,15m,20bar,1756332900000,1756355400000,-1,4496.910438000001,4564.323487283916,4563.410805122891,,SL,-2.406578359415139,0.17960163988575517,-1.0954795107290234,False,-2.1909590214580468,TURTLE20,26,
ETH,15m,20bar,1756357200000,1756388700000,1,4569.893795999999,4569.256557442947,4529.126038453047,,TRAIL,-0.3225975463858105,0.28901141592293744,-0.15013650829503322,False,-0.30027301659006644,TURTLE20,36,
ETH,15m,20bar,1756391400000,1756416600000,-1,4551.959426,4487.324517196444,4592.269516869163,,TRAIL,3.146732449369782,0.28823068878688574,1.4688961786225112,False,2.937792357245023,TURTLE20,29,
ETH,15m,20bar,1756431000000,1756432800000,-1,4446.150592,4487.392128144757,4486.4948291789215,,SL,-2.5472024444340295,0.2929793615065751,-1.1551008281597281,False,-2.3102016563194563,TURTLE20,3,
ETH,15m,20bar,1756451700000,1756470600000,-1,4391.32156,4380.116160744082,4433.653300412672,,TRAIL,0.30241165391223074,0.26782350599314414,0.14038016310081458,False,0.28076032620162916,TURTLE20,22,
ETH,15m,20bar,1756476900000,1756484100000,-1,4283.983032,4346.5528371985165,4345.683700458425,,SL,-2.372017128925257,0.18130490011752798,-1.0980128483646105,False,-2.196025696729221,TURTLE20,9,
ETH,15m,20bar,1756503900000,1756516500000,1,4374.62475,4321.689526077313,4322.55403688469,,SL,-2.359639152243339,0.21171900922754067,-1.1168084516060706,False,-2.233616903212141,TURTLE20,15,
ETH,15m,20bar,1756519200000,1756520100000,-1,4262.637302,4307.612726193687,4306.751375918504,,SL,-2.3467635053151827,0.2407820048880534,-1.1360903620733382,False,-2.2721807241466765,TURTLE20,2,
ETH,15m,20bar,1756532700000,1756557000000,1,4393.758576,4351.754557626121,4352.625082642649,,SL,-2.318958980100772,0.2575227553330889,-1.148731177377881,False,-2.2974623547557615,TURTLE20,28,
ETH,15m,20bar,1756559700000,1756566900000,-1,4341.201586,4373.650448192003,4372.7758930134005,,SL,-2.353595931160915,0.32663140781342836,-1.1933048410698972,False,-2.386609682139794,TURTLE20,9,
ETH,15m,20bar,1756595700000,1756616400000,1,4366.713168,4453.434015901785,4343.698486569423,,TRAIL,6.811813524843977,0.44270254032996703,3.5381223866631,False,7.0762447733261995,TURTLE20,24,
ETH,15m,20bar,1756623600000,1756627200000,-1,4431.653492,4458.7291991826705,4457.837631656339,,SL,-2.5516605916664337,0.4199682208530259,-1.2377697805905918,False,-2.4755395611811837,TURTLE20,5,
ETH,15m,20bar,1756645200000,1756648800000,1,4487.787378,4457.471671475919,4458.363344144747,,SL,-2.438114264310003,0.36672333706977134,-1.212711422550122,False,-2.4254228451002438,TURTLE20,5,
ETH,15m,20bar,1756680300000,1756687500000,-1,4439.531916,4400.6923969982545,4466.9347240163,,TRAIL,2.4007198643594365,0.37971060987358773,1.2237937219426172,False,2.4475874438852343,TURTLE20,9,
ETH,15m,20bar,1756711800000,1756722600000,1,4418.643552,4422.563411115403,4374.860197570464,,TRAIL,-0.06356725061938204,0.24349428722013472,-0.031629944313543226,False,-0.06325988862708645,TURTLE20,13,
ETH,15m,20bar,1756740600000,1756755900000,-1,4367.666292,4367.051546581942,4407.637170171715,,TRAIL,-0.23245030725343793,0.26333987208071535,-0.11573639351172137,False,-0.23147278702344273,TURTLE20,18,
ETH,15m,20bar,1756759500000,1756764000000,-1,4267.406348,4272.663510869049,4309.93727280629,,TRAIL,-0.48909888486002423,0.24141351980003578,-0.2440860346125142,False,-0.4881720692250284,TURTLE20,6,
ETH,15m,20bar,1756782000000,1756813500000,1,4357.611347999999,4342.837140611007,4310.612537975814,,TRAIL,-0.8483042052569141,0.22147997864596997,-0.42542516442161366,False,-0.8508503288432273,TURTLE20,36,
ETH,15m,20bar,1756815300000,1756819800000,-1,4323.975032,4320.65675406492,4358.256704631146,,TRAIL,-0.10775782116190805,0.2991253260018111,-0.05450437487876627,False,-0.10900874975753254,TURTLE20,6,
ETH,15m,20bar,1756863000000,1756863900000,-1,4282.84326,4321.464368070495,4320.600248020891,,SL,-2.2901229850366813,0.27003098383803137,-1.1596182572378961,False,-2.3192365144757923,TURTLE20,2,
ETH,15m,20bar,1756866600000,1756879200000,1,4350.739974,4306.896085703239,4307.757637230685,,SL,-2.2008968826833795,0.233138157549416,-1.14089818326469,False,-2.28179636652938,TURTLE20,15,
ETH,15m,20bar,1756893600000,1756935900000,1,4349.559738,4437.2778708881515,4316.4901280598315,,TRAIL,4.6996872589094325,0.30052669797373166,2.4931056178764885,False,4.986211235752977,TURTLE20,48,
ETH,15m,20bar,1756953900000,1756980000000,-1,4425.904642,4398.308114384983,4455.344505289013,,TRAIL,1.4992310436171181,0.35591965894212474,0.7575442773713563,False,1.5150885547427126,TURTLE20,30,
ETH,15m,20bar,1756982700000,1756989000000,1,4420.423908,4389.565839732213,4390.443928517917,,SL,-2.422126219649119,0.35423091783241356,-1.2056066328540165,False,-2.4112132657080334,TURTLE20,8,
ETH,15m,20bar,1756995300000,1757025900000,-1,4335.162794,4333.783498369073,4382.364628402052,,TRAIL,-0.15875633505326306,0.2160477495118814,-0.08097295778674578,False,-0.16194591557349156,TURTLE20,35,
ETH,15m,20bar,1757049300000,1757063700000,1,4332.636354,4379.885579193915,4302.631508591021,,TRAIL,2.741381751416865,0.34102868465453906,1.4004975350222097,False,2.80099507004442,TURTLE20,17,
ETH,15m,20bar,1757075400000,1757075400000,1,4448.339489999999,4416.333045957479,4417.21648925533,,SL,-2.4132689267981604,0.3438879606710958,-1.1992817746048523,False,-2.3985635492097046,TURTLE20,1,
ETH,15m,20bar,1757082600000,1757286900000,-1,4318.8560560000005,4321.935112368778,4378.044814673001,,TRAIL,-0.2741997970765288,0.17203080607561566,-0.13961318424419805,False,-0.2792263684883961,TURTLE20,228,
ETH,15m,20bar,1757322900000,1757330100000,1,4314.4127100000005,4300.650698922633,4291.9288815487225,,TRAIL,-1.6490383476881125,0.45026252386700427,-0.8419851256090372,False,-1.6839702512180743,TURTLE20,9,
ETH,15m,20bar,1757337300000,1757338200000,1,4357.551336,4329.088774652194,4329.954765605315,,SL,-2.3496181967033323,0.3636625959665543,-1.220243853949429,False,-2.440487707898858,TURTLE20,2,
ETH,15m,20bar,1757345400000,1757349000000,1,4379.855796,4342.91336828193,4343.782124706871,,SL,-2.1963232158743016,0.27254334071353725,-1.1691654246645171,False,-2.3383308493290347,TURTLE20,5,
ETH,15m,20bar,1757354400000,1757397600000,-1,4308.578112,4329.084491331339,4344.510155861543,,TRAIL,-1.3116238894977552,0.2646122809870712,-0.7149322480047566,False,-1.4298644960095133,TURTLE20,49,
ETH,15m,20bar,1757399400000,1757405700000,1,4344.56874,4342.823872591842,4320.512337090858,,TRAIL,-0.5229979808905559,0.3918319048156891,-0.2892079502488274,False,-0.5784159004976548,TURTLE20,8,
ETH,15m,20bar,1757429100000,1757488500000,-1,4288.932042,4328.196071419254,4327.330605298194,,SL,-2.0805295682437803,0.24208578458355523,-1.1571866880080415,False,-2.314373376016083,TURTLE20,67,
ETH,15m,20bar,1757507400000,1757508300000,1,4343.428512,4363.618310727419,4324.925618140672,,TRAIL,1.4205442074731813,0.49588800444279074,0.8088232439509473,False,1.6176464879018946,TURTLE20,2,
ETH,15m,20bar,1757512800000,1757515500000,1,4417.263276,4396.013167228528,4380.610977497882,,TRAIL,-1.2922259513793288,0.25748841298153774,-0.7240493972260945,False,-1.4480987944521888,TURTLE20,4,
ETH,15m,20bar,1757529000000,1757552400000,-1,4333.503126,4362.466217377764,4375.77726854555,,TRAIL,-1.4221358056004412,0.21708494809600049,-0.8085479899908495,False,-1.6170959799816989,TURTLE20,27,
ETH,15m,20bar,1757561400000,1757583000000,1,4393.398504000001,4408.715502869676,4367.464933225746,,TRAIL,0.66964029184651,0.35239588464382166,0.38697835145467047,False,0.7739567029093409,TURTLE20,25,
ETH,15m,20bar,1757592900000,1757593800000,1,4452.320286,4430.431759457876,4425.546947778067,,TRAIL,-1.7727999849708378,0.3471358624983074,-1.0166150199044524,False,-2.0332300398089047,TURTLE20,2,
ETH,15m,20bar,1757629800000,1757641500000,1,4442.368296,4501.491888900067,4418.718478564677,,TRAIL,3.8832153393486317,0.3876416790891237,2.273052506055994,False,4.546105012111988,TURTLE20,14,
ETH,15m,20bar,1757656800000,1757662200000,1,4556.8811940000005,4526.49793498199,4527.403415665122,,SL,-2.171109647530529,0.3302127265659852,-1.2156033636022758,False,-2.4312067272045517,TURTLE20,7,
ETH,15m,20bar,1757685600000,1757687400000,1,4538.697558,4530.004746599852,4512.459597314243,,TRAIL,-0.9387216085354342,0.3613824990556623,-0.5386864075370157,False,-1.0773728150740312,TURTLE20,3,
ETH,15m,20bar,1757698200000,1757716200000,1,4588.347486000001,4694.4183664669945,4552.511945628117,,TRAIL,4.834525104824042,0.26792369761847795,2.8045125010691465,False,5.609025002138293,TURTLE20,21,
ETH,15m,20bar,1757735100000,1757744100000,1,4745.758962,4711.465765132801,4709.777264954343,,TRAIL,-2.022195586807718,0.28709841150874105,-1.1107739485651322,False,-2.2215478971302645,TURTLE20,11,
ETH,15m,20bar,1757772000000,1757772900000,-1,4684.063,4705.60505256249,4710.147195276397,,TRAIL,-1.8545834448795933,0.38447196496190905,-1.041851324377185,False,-2.08370264875437,TURTLE20,2,
ETH,15m,20bar,1757780100000,1757793600000,-1,4632.47332,4659.330110631663,4668.465074172857,,TRAIL,-1.5705965015114352,0.2699876279181912,-0.9010917482454978,False,-1.8021834964909955,TURTLE20,16,
ETH,15m,20bar,1757808900000,1757811600000,1,4676.325078,4654.137066772035,4655.068080388112,,SL,-2.237309471616532,0.45076472850811744,-1.3071596009066675,False,-2.614319201813335,TURTLE20,4,
ETH,15m,20bar,1757816100000,1757821500000,1,4688.63754,4663.747495613063,4664.680431699402,,SL,-2.122164278904784,0.39041975208329105,-1.2731701600040062,False,-2.5463403200080124,TURTLE20,7,
ETH,15m,20bar,1757849400000,1757858400000,-1,4639.361942,4638.64037654593,4660.186332274893,,TRAIL,-0.3779491186500848,0.43423430908395755,-0.2326712030027043,False,-0.46534240600540855,TURTLE20,11,
ETH,15m,20bar,1757861100000,1757871000000,-1,4590.761664000001,4625.070913249105,4624.146084032298,,SL,-1.9294204739294978,0.26779780886412097,-1.1933335596937793,False,-2.3866671193875586,TURTLE20,12,
ETH,15m,20bar,1757886300000,1757892600000,1,4634.806776,4606.97507929986,4607.896658631586,,SL,-1.9575047719193854,0.3252112355757584,-1.2403054715954425,False,-2.4806109431908845,TURTLE20,8,
ETH,15m,20bar,1757898900000,1757899800000,-1,4583.993018,4613.979918868814,4613.057307407333,,SL,-1.8801968622506768,0.29224615778679597,-1.2216257598225408,False,-2.443251519645082,TURTLE20,2,
ETH,15m,20bar,1757916900000,1757917800000,1,4665.602934,4639.475318877965,4640.403399557877,,SL,-1.8894493352145956,0.33266048898236567,-1.2583828541194992,False,-2.5167657082389985,TURTLE20,2,
ETH,15m,20bar,1757922300000,1757959200000,-1,4605.318752,4511.188880410043,4636.037155787217,,TRAIL,4.224558311386092,0.2606354551299115,2.886216602420179,False,5.772433204840359,TURTLE20,42,
ETH,15m,20bar,1757971800000,1757996100000,1,4515.882995999999,4486.363272991524,4483.550347521052,,TRAIL,-1.6721342968908446,0.2586340751342523,-1.0800559933284486,False,-2.1601119866568967,TURTLE20,28,
ETH,15m,20bar,1758030300000,1758031200000,-1,4452.449332,4472.184258,4479.871496212633,,TRAIL,-1.3859088824649202,0.2957881345251365,-0.9149425975081172,False,-1.8298851950162347,TURTLE20,2,
ETH,15m,20bar,1758060900000,1758079800000,1,4510.60194,4511.079501926973,4484.831385790862,,TRAIL,-0.28478876880312914,0.3123453963818512,-0.191514970851218,False,-0.383029941702436,TURTLE20,22,
ETH,15m,20bar,1758083400000,1758087900000,-1,4485.5427119999995,4501.758321910018,4511.629593766604,,TRAIL,-1.2270031240563695,0.3062046819193067,-0.8283086772765157,False,-1.6566173545530316,TURTLE20,6,
ETH,15m,20bar,1758119400000,1758130200000,-1,4472.9152380000005,4502.405500511361,4501.505199471468,,SL,-1.7770715391305538,0.27440135865983983,-1.2198496660890263,False,-2.4396993321780522,TURTLE20,13,
ETH,15m,20bar,1758132000000,1758132000000,-1,4432.1134,4475.76203764172,4474.867064228874,,SL,-1.6286795307450208,0.1776739565649053,-1.1459453543450062,False,-2.291890708690012,TURTLE20,1,
ETH,15m,20bar,1758147300000,1758175200000,1,4546.75917,4561.368819708329,4493.129296812476,,TRAIL,0.2367928009976839,0.1415063550746682,0.1705164001139522,False,0.34103280022790433,TURTLE20,32,
ETH,15m,20bar,1758177000000,1758183300000,-1,4556.548508,4589.767915214214,4588.850145185177,,SL,-1.6697370928995452,0.236730297495086,-1.1983044960304325,False,-2.3966089920608646,TURTLE20,8,
ETH,15m,20bar,1758204900000,1758223800000,1,4605.680952,4585.422249308766,4573.727574077101,,TRAIL,-1.0969836495033332,0.2347188289424608,-0.8065928013685407,False,-1.6131856027370814,TURTLE20,22,
ETH,15m,20bar,1758242700000,1758251700000,1,4608.3514860000005,4584.611739516063,4585.52884528512,,SL,-1.7152392488169121,0.32338777000958424,-1.2818641271504134,False,-2.563728254300827,TURTLE20,11,
ETH,15m,20bar,1758253500000,1758346200000,-1,4551.069603999999,4478.836544564764,4580.357716121476,,TRAIL,2.974313322711902,0.24118288079520434,2.281304970049657,False,4.562609940099314,TURTLE20,104,
ETH,15m,20bar,1758361500000,1758379500000,-1,4461.247572,4475.6503135807325,4474.755362508231,,SL,-1.994755434545485,0.541169751916308,-1.4632208206099975,False,-2.9264416412199954,TURTLE20,21,
ETH,15m,20bar,1758381300000,1758387600000,1,4495.658952,4485.1305595613685,4481.954721778276,,TRAIL,-1.5370346300752267,0.5203455639487082,-1.1614564180581706,False,-2.322912836116341,TURTLE20,8,
ETH,15m,20bar,1758437100000,1758438900000,1,4489.69776,4476.411052830725,4477.306514133551,,SL,-1.9472350902442854,0.5611948998725692,-1.506416114905432,False,-3.012832229810864,TURTLE20,3,
ETH,15m,20bar,1758446100000,1758447900000,-1,4463.637094,4460.245018182307,4475.376843948856,,TRAIL,-0.20954821512214383,0.5717865555848913,-0.16714610261420632,False,-0.33429220522841263,TURTLE20,3,
ETH,15m,20bar,1758477600000,1758488400000,1,4490.067834,4470.626981843363,4471.521286100583,,SL,-1.6719541755968266,0.3622124034455696,-1.3381071874255543,False,-2.6762143748511087,TURTLE20,13,
ETH,15m,20bar,1758492900000,1758502800000,-1,4455.028816,4348.650784749721,4474.399093505545,,TRAIL,6.346727204560202,0.33161341919094056,5.219121071491309,False,10.438242142982618,TURTLE20,12,
ETH,15m,20bar,1758508200000,1758521700000,-1,4307.058416,4152.530339999999,4349.442862809989,,TRAIL,4.735524582686535,0.1608295800719019,3.526112383073045,False,7.052224766146091,TURTLE20,16,
ETH,15m,20bar,1758561300000,1758573900000,-1,4151.6994939999995,4177.7782688198495,4188.4740577785005,,TRAIL,-1.2149311717570388,0.19538406299867997,-0.8450531640489516,False,-1.6901063280979032,TURTLE20,15,
ETH,15m,20bar,1758577500000,1758591900000,1,4193.778587999999,4160.451051923779,4161.283308585496,,SL,-1.6676217037395242,0.21802297068653972,-1.1798659544088357,False,-2.359731908817671,TURTLE20,17,
ETH,15m,20bar,1758594600000,1758597300000,-1,4156.408552,4161.135866955671,4188.191398288795,,TRAIL,-0.42195958935000255,0.21669426829588248,-0.30575743653488086,False,-0.6115148730697618,TURTLE20,4,
ETH,15m,20bar,1758609000000,1758625200000,1,4200.519936000001,4175.594427023901,4167.293100606059,,TRAIL,-1.2363881268967118,0.20746019048164507,-0.9014152939576985,False,-1.802830587915397,TURTLE20,19,
ETH,15m,20bar,1758649500000,1758663000000,-1,4142.291376,4183.343376350464,4182.506874975468,,SL,-1.5421987517259927,0.16730311067347614,-1.145015786822975,False,-2.29003157364595,TURTLE20,16,
ETH,15m,20bar,1758684600000,1758687300000,-1,4133.913052,4120.755601276041,4165.667776420039,,TRAIL,0.340031719893697,0.205262820919838,0.2583757120189608,False,0.5167514240379216,TURTLE20,4,
ETH,15m,20bar,1758712500000,1758720600000,1,4191.478128000001,4166.445054188,4167.278509889978,,SL,-1.6425203465749685,0.274124153183625,-1.2416653678046874,False,-2.483330735609375,TURTLE20,10,
ETH,15m,20bar,1758722400000,1758724200000,-1,4148.100214,4174.884796783024,4174.049986785667,,SL,-1.5797310660341293,0.24824576746624397,-1.2246108685408739,False,-2.4492217370817477,TURTLE20,3,
ETH,15m,20bar,1758751200000,1758767400000,-1,4142.6213099999995,4098.85222167812,4167.204802421372,,TRAIL,1.9873518800557843,0.25312108650611465,1.5792794423757353,False,3.15855888475147,TURTLE20,19,
ETH,15m,20bar,1758771000000,1758777300000,-1,4034.752888,4034.0295353532542,4080.892252131296,,TRAIL,-0.11585826425380857,0.13620990951955597,-0.08924953528939518,False,-0.17849907057879036,TURTLE20,8,
ETH,15m,20bar,1758803400000,1758803400000,-1,3940.041834,3986.254978840599,3985.4578872631464,,SL,-1.454257176489316,0.1356929677239484,-1.1222666715001188,False,-2.2445333430002377,TURTLE20,1,
ETH,15m,20bar,1758820500000,1758825900000,-1,3894.990846,3904.868767042794,3949.471913908675,,TRAIL,-0.33848344944681263,0.10881245976453394,-0.26720909426779493,False,-0.53441818853559,TURTLE20,7,
ETH,15m,20bar,1758852000000,1758879000000,1,3947.2993020000004,3896.136336099304,3894.979319591334,,TRAIL,-1.3454344738426383,0.11333108035661928,-1.0678334493151909,False,-2.1356668986303817,TURTLE20,31,
ETH,15m,20bar,1758881700000,1758889800000,-1,3885.192806,3924.6431305167935,3923.8583588450247,,SL,-1.4075195730409122,0.1494350276793127,-1.1414870040939333,False,-2.2829740081878667,TURTLE20,10,
ETH,15m,20bar,1758895200000,1758960000000,1,3969.2736959999997,3986.4116438867827,3916.489198347376,,TRAIL,0.2822442914934717,0.1089622763729925,0.23424560681096634,False,0.4684912136219327,TURTLE20,73,
ETH,15m,20bar,1758964500000,1758966300000,-1,3974.4549500000003,3993.393150951798,3992.594632025393,,SL,-1.5828823860703398,0.3190407952216382,-1.3075703189926813,False,-2.615140637985362,TURTLE20,3,
ETH,15m,20bar,1758978000000,1758985200000,1,4027.185276,4004.6845016906814,4005.485598810443,,SL,-1.4842286323703626,0.26181207319566036,-1.2590001195538776,False,-2.518000239107755,TURTLE20,9,
ETH,15m,20bar,1759009500000,1759017600000,1,4015.2728939999997,4006.240785753466,3998.9244210874285,,TRAIL,-0.9732305832506316,0.33832169703025267,-0.8468690946504087,False,-1.6937381893008177,TURTLE20,10,
ETH,15m,20bar,1759023900000,1759037400000,-1,3995.65071,4018.5210501278248,4017.7175066264995,,SL,-1.4170634236390296,0.24617913971151223,-1.2543208537420028,False,-2.5086417074840055,TURTLE20,16,
ETH,15m,20bar,1759050900000,1759065300000,-1,3990.871666,3991.1268942232678,4008.174090461256,,TRAIL,-0.32110840811917385,0.3048615831296574,-0.29154453878397096,False,-0.5830890775679419,TURTLE20,17,
ETH,15m,20bar,1759068000000,1759113000000,1,4011.842208,4107.794616182085,3988.841835145243,,TRAIL,4.3360887488161755,0.2319316459943321,3.9599630259358434,False,7.919926051871687,TURTLE20,51,
ETH,15m,20bar,1759126500000,1759133700000,-1,4097.550326,4121.285566469917,4120.461474175082,,SL,-1.478553775252107,0.2543451003200854,-1.2512049499368696,False,-2.5024098998737387,TURTLE20,9,
ETH,15m,20bar,1759135500000,1759143600000,1,4125.634962,4103.270786525815,4102.811468111836,,TRAIL,-1.378184093977488,0.249237715571479,-1.196202433206703,False,-2.392404866413406,TURTLE20,10,
ETH,15m,20bar,1759153500000,1759160700000,1,4146.699173999999,4154.316322049217,4114.377611993216,,TRAIL,0.0917335039629128,0.17329111603862335,0.08157213290109633,False,0.16314426580219266,TURTLE20,9,
ETH,15m,20bar,1759178700000,1759191300000,1,4229.765784,4194.232743674023,4195.071758025629,,SL,-1.3177440626501866,0.16410013830983872,-1.1698682497258477,False,-2.3397364994516954,TURTLE20,15,
ETH,15m,20bar,1759209300000,1759215600000,-1,4183.923048000001,4205.596046324113,4208.548185523994,,TRAIL,-1.193036492103516,0.224864893794409,-1.0845303809850961,False,-2.1690607619701927,TURTLE20,8,
ETH,15m,20bar,1759223700000,1759235400000,-1,4153.7990740000005,4170.283977306011,4178.207582847397,,TRAIL,-0.947039685012208,0.22020878210024858,-0.879994483525542,False,-1.7599889670510842,TURTLE20,14,
ETH,15m,20bar,1759242600000,1759261500000,-1,4123.82507,4143.332821819009,4158.361042060417,,TRAIL,-0.7490386797833756,0.15184917240917065,-0.7084800309455903,False,-1.4169600618911808,TURTLE20,22,
ETH,15m,20bar,1759266000000,1759268700000,1,4194.53874,4158.804298145283,4159.636225390361,,SL,-1.2167794658368352,0.14966963049629645,-1.1674358748452738,False,-2.3348717496905476,TURTLE20,4,
ETH,15m,20bar,1759307400000,1759309200000,1,4165.372908,4288.972034,4140.59719368899,,TRAIL,4.869761672810498,0.20841232140724414,4.783979890425529,False,9.567959780851059,TURTLE20,3,
ETH,15m,20bar,1759329900000,1759340700000,1,4334.626752,4296.709448954986,4297.568962747536,,SL,-1.297061139565428,0.1558661159240923,-1.162943220168523,False,-2.3258864403370456,TURTLE20,13,
ETH,15m,20bar,1759363200000,1759365900000,1,4346.269079999999,4333.121532191737,4316.56202634912,,TRAIL,-0.6731014620961949,0.19096875602608357,-0.6178728591293317,False,-1.2357457182586633,TURTLE20,4,
ETH,15m,20bar,1759370400000,1759392900000,1,4391.52813,4366.61622653067,4355.013978280307,,TRAIL,-0.8888921884968245,0.15484006252102037,-0.8261670794060396,False,-1.6523341588120792,TURTLE20,26,
ETH,15m,20bar,1759410000000,1759410900000,1,4404.5307299999995,4378.887468049997,4379.763420734143,,SL,-1.320723736840528,0.22515481832665268,-1.2481498307710448,False,-2.4962996615420896,TURTLE20,2,
ETH,15m,20bar,1759420800000,1759463100000,1,4435.866996,4489.811606297106,4391.037864130936,,TRAIL,1.1182677669366867,0.1232532912849445,1.0838756208272546,False,2.1677512416545097,TURTLE20,48,
ETH,15m,20bar,1759476600000,1759482900000,-1,4452.329356,4473.041516318012,4482.681342322168,,TRAIL,-0.9052958007398009,0.18598186446061948,-0.858836142212024,False,-1.7176722844240477,TURTLE20,8,
ETH,15m,20bar,1759488300000,1759496400000,1,4490.097839999999,4461.667724640999,4462.560236688337,,SL,-1.2716315113960728,0.2020642290051597,-1.2274552115241497,False,-2.4549104230482994,TURTLE20,10,
ETH,15m,20bar,1759507200000,1759509900000,1,4533.466512,4521.983334150293,4488.4227795433235,,TRAIL,-0.3795210253190481,0.12189557735606632,-0.3755560837163757,False,-0.7511121674327514,TURTLE20,4,
ETH,15m,20bar,1759540500000,1759554900000,-1,4489.911838000001,4508.985032516195,4520.021425433242,,TRAIL,-0.8151936714575038,0.1798549554467055,-0.8127820646086108,False,-1.6255641292172218,TURTLE20,17,
ETH,15m,20bar,1759559400000,1759566600000,1,4509.771774,4486.268124813394,4487.165557924979,,SL,-1.2614151497935007,0.23558286101264747,-1.2784657560549988,False,-2.5569315121099976,TURTLE20,9,
ETH,15m,20bar,1759590000000,1759597200000,-1,4468.166188,4474.7372080353225,4491.603126039669,,TRAIL,-0.48967232534007565,0.22011458087889552,-0.5093140602556183,False,-1.0186281205112366,TURTLE20,9,
ETH,15m,20bar,1759609800000,1759634100000,1,4483.806582,4541.5308705698435,4463.142022208813,,TRAIL,2.408930871886643,0.24938016287839163,2.5313428704447887,False,5.0626857408895765,TURTLE20,28,
ETH,15m,20bar,1759651200000,1759656600000,1,4604.87079,4567.80862802961,4568.722372504111,,SL,-1.1773160435665306,0.1522229162649749,-1.1775278855858176,False,-2.355055771171635,TURTLE20,7,
ETH,15m,20bar,1759659300000,1759709700000,-1,4536.882442,4530.449102587455,4574.796986873251,,TRAIL,0.02556754300355596,0.1400865766946653,0.026188906898715756,False,0.05237781379743152,TURTLE20,57,
ETH,15m,20bar,1759732200000,1759735800000,1,4560.181854,4529.840404535592,4529.833488104754,,TRAIL,-1.152104063177348,0.1755415477860655,-1.1794856745528064,False,-2.3589713491056123,TURTLE20,5,
ETH,15m,20bar,1759750200000,1759782600000,1,4586.847186,4689.942841388709,4557.902076530497,,TRAIL,3.2136053927606576,0.18340246337609573,3.3694666615454993,False,6.738933323091,TURTLE20,37,
ETH,15m,20bar,1759812300000,1759817700000,1,4705.560923999999,4684.068558622493,4676.0453952309235,,TRAIL,-0.9356032510352246,0.1943136814157494,-0.9190464883522875,False,-1.8380929767045755,TURTLE20,7,
ETH,15m,20bar,1759824900000,1759831200000,-1,4651.11959,4684.489903350422,4683.553192711879,,SL,-1.2007460146514526,0.1725821853371115,-1.201583413123542,False,-2.4031668262470838,TURTLE20,8,
ETH,15m,20bar,1759842000000,1759843800000,1,4747.159242,4714.03912794771,4714.982124372585,,SL,-1.1759316872777894,0.17206130626508775,-1.2057274216881093,False,-2.4114548433762186,TURTLE20,3,
ETH,15m,20bar,1759846500000,1759912200000,-1,4652.829248,4489.402958548335,4704.968989630224,,TRAIL,2.8830864849186417,0.10013050863137249,3.029185515491345,False,6.058371030982691,TURTLE20,74,
ETH,15m,20bar,1759921200000,1759927500000,1,4498.469513999999,4466.9897606682125,4467.883337335679,,SL,-1.2164533183448474,0.17753147076805453,-1.2050878179744835,False,-2.4101756359489674,TURTLE20,8,
ETH,15m,20bar,1759931100000,1759932000000,-1,4454.25897,4486.830451127176,4485.933264474282,,SL,-1.1798516851165215,0.1668460872175641,-1.1976947051071871,False,-2.3953894102143747,TURTLE20,2,
ETH,15m,20bar,1759944600000,1759972500000,1,4538.127444,4492.103993849078,4493.002594367951,,SL,-1.0961001275065176,0.11544788588645882,-1.139983610651108,False,-2.279967221302216,TURTLE20,32,
ETH,15m,20bar,1759974300000,1759981500000,-1,4461.427536,4449.563772500208,4492.87726992342,,TRAIL,0.194705048818211,0.15973332043672328,0.20722492376442567,False,0.41444984752885133,TURTLE20,9,
ETH,15m,20bar,1759997700000,1760008500000,-1,4401.46953,4370.385803338386,4435.450666385335,,TRAIL,0.7169025015469064,0.14612894556577466,0.7598513825086425,False,1.519702765017285,TURTLE20,13,
ETH,15m,20bar,1760021100000,1760033700000,-1,4316.196588000001,4339.381627522907,4365.975913302008,,TRAIL,-0.5460349833332786,0.09992636856807338,-0.5700837904099803,False,-1.1401675808199605,TURTLE20,15,
ETH,15m,20bar,1760044500000,1760070600000,1,4354.460718,4331.940195426753,4315.003999419643,,TRAIL,-0.6655298808354884,0.12507537146074793,-0.7028552834373101,False,-1.4057105668746204,TURTLE20,30,
ETH,15m,20bar,1760102100000,1760103900000,1,4353.6405540000005,4346.368753688936,4326.680630646312,,TRAIL,-0.4325735700653295,0.18076141034807228,-0.46334723329134014,False,-0.9266944665826804,TURTLE20,3,
ETH,15m,20bar,1760108400000,1760111100000,-1,4278.374154,4136.847204000001,4320.199138198327,,TRAIL,3.0181188807662296,0.111658314839291,3.263069187020947,False,6.526138374041894,TURTLE20,4,
ETH,15m,20bar,1760122800000,1760130900000,-1,4050.78968,3725.304912,4109.888657872077,,TRAIL,5.348678642017573,0.07778557374807187,5.42850524317411,False,10.85701048634822,TURTLE20,10,
ETH,15m,20bar,1760178600000,1760181300000,1,3852.380322,3790.197182692389,3790.9553737671426,,SL,-1.1872917104647613,0.08154093920915928,-1.0869962080767415,False,-2.173992416153483,TURTLE20,4,
ETH,15m,20bar,1760210100000,1760217300000,-1,3781.873474,3705.878877604351,3824.9434249762257,,TRAIL,1.7738921604622195,0.11145821444861295,1.6601352767769764,False,3.3202705535539527,TURTLE20,9,
ETH,15m,20bar,1760239800000,1760283000000,1,3780.816012,3989.45513802681,3722.506478201517,,TRAIL,3.8619871455038663,0.08827081296117133,3.498175170491603,False,6.996350340983207,TURTLE20,49,
ETH,15m,20bar,1760285700000,1760354100000,1,4081.736184,4094.3940618769648,3999.861882079176,,TRAIL,0.11184474364742969,0.07077659683396817,0.0946841627661777,False,0.18936832553235539,TURTLE20,77,
ETH,15m,20bar,1760378400000,1760408100000,1,4233.906612000001,4184.879563474977,4164.743920105137,,TRAIL,-0.9253609715803487,0.08643481663284179,-0.7819001653740489,False,-1.5638003307480979,TURTLE20,34,
ETH,15m,20bar,1760409900000,1760439600000,-1,4180.103811999999,3950.616225413532,4221.999604606312,,TRAIL,6.245565311016264,0.13565148700503482,5.361138686995012,False,10.722277373990025,TURTLE20,34,
ETH,15m,20bar,1760456700000,1760461200000,1,4021.0740539999997,4049.295081658767,3945.9824404665583,,TRAIL,0.40158789746105616,0.08317693936127493,0.3113371131246314,False,0.6226742262492628,TURTLE20,6,
ETH,15m,20bar,1760499900000,1760505300000,-1,4074.3749620000003,4123.342244311904,4122.517740763752,,SL,-1.4527459259108637,0.1326046050709465,-1.1192937761262798,False,-2.23858755225256,TURTLE20,7,
ETH,15m,20bar,1760516100000,1760519700000,1,4136.597154,4149.878117412639,4094.194181144176,,TRAIL,0.24863919322323408,0.14877769573539812,0.19595508734830608,False,0.3919101746966121,TURTLE20,5,
ETH,15m,20bar,1760531400000,1760536800000,-1,4076.024632,4087.28231332358,4122.831948876968,,TRAIL,-0.4396659855959082,0.13329547071473713,-0.3451525652119482,False,-0.6903051304238964,TURTLE20,7,
ETH,15m,20bar,1760540400000,1760580000000,-1,4006.59852,4021.501975593285,4069.9244096392495,,TRAIL,-0.39394534931990005,0.09622461034549849,-0.3114100094445135,False,-0.622820018889027,TURTLE20,45,
ETH,15m,20bar,1760598000000,1760599800000,1,4040.337906,3999.4975554451426,4000.2976149681363,,SL,-1.4337360318073782,0.1514576675867267,-1.1404575405155164,False,-2.280915081031033,TURTLE20,3,
ETH,15m,20bar,1760609700000,1760622300000,1,4056.921222,4006.1950813000794,4006.322091261545,,TRAIL,-1.3490250022084957,0.11745745558531881,-1.0981218386756326,False,-2.1962436773512652,TURTLE20,15,
ETH,15m,20bar,1760629500000,1760633100000,-1,3950.40976,3950.7085673928,4013.8627893062203,,TRAIL,-0.09542413497610304,0.0897661214318177,-0.07942061150328661,False,-0.15884122300657322,TURTLE20,5,
ETH,15m,20bar,1760647500000,1760660100000,-1,3843.68111,3911.749487941195,3910.9672944822987,,SL,-1.2964995141315852,0.08295945344770086,-1.080781097330494,False,-2.161562194660988,TURTLE20,15,
ETH,15m,20bar,1760661900000,1760681700000,1,3918.673578,3881.4153980262004,3874.4993025071713,,TRAIL,-1.1142555970554768,0.12434419053252815,-0.9493813512849489,False,-1.8987627025698979,TURTLE20,23,
ETH,15m,20bar,1760683500000,1760693400000,-1,3826.604526,3755.684201645608,3866.7653022397385,,TRAIL,1.902806189705929,0.1304271734556888,1.6526311822661388,False,3.3052623645322776,TURTLE20,12,
ETH,15m,20bar,1760697000000,1760698800000,-1,3684.1030320000004,3744.241825875761,3743.4931272503113,,SL,-1.2936932803252725,0.08926276670282962,-1.0876527562084986,False,-2.1753055124169967,TURTLE20,3,
ETH,15m,20bar,1760717700000,1760920200000,1,3820.0938659999997,3916.432183854468,3745.0492780701725,,TRAIL,1.4217475115278089,0.07197263835268618,1.2218922743676013,False,2.443784548735202,TURTLE20,226,
ETH,15m,20bar,1760936400000,1760957100000,1,4052.940426,4017.882255454342,4009.869141900935,,TRAIL,-1.1042501753889955,0.1340159250534812,-0.9263866863768935,False,-1.8527733727537872,TURTLE20,24,
ETH,15m,20bar,1760976000000,1760986800000,-1,4001.859468,3976.007495357296,4038.793714917432,,TRAIL,0.6672531371014221,0.15162192148233852,0.5703447131812734,False,1.1406894263625469,TURTLE20,13,
ETH,15m,20bar,1761009300000,1761027300000,-1,3954.818878,3881.095479457955,3983.3794417944837,,TRAIL,2.8595581506352854,0.19478399485434775,2.416683733004663,False,4.833367466009326,TURTLE20,21,
ETH,15m,20bar,1761049800000,1761051600000,1,3903.63057,3871.273686209755,3872.048095828921,,SL,-1.4540868267184177,0.18322249831080012,-1.1722269174804882,False,-2.3444538349609765,TURTLE20,3,
ETH,15m,20bar,1761056100000,1761065100000,1,3925.8650159999997,4041.0124828440385,3881.109964788563,,TRAIL,2.9872672803953266,0.12938171240628504,2.4660309251646706,False,4.932061850329342,TURTLE20,11,
ETH,15m,20bar,1761078600000,1761138000000,-1,3948.900062,3860.9272746332613,4009.518098357218,,TRAIL,1.7464596521722549,0.0982595088557202,1.3739622061320933,False,2.747924412264187,TURTLE20,67,
ETH,15m,20bar,1761141600000,1761142500000,1,3871.42413,3825.9581622322235,3826.72350693361,,SL,-1.4633415415888569,0.13493902187774015,-1.120440694276903,False,-2.240881388553806,TURTLE20,2,
ETH,15m,20bar,1761167700000,1761174900000,-1,3740.121826,3798.9691010940883,3798.209459202248,,SL,-1.39289741121717,0.09942615740631314,-1.0909504511864394,False,-2.181900902372879,TURTLE20,9,
ETH,15m,20bar,1761182100000,1761224400000,1,3826.545156,3832.5249865808582,3779.4435008258815,,TRAIL,0.03670752782811035,0.12184969667785181,0.02939150418794545,False,0.0587830083758909,TURTLE20,48,
ETH,15m,20bar,1761228900000,1761229800000,-1,3812.867274,3851.5772168715594,3850.8070554604674,,SL,-1.4264874531529235,0.1514696594209464,-1.1415091995511062,False,-2.2830183991022124,TURTLE20,2,
ETH,15m,20bar,1761238800000,1761244200000,1,3917.413326,3870.687673572608,3871.4619659658015,,SL,-1.3658744110884646,0.12417753635019806,-1.1185417143014522,False,-2.2370834286029044,TURTLE20,7,
ETH,15m,20bar,1761250500000,1761273000000,-1,3839.4019660000004,3885.047980695911,3884.3603901635493,,TRAIL,-1.3351277899033345,0.12306667486112902,-1.118381829421301,False,-2.236763658842602,TURTLE20,26,
ETH,15m,20bar,1761279300000,1761291000000,1,3898.039452,3948.0480726480496,3872.0594838560905,,TRAIL,2.0350597858561374,0.2114823305861593,1.7436883633700824,False,3.4873767267401647,TURTLE20,14,
ETH,15m,20bar,1761309900000,1761312600000,1,3976.4551319999996,3937.4667834723678,3938.2544343592394,,SL,-1.3828351668847843,0.1501299702049299,-1.1449189249949292,False,-2.2898378499898584,TURTLE20,4,
ETH,15m,20bar,1761316200000,1761333300000,-1,3902.3893660000003,3935.069229639465,3949.1882531267997,,TRAIL,-0.942684483956411,0.11858408301167628,-0.7987869176367971,False,-1.597573835273594,TURTLE20,20,
ETH,15m,20bar,1761337800000,1761495300000,1,3938.4475319999997,4045.592797972706,3903.7086378693743,,TRAIL,3.4216345606755625,0.16013977171879334,2.9464047240492612,False,5.8928094480985225,TURTLE20,176,
ETH,15m,20bar,1761516900000,1761552000000,1,4132.646363999999,4192.911527460198,4093.2653410474686,,TRAIL,1.7258729348065869,0.15598588267873298,1.4034635106341582,False,2.806927021268317,TURTLE20,40,
ETH,15m,20bar,1761553800000,1761572700000,-1,4158.41815,4185.026563493502,4197.703441735523,,TRAIL,-1.0173868855554944,0.16110044154798253,-0.8047408820184789,False,-1.6094817640369579,TURTLE20,22,
ETH,15m,20bar,1761583500000,1761595200000,1,4203.54054,4168.382210408578,4161.77622455335,,TRAIL,-1.1967513201835693,0.14960786107024815,-0.9621008464270205,False,-1.9242016928540413,TURTLE20,14,
ETH,15m,20bar,1761597900000,1761639300000,-1,4137.782278,4129.219672700373,4180.829662735208,,TRAIL,0.1020917927773185,0.14057163268240078,0.08368462222189071,False,0.1673692444437814,TURTLE20,47,
ETH,15m,20bar,1761641100000,1761642900000,1,4132.526339999999,4101.938996911223,4102.759548820986,,SL,-1.4585134888904472,0.20282714308171473,-1.1935455883458579,False,-2.3870911766917158,TURTLE20,3,
ETH,15m,20bar,1761658200000,1761661800000,1,4139.697774,4129.719806521513,4110.909294591865,,TRAIL,-0.6190125588191114,0.20558249858650252,-0.5189443254365659,False,-1.0378886508731315,TURTLE20,5,
ETH,15m,20bar,1761679800000,1761701400000,-1,4051.869464,4000.3508841123903,4099.027346481882,,TRAIL,1.1686692618095895,0.12093729501781886,0.9900200183220405,False,1.9800400366440807,TURTLE20,25,
ETH,15m,20bar,1761712200000,1761728400000,1,4008.181476,3989.0347214254375,3978.2039403337485,,TRAIL,-0.9615752250993512,0.19268902638483704,-0.7987676025009339,False,-1.5975352050018679,TURTLE20,19,
ETH,15m,20bar,1761752700000,1761759000000,-1,3955.688704,3976.6795921867756,3990.664650947103,,TRAIL,-0.8721310854225709,0.16119569504040956,-0.7362290777553998,False,-1.4724581555107996,TURTLE20,8,
ETH,15m,20bar,1761763500000,1761763500000,-1,3859.9678519999998,3925.2017778118757,3924.416894432989,,SL,-1.26595535536585,0.0845920031085302,-1.084655798609376,False,-2.169311597218752,TURTLE20,1,
ETH,15m,20bar,1761798600000,1761798600000,-1,3852.909264,3897.2309599460273,3896.451669612105,,SL,-1.2842069883780538,0.12194105527912895,-1.1246916515513057,False,-2.249383303102611,TURTLE20,1,
ETH,15m,20bar,1761826500000,1761856200000,-1,3870.9156620000003,3730.275421856306,3906.5082193666167,,TRAIL,4.267314545043711,0.14301934029028235,3.823257882026082,False,7.646515764052165,TURTLE20,34,
ETH,15m,20bar,1761865200000,1761929100000,1,3781.846218,3820.489133296394,3738.919890433322,,TRAIL,0.9539292943832445,0.12767197570698913,0.7939536414494579,False,1.587907282898916,TURTLE20,72,
ETH,15m,20bar,1761939900000,1761944400000,1,3891.42813,3843.025894791997,3843.7946537227413,,SL,-1.3591835196055175,0.11891364461072233,-1.113563648265624,False,-2.227127296531248,TURTLE20,6,
ETH,15m,20bar,1761987600000,1762003800000,1,3880.295904,3861.50488096273,3862.277336430016,,SL,-1.5521960542110826,0.30764822215463605,-1.300664074279027,False,-2.601328148558054,TURTLE20,19,
ETH,15m,20bar,1762010100000,1762016400000,1,3891.8382119999997,3875.595923879543,3871.0815269058603,,TRAIL,-1.1705227687162754,0.26097884111818465,-1.0070369380843878,False,-2.014073876168775,TURTLE20,8,
ETH,15m,20bar,1762058700000,1762073100000,1,3891.62817,3892.066015025758,3875.7747225728904,,TRAIL,-0.30405925698166003,0.3355146322172179,-0.26696852559779066,False,-0.5339370511955814,TURTLE20,17,
ETH,15m,20bar,1762076700000,1762083000000,-1,3874.834878,3883.2083851519933,3895.938588928323,,TRAIL,-0.6993637530029124,0.24987206913034082,-0.6173479704178224,False,-1.2346959408356448,TURTLE20,8,
ETH,15m,20bar,1762093800000,1762096500000,-1,3839.68191,3864.74581783544,3863.973023230794,,SL,-1.3673825166647657,0.2129225788824901,-1.2221162607939626,False,-2.444232521587925,TURTLE20,4,
ETH,15m,20bar,1762125300000,1762130700000,1,3879.57576,3880.303237760526,3857.4509716946577,,TRAIL,-0.19380836419542072,0.22969816494211995,-0.17755874469462837,False,-0.3551174893892568,TURTLE20,7,
ETH,15m,20bar,1762137000000,1762146000000,-1,3810.2677940000003,3762.434086614745,3842.94242460976,,TRAIL,1.4409974558626324,0.15124355372107168,1.3248837232135662,False,2.6497674464271324,TURTLE20,11,
ETH,15m,20bar,1762152300000,1762168500000,-1,3706.5185480000005,3720.3536861111324,3747.583509470313,,TRAIL,-0.4972967913097764,0.1211516135592191,-0.44542258891005243,False,-0.890845177820105,TURTLE20,19,
ETH,15m,20bar,1762183800000,1762190100000,-1,3632.453364,3637.691417100238,3683.1059143270136,,TRAIL,-0.20971690518452982,0.09529062713722511,-0.18952925187221367,False,-0.3790585037444274,TURTLE20,8,
ETH,15m,20bar,1762234200000,1762236900000,-1,3559.507956,3542.8874386502334,3603.545148699395,,TRAIL,0.30936726326433217,0.10667049355350358,0.2806509533280496,False,0.5613019066560992,TURTLE20,4,
ETH,15m,20bar,1762244100000,1762256700000,-1,3467.5363540000003,3524.07212640046,3523.367452909878,,SL,-1.205788395601072,0.08328962289142161,-1.0877582328574855,False,-2.1755164657149706,TURTLE20,15,
ETH,15m,20bar,1762268400000,1762271100000,1,3554.9508479999995,3513.324974231536,3506.993111562301,,TRAIL,-1.0371138200130177,0.09589420143460922,-0.9564012538704204,False,-1.912802507740841,TURTLE20,4,
ETH,15m,20bar,1762275600000,1762288200000,-1,3426.8644900000004,3215.098078223402,3488.3756434323523,,TRAIL,3.5929490750956976,0.06891161279536487,3.3779440417123108,False,6.75588808342462,TURTLE20,15,
ETH,15m,20bar,1762292700000,1762292700000,-1,3105.188838,3201.056677971825,3200.4165946528947,,SL,-1.1882590093660188,0.045117914851471395,-1.0464552645573566,False,-2.092910529114713,TURTLE20,1,
ETH,15m,20bar,1762311600000,1762432200000,1,3323.974662,3351.0529969352892,3239.419982181287,,TRAIL,0.3033730498212068,0.05265883654960545,0.2728804412647217,False,0.5457608825294433,TURTLE20,135,
ETH,15m,20bar,1762440300000,1762449300000,-1,3334.8628940000003,3308.3390581999674,3377.432726793926,,TRAIL,0.5918070562114486,0.10466346658730291,0.5294339476928464,False,1.0588678953856927,TURTLE20,11,
ETH,15m,20bar,1762484400000,1762507800000,1,3345.7190100000003,3294.1607686643515,3294.8197326108734,,SL,-1.2326903695415532,0.08841839606423177,-1.0912172441707946,False,-2.182434488341589,TURTLE20,27,
ETH,15m,20bar,1762511400000,1762521300000,-1,3276.504568,3246.7998032580663,3310.724771352539,,TRAIL,0.8328016157391224,0.12638511841721764,0.7536712115202848,False,1.5073424230405696,TURTLE20,12,
ETH,15m,20bar,1762528500000,1762603200000,1,3311.6822039999997,3398.610340499596,3253.8641083860075,,TRAIL,1.6082668516167222,0.07810629039883195,1.433841085434062,False,2.8676821708681235,TURTLE20,84,
ETH,15m,20bar,1762611300000,1762627500000,-1,3378.614142,3402.4798042936904,3410.4673996772854,,TRAIL,-1.011859638009022,0.14737818413878606,-0.8769689726707776,False,-1.7539379453415553,TURTLE20,19,
ETH,15m,20bar,1762638300000,1762647300000,1,3407.7314100000003,3381.502476869997,3382.1789126525273,,SL,-1.344299149858174,0.1807131953181651,-1.185890875950807,False,-2.371781751901614,TURTLE20,11,
ETH,15m,20bar,1762657200000,1762665300000,-1,3365.216822,3391.5440342067964,3390.8658610345897,,SL,-1.3108752600477172,0.17492233242671396,-1.1844992975974298,False,-2.3689985951948596,TURTLE20,10,
ETH,15m,20bar,1762670700000,1762682400000,1,3413.562576,3395.599481864829,3388.570070239916,,TRAIL,-0.9532028921024585,0.17662388106701807,-0.8822081139660464,False,-1.7644162279320925,TURTLE20,14,
ETH,15m,20bar,1762691400000,1762699500000,1,3447.219306,3521.225614,3420.153289333005,,TRAIL,2.7382382489328325,0.16396302078563815,2.579812238612358,False,5.159624477224716,TURTLE20,10,
ETH,15m,20bar,1762718400000,1762731000000,1,3578.9356439999997,3570.1154820431852,3545.008625268249,,TRAIL,-0.43129622657842637,0.1411192030474873,-0.3864056767290248,False,-0.7728113534580495,TURTLE20,15,
ETH,15m,20bar,1762735500000,1762752600000,1,3629.495754,3593.1685706817557,3586.885465747344,,TRAIL,-1.0568761587889317,0.11264114513116479,-0.9542479898741155,False,-1.9084959797482315,TURTLE20,20,
ETH,15m,20bar,1762785900000,1762796700000,-1,3579.963864,3553.4903930987607,3611.3908021092716,,TRAIL,0.7672130456602566,0.14795965217499035,0.7061902839472556,False,1.4123805678945112,TURTLE20,13,
ETH,15m,20bar,1762807500000,1762809300000,1,3578.6055779999997,3536.406961289027,3537.11438416586,,SL,-1.233899408640381,0.11335905257885932,-1.1199394363126636,False,-2.239878872625327,TURTLE20,3,
ETH,15m,20bar,1762822800000,1762825500000,1,3584.6967959999997,3585.705073357552,3544.2769522004555,,TRAIL,-0.08777506016987408,0.11464287416730637,-0.0814937281894964,False,-0.16298745637899284,TURTLE20,4,
ETH,15m,20bar,1762839900000,1762862400000,-1,3545.330792,3587.5042620036666,3586.786904622742,,SL,-1.204939708086871,0.1110103271244455,-1.120538518862127,False,-2.2410770377242537,TURTLE20,26,
ETH,15m,20bar,1762866000000,1762868700000,-1,3538.662126,3572.2616030374816,3571.5472935787657,,SL,-1.2104438954549144,0.13638673918114508,-1.1514623175998158,False,-2.3029246351996315,TURTLE20,4,
ETH,15m,20bar,1762872300000,1762936200000,-1,3508.108238,3460.3862453841157,3545.836895107671,,TRAIL,1.1852296605827572,0.11381391460633697,1.1540536892578817,False,2.3081073785157633,TURTLE20,72,
ETH,15m,20bar,1762938900000,1762957800000,1,3486.167094,3542.245183155264,3456.577026443219,,TRAIL,1.8415428476872622,0.14974387609404177,1.7526503340843393,False,3.5053006681686787,TURTLE20,22,
ETH,15m,20bar,1762962300000,1762968600000,-1,3456.3985820000003,3446.725663072682,3507.079414326913,,TRAIL,0.1186895665992603,0.08887965112887125,0.10913483710364155,False,0.2182696742072831,TURTLE20,8,
ETH,15m,20bar,1762996500000,1763002800000,1,3443.948652,3402.1960157099943,3402.8765910282,,SL,-1.2169890022431058,0.10900511213455015,-1.1165819782484092,False,-2.2331639564968184,TURTLE20,8,
ETH,15m,20bar,1763012700000,1763027100000,1,3509.561772,3487.2530963540526,3458.7253977524324,,TRAIL,-0.555609614962682,0.08799635138760832,-0.5214133572523274,False,-1.0428267145046548,TURTLE20,17,
ETH,15m,20bar,1763040600000,1763045100000,-1,3466.15663,3448.3524558254016,3503.5444331040703,,TRAIL,0.38513372165037163,0.11700853357470478,0.36523859626340643,False,0.7304771925268129,TURTLE20,6,
ETH,15m,20bar,1763048700000,1763074800000,-1,3389.811902,3238.4323298730187,3446.5703966425676,,TRAIL,2.758481804651156,0.0744242826238172,2.597014359103689,False,5.194028718207377,TURTLE20,30,
ETH,15m,20bar,1763076600000,1763079300000,1,3252.75042,3194.1795724404774,3194.8185361477067,,SL,-1.20427365873865,0.07460594127615632,-1.077800364893796,False,-2.155600729787592,TURTLE20,4,
ETH,15m,20bar,1763095500000,1763102700000,-1,3150.079858,3210.5707732898986,3209.928787532392,,SL,-1.1746994326528242,0.06971387723543518,-1.0744938325733537,False,-2.1489876651467075,TURTLE20,9,
ETH,15m,20bar,1763124300000,1763125200000,-1,3081.173642,3140.9338470827565,3140.3057859255714,,SL,-1.1486655318210794,0.06753879215326641,-1.0737555813319442,False,-2.1475111626638883,TURTLE20,2,
ETH,15m,20bar,1763131500000,1763152200000,1,3200.259924,3140.422276413437,3123.491564405361,,TRAIL,-0.8678046606771155,0.05187582393933275,-0.8290141569112718,False,-1.6580283138225436,TURTLE20,24,
ETH,15m,20bar,1763162100000,1763173800000,-1,3118.9260900000004,3185.5577810958694,3184.920796936482,,SL,-1.0983764339632573,0.05900524613988482,-1.0669701357458703,False,-2.1339402714917406,TURTLE20,14,
ETH,15m,20bar,1763175600000,1763196300000,1,3192.428358,3143.5654727671686,3144.194311629494,,SL,-1.1000062740348446,0.07940417636446824,-1.091852861083925,False,-2.1837057221678497,TURTLE20,24,
ETH,15m,20bar,1763213400000,1763237700000,1,3177.3153359999997,3189.8133670910793,3150.8243437826877,,TRAIL,0.32281325160172614,0.14211466821852678,0.32757375782828846,False,0.6551475156565769,TURTLE20,28,
ETH,15m,20bar,1763243100000,1763259300000,-1,3155.728728,3172.5752538021725,3183.51707963728,,TRAIL,-0.736883715803068,0.13553580456302983,-0.7428835096342505,False,-1.485767019268501,TURTLE20,19,
ETH,15m,20bar,1763261100000,1763290800000,1,3189.28773,3199.256209231995,3157.2787884715885,,TRAIL,0.1873033108299599,0.11701971738444036,0.19167621844070812,False,0.3833524368814162,TURTLE20,34,
ETH,15m,20bar,1763292600000,1763316000000,-1,3171.385596,3078.5855939999997,3202.6747711328826,,TRAIL,2.791764758501858,0.1175639227242951,2.8460328183089816,False,5.692065636617963,TURTLE20,27,
ETH,15m,20bar,1763339400000,1763386200000,1,3121.0740899999996,3129.803235594227,3060.12811754854,,TRAIL,0.08469254845335816,0.06380115163987549,0.08168905997579612,False,0.1633781199515922,TURTLE20,53,
ETH,15m,20bar,1763396100000,1763452800000,-1,3077.3943980000004,3041.1356768923365,3141.706580575857,,TRAIL,0.5261982931854762,0.0592782490203092,0.50670964283153,False,1.01341928566306,TURTLE20,64,
ETH,15m,20bar,1763455500000,1763511300000,1,3057.581394,3090.315462813368,3005.3200435154567,,TRAIL,0.5829952757304708,0.07404002096535117,0.5557707642451857,False,1.1115415284903714,TURTLE20,63,
ETH,15m,20bar,1763527500000,1763533800000,-1,3057.968284,3039.091234571264,3089.977572770745,,TRAIL,0.5042836021820499,0.12121761369044645,0.4754499178845322,False,0.9508998357690643,TURTLE20,8,
ETH,15m,20bar,1763562600000,1763563500000,-1,3025.384802,3065.0660270969047,3064.453136469611,,SL,-1.1876791560489495,0.10015117724787748,-1.109223010980185,False,-2.21844602196037,TURTLE20,2,
ETH,15m,20bar,1763567100000,1763585100000,-1,3001.3696059999997,2955.7475039614155,3056.7028522482324,,TRAIL,0.7955997815894666,0.06762985207730668,0.7599017701577642,False,1.5198035403155283,TURTLE20,21,
ETH,15m,20bar,1763594100000,1763647200000,1,3016.393158,2981.6906460231876,2962.7071585763765,,TRAIL,-0.7583001572396397,0.07125095751337217,-0.7134329745265473,False,-1.4268659490530946,TURTLE20,60,
ETH,15m,20bar,1763654400000,1763673300000,-1,2953.9091,2867.8619240323483,3006.184287097208,,TRAIL,1.6545871760653565,0.07000955339780641,1.5792217672931272,False,3.158443534586255,TURTLE20,22,
ETH,15m,20bar,1763693100000,1763711100000,-1,2810.057876,2731.5461999999998,2860.8534406791114,,TRAIL,1.5998034269416974,0.07074769016303195,1.4801826503824487,False,2.9603653007648973,TURTLE20,21,
ETH,15m,20bar,1763728200000,1763728200000,-1,2637.512392,2695.7637205169326,2695.2246755818164,,SL,-1.1849067208514232,0.06170188726288059,-1.0647870846650156,False,-2.1295741693300307,TURTLE20,1,
ETH,15m,20bar,1763745300000,1763756100000,1,2783.596608,2710.324033603127,2710.866206844496,,SL,-1.1465934141662857,0.0493617462621311,-1.0527774570928572,False,-2.105554914185714,TURTLE20,13,
ETH,15m,20bar,1763807400000,1763810100000,-1,2708.80813,2737.7567172711465,2737.2092754160635,,SL,-1.20941059610357,0.12267865011798594,-1.1343389749797792,False,-2.2686779499595584,TURTLE20,4,
ETH,15m,20bar,1763821800000,1763879400000,1,2744.44878,2806.1355610407263,2715.0074932005964,,TRAIL,2.0653640800926225,0.11786852728145635,1.9821290704346364,False,3.9642581408692728,TURTLE20,65,
ETH,15m,20bar,1763882100000,1763887500000,-1,2801.68955,2813.4350941227267,2826.5462574099197,,TRAIL,-0.6587222740467368,0.14683033810588275,-0.6080700335704385,False,-1.216140067140877,TURTLE20,7,
ETH,15m,20bar,1763900100000,1763907300000,1,2827.26534,2822.8531099187558,2804.932736690764,,TRAIL,-0.373867829739584,0.1624441929406209,-0.3493681879876841,False,-0.6987363759753682,TURTLE20,9,
ETH,15m,20bar,1763917200000,1763926200000,-1,2798.380212,2829.116641556069,2828.5509313697953,,SL,-1.201497420163315,0.11892423336904902,-1.1306633842597156,False,-2.2613267685194316,TURTLE20,11,
ETH,15m,20bar,1763933400000,1763939700000,1,2838.207528,2810.831765411254,2811.394044220098,,SL,-1.1916871526624384,0.131289065142353,-1.1473774320908052,False,-2.2947548641816105,TURTLE20,8,
ETH,15m,20bar,1763943300000,1763949600000,-1,2778.034282,2808.249233386658,2808.8532475388793,,TRAIL,-1.1052606302673924,0.11036465220157815,-1.0891579554655861,False,-2.1783159109311723,TURTLE20,8,
ETH,15m,20bar,1763961300000,1763965800000,1,2878.915668,2831.508417058895,2832.0748320252997,,SL,-1.0772943681641718,0.07261125502803674,-1.0852390725818089,False,-2.170478145163618,TURTLE20,6,
ETH,15m,20bar,1763976600000,1763994600000,-1,2792.771334,2830.577946767616,2830.0119443787403,,SL,-1.0738781694674875,0.0879849553893217,-1.1057988018259282,False,-2.2115976036518563,TURTLE20,21,
ETH,15m,20bar,1764002700000,1764035100000,1,2863.532592,2924.3006602852565,2823.0415870268143,,TRAIL,1.3437770187933116,0.0814469742235227,1.4150147266492412,False,2.830029453298482,TURTLE20,37,
ETH,15m,20bar,1764036900000,1764072000000,-1,2916.046674,2907.7713311125563,2944.9474881035353,,TRAIL,0.16154726445659817,0.11806880797137838,0.16542966807954645,False,0.33085933615909285,TURTLE20,40,
ETH,15m,20bar,1764090900000,1764097200000,1,2947.48938,2904.957256712689,2905.5383643855657,,SL,-1.0753440900602669,0.08201003088183906,-1.097556056628497,False,-2.195112113256994,TURTLE20,8,
ETH,15m,20bar,1764111600000,1764128700000,1,2969.2537319999997,2926.969364138866,2927.5548751138886,,SL,-1.0530091792955638,0.08129845830522925,-1.0988814835852174,False,-2.197762967170435,TURTLE20,20,
ETH,15m,20bar,1764146700000,1764163800000,-1,2917.706342,2925.2791088688905,2943.0773801339174,,TRAIL,-0.4092371892832974,0.12950242691403635,-0.43666160134777343,False,-0.8733232026955468,TURTLE20,20,
ETH,15m,20bar,1764165600000,1764168300000,1,2933.056494,2909.8197281779494,2909.2529399342434,,TRAIL,-1.0437120524288068,0.13682226253256857,-1.123466331182395,False,-2.24693266236479,TURTLE20,4,
ETH,15m,20bar,1764178200000,1764245700000,1,2974.7748359999996,3014.5065746476907,2938.313942990878,,TRAIL,0.9000981798736318,0.08950549503944177,0.9911487848709934,False,1.982297569741987,TURTLE20,76,
ETH,15m,20bar,1764247500000,1764258300000,-1,3005.388802,3013.3047017038643,3023.999853226237,,TRAIL,-0.5736217028567652,0.17970426989609056,-0.619369409388129,False,-1.238738818776258,TURTLE20,13,
ETH,15m,20bar,1764269100000,1764282600000,1,3033.216522,3011.0120273298435,3011.6143501998836,,SL,-1.0937215978744315,0.1535525957647748,-1.1957608725070383,False,-2.391521745014077,TURTLE20,16,
ETH,15m,20bar,1764284400000,1764306000000,-1,3009.1080580000003,3023.037688318261,3029.106192025061,,TRAIL,-0.7834492265730073,0.1615785081176075,-0.8775277605430789,False,-1.755055521086158,TURTLE20,25,
ETH,15m,20bar,1764316800000,1764316800000,-1,2999.539972,3018.990165572384,3018.386488274729,,SL,-1.0732802174571825,0.1680624961359323,-1.2236379030882492,False,-2.4472758061764983,TURTLE20,1,
ETH,15m,20bar,1764320400000,1764327600000,1,3064.272732,3036.5269217519517,3037.134348621676,,SL,-0.9902213114866685,0.11541271178169593,-1.1572645872997769,False,-2.3145291745995538,TURTLE20,9,
ETH,15m,20bar,1764340200000,1764340200000,1,3091.0780919999997,3060.846884185095,3061.459176020299,,SL,-0.9572965948705062,0.1041652115959427,-1.1452938663881111,False,-2.2905877327762227,TURTLE20,1,
ETH,15m,20bar,1764350100000,1764357300000,-1,3016.006678,3053.4050059962046,3052.7944471067835,,SL,-0.9111074877281724,0.08084634209213117,-1.1155874901648972,False,-2.231174980329794,TURTLE20,9,
ETH,15m,20bar,1764387900000,1764391500000,-1,3020.3758040000002,3039.5578587754862,3038.9500687617337,,SL,-0.9809177766638542,0.1563053577328557,-1.2284747345779585,False,-2.4569494691559166,TURTLE20,5,
ETH,15m,20bar,1764397800000,1764429300000,-1,3012.967286,3012.459251595848,3031.18822789584,,TRAIL,-0.13282019153999453,0.15453645041264658,-0.1705302358224934,False,-0.3410604716449868,TURTLE20,36,
ETH,15m,20bar,1764438300000,1764441000000,-1,2982.563368,2987.976908482319,2999.992836472854,,TRAIL,-0.40062471729174504,0.1595363716919328,-0.5161296032761445,False,-1.0322592065522889,TURTLE20,4,
ETH,15m,20bar,1764465300000,1764470700000,1,3006.061092,2989.5918297243497,2990.1898676978894,,SL,-0.9712637076306339,0.1741205109161512,-1.2643419087724002,False,-2.5286838175448008,TURTLE20,7,
ETH,15m,20bar,1764506700000,1764513000000,1,3025.615002,3027.7905316060783,3010.036027393611,,TRAIL,-0.07000437245397477,0.17456678292475591,-0.09349227088978657,False,-0.1869845417795731,TURTLE20,8,
ETH,15m,20bar,1764537300000,1764550800000,-1,3018.936092,2856.0981132856905,3036.4439283216907,,TRAIL,6.800725699760307,0.15047550391571263,9.099522937266753,False,18.199045874533507,TURTLE20,16,
ETH,15m,20bar,1764558900000,1764623700000,-1,2823.9251019999997,2780.552397131267,2865.3277517147503,,TRAIL,0.8536723589978603,0.0717478430048971,0.9663637145184834,False,1.9327274290369665,TURTLE20,73,
ETH,15m,20bar,1764625500000,1764707400000,1,2794.95888,2975.1107146046265,2756.8751686312908,,TRAIL,4.177692269845562,0.0818572756920025,4.639510869548226,False,9.279021739096452,TURTLE20,92,
ETH,15m,20bar,1764728100000,1764770400000,1,3043.90866,3048.992140295258,3014.637514079694,,TRAIL,0.04799659125440495,0.12289569829591393,0.048776355355819624,False,0.09755271071163923,TURTLE20,48,
ETH,15m,20bar,1764773100000,1764773100000,1,3131.2861319999997,3088.3738669438735,3088.991665276929,,SL,-1.086268809950479,0.08690781864784215,-1.1028407418138415,False,-2.2056814836276835,TURTLE20,1,
ETH,15m,20bar,1764799200000,1764825300000,1,3163.242522,3181.947799772412,3125.504520332711,,TRAIL,0.38026991871205496,0.09717513148604259,0.39477881501769924,False,0.7895576300353985,TURTLE20,30,
ETH,15m,20bar,1764854100000,1764854100000,-1,3162.3574019999996,3188.219578843192,3187.5820624307057,,SL,-1.1420439536927662,0.14665361693074885,-1.176329929721363,False,-2.352659859442726,TURTLE20,1,
ETH,15m,20bar,1764860400000,1764860400000,-1,3142.181438,3174.834305632325,3174.1994657391774,,SL,-1.0790325672474919,0.11222321924975229,-1.138204931777005,False,-2.2764098635540098,TURTLE20,1,
ETH,15m,20bar,1764863100000,1764866700000,1,3213.412554,3171.257096736202,3171.8914750312083,,SL,-1.0260604648718872,0.08547410349897336,-1.1075400783492193,False,-2.2150801566984386,TURTLE20,5,
ETH,15m,20bar,1764875700000,1764881100000,-1,3087.7023360000003,3136.178208434153,3135.55109821451,,SL,-0.9884849077698169,0.07070126407810681,-1.0911504988728993,False,-2.1823009977457986,TURTLE20,7,
ETH,15m,20bar,1764898200000,1764923400000,1,3163.6426020000004,3144.981876355092,3133.077155836343,,TRAIL,-0.6507424236176008,0.10973824677194544,-0.7343553963432592,False,-1.4687107926865184,TURTLE20,29,
ETH,15m,20bar,1764926100000,1764929700000,-1,3140.1718400000004,3142.021967589207,3163.329666742445,,TRAIL,-0.2118714957641983,0.14211560737277693,-0.24265851611459632,False,-0.4853170322291927,TURTLE20,5,
ETH,15m,20bar,1764942300000,1764946800000,-1,3094.940888,3128.5081006706496,3127.8825241658164,,SL,-0.9838814028494145,0.09849209543607954,-1.132344546460624,False,-2.264689092921248,TURTLE20,6,
ETH,15m,20bar,1764951300000,1765030500000,-1,3058.758126,3054.528676688279,3106.6937990206898,,TRAIL,0.009946928065797125,0.06498047024299025,0.011713139604105742,False,0.023426279208211484,TURTLE20,89,
ETH,15m,20bar,1765091700000,1765104300000,-1,3036.162646,3042.5453178506796,3048.738084052329,,TRAIL,-0.6774710160968608,0.2463523970280996,-0.7975783099763867,False,-1.5951566199527731,TURTLE20,15,
ETH,15m,20bar,1765112400000,1765113300000,1,3048.269532,3033.877319121613,3034.4842159648056,,SL,-1.093930670525815,0.2212714004378628,-1.3087477242450718,False,-2.6174954484901436,TURTLE20,2,
ETH,15m,20bar,1765117800000,1765119600000,-1,2937.1424540000003,2970.2448715176324,2969.6509413293666,,SL,-0.9176027091597899,0.08874925883389706,-1.127300988866306,False,-2.254601977732612,TURTLE20,3,
ETH,15m,20bar,1765128600000,1765143900000,1,3103.9506659999997,3070.2563416926077,3052.1806579326167,,TRAIL,-0.5747660620770679,0.05693316435324071,-0.7224037605582326,False,-1.4448075211164653,TURTLE20,18,
ETH,15m,20bar,1765184400000,1765193400000,1,3142.72842,3141.091995113402,3117.54361016605,,TRAIL,-0.1683393330504988,0.1173888825118651,-0.21468167404534041,False,-0.42936334809068083,TURTLE20,11,
ETH,15m,20bar,1765205100000,1765205100000,1,3167.953464,3133.757864426136,3134.384741374411,,SL,-0.8832903368635092,0.08794210419434875,-1.1313098444195937,False,-2.262619688839187,TURTLE20,1,
ETH,15m,20bar,1765206900000,1765226700000,-1,3107.458384,3137.6127521305452,3148.933657325681,,TRAIL,-0.6237508097010758,0.06894170038016958,-0.8173884846042017,False,-1.6347769692084033,TURTLE20,23,
ETH,15m,20bar,1765283400000,1765287000000,1,3130.1259,3108.3181914469433,3108.939979442832,,SL,-0.9052758327935455,0.13261858401873772,-1.2060261879571843,False,-2.4120523759143686,TURTLE20,5,
ETH,15m,20bar,1765295100000,1765311300000,1,3213.352542,3331.352987191858,3169.8834439655243,,TRAIL,1.9223168584626193,0.06617304280720156,2.624246350450369,False,5.248492700900738,TURTLE20,19,
ETH,15m,20bar,1765317600000,1765359900000,-1,3299.859896,3348.0959664259613,3347.4264811297353,,SL,-0.8464697346342074,0.06465076400218134,-1.0979313272326854,False,-2.1958626544653708,TURTLE20,48,
ETH,15m,20bar,1765367100000,1765372500000,-1,3304.928882,3331.1491448357765,3330.4830482261314,,SL,-0.8911815218258877,0.11748826845212164,-1.1818781088225547,False,-2.3637562176451095,TURTLE20,7,
ETH,15m,20bar,1765383300000,1765392300000,1,3342.3883439999995,3378.9190979889377,3309.8185093304896,,TRAIL,0.7345903529243256,0.0911578356115326,0.9977935059697279,False,1.9955870119394556,TURTLE20,11,
ETH,15m,20bar,1765397700000,1765399500000,1,3441.6381899999997,3376.2807717138894,3376.956162946479,,SL,-0.8062377181905932,0.047490352472902085,-1.0736857335295547,False,-2.1473714670591093,TURTLE20,3,
ETH,15m,20bar,1765413000000,1765477800000,-1,3309.108046,3215.477514501996,3356.3949517886394,,TRAIL,1.3940757308367047,0.06083054531055309,1.8972647642184242,False,3.7945295284368483,TURTLE20,73,
ETH,15m,20bar,1765488600000,1765500300000,1,3257.491368,3209.745778149465,3210.387855720609,,SL,-0.8358868728758716,0.06282747925714205,-1.0960102472191315,False,-2.192020494438263,TURTLE20,14,
ETH,15m,20bar,1765539000000,1765554300000,-1,3231.183634,3116.051178717391,3252.1515016534345,,TRAIL,3.960428343331256,0.13548422347134526,5.30927208407593,False,10.61854416815186,TURTLE20,18,
ETH,15m,20bar,1765609200000,1765614600000,1,3092.438364,3114.438454876243,3081.717198308741,,TRAIL,1.4066090940537768,0.2866272554751657,1.7046620965682702,False,3.4093241931365403,TURTLE20,7,
ETH,15m,20bar,1765675800000,1765686600000,1,3125.27493,3109.029454859259,3109.6513851362865,,SL,-1.091546837620311,0.20429347239372764,-1.2792268301462748,False,-2.5584536602925496,TURTLE20,13,
ETH,15m,20bar,1765707300000,1765707300000,-1,3096.7205320000003,3109.1710219021484,3108.5493120397405,,SL,-1.1368865618592727,0.26173057544498113,-1.367345134506833,False,-2.734690269013666,TURTLE20,1,
ETH,15m,20bar,1765711800000,1765712700000,-1,3091.83151,3082.876153734031,3106.095124568876,,TRAIL,0.29769438619117594,0.2100559628081021,0.3681066704638516,False,0.7362133409277032,TURTLE20,2,
ETH,15m,20bar,1765763100000,1765809000000,1,3106.381152,3117.1619970811503,3067.357051535218,,TRAIL,0.14710811945328608,0.07795404108702142,0.1805735201522781,False,0.3611470403045562,TURTLE20,52,
ETH,15m,20bar,1765810800000,1765825200000,-1,3046.430592,2950.9286325770076,3084.6286607673755,,TRAIL,1.9671571146013882,0.07702258717112934,2.4059735702329896,False,4.811947140465979,TURTLE20,17,
ETH,15m,20bar,1765840500000,1765854000000,1,2967.44337,2932.2402945039626,2932.8268598759378,,SL,-0.9591083408390222,0.08763057850962933,-1.1192025295412344,False,-2.2384050590824693,TURTLE20,16,
ETH,15m,20bar,1765859400000,1765861200000,-1,2919.26603,2924.9188598777273,2950.815714186997,,TRAIL,-0.2432184216584825,0.0931123835672455,-0.29031481764970835,False,-0.5806296352994168,TURTLE20,3,
ETH,15m,20bar,1765881900000,1765891800000,1,2954.510784,2934.483282101729,2927.798973480129,,TRAIL,-0.734660671470065,0.11017607918421839,-0.8820404861888631,False,-1.764080972377726,TURTLE20,12,
ETH,15m,20bar,1765893600000,1765894500000,-1,2908.648154,2938.542570444997,2943.9910703021446,,TRAIL,-0.7733002956215234,0.08122032295008967,-0.9451039805008046,False,-1.8902079610016091,TURTLE20,2,
ETH,15m,20bar,1765946700000,1765956600000,-1,2929.144054,2946.6220527196933,2950.9615870541556,,TRAIL,-0.7727982092706573,0.12971525286191787,-0.9626871347732388,False,-1.9253742695464777,TURTLE20,12,
ETH,15m,20bar,1765980000000,1765982700000,1,2943.748632,2921.2067941245805,2921.7911523550515,,SL,-0.9344219647268779,0.1261743499405375,-1.1868762513957172,False,-2.373752502791434,TURTLE20,4,
ETH,15m,20bar,1765984500000,1765985400000,1,3019.6538100000002,2975.5846564716503,2976.1798924501404,,SL,-0.8427268452964236,0.06359648757076014,-1.0964343517826523,False,-2.1928687035653045,TURTLE20,2,
ETH,15m,20bar,1765988100000,1766062800000,-1,2875.854714,2877.7847149603376,2934.7557801673966,,TRAIL,-0.06869263102854091,0.04406009735125699,-0.09137669261227846,False,-0.1827533852245569,TURTLE20,84,
ETH,15m,20bar,1766065500000,1766066400000,1,2937.127308,2935.1572655305686,2908.431179530889,,TRAIL,-0.14364789358126762,0.0921330265944813,-0.1914339496863847,False,-0.3828678993727694,TURTLE20,2,
ETH,15m,20bar,1766079000000,1766113200000,-1,2821.125662,2870.9349477284945,2885.280078918848,,TRAIL,-0.6201539941303559,0.03979317032512482,-0.8296314525258268,False,-1.6592629050516536,TURTLE20,39,
ETH,15m,20bar,1766115000000,1766158200000,1,2910.6620159999998,2956.9889070526892,2870.4075821479632,,TRAIL,0.7817029821174425,0.06429091284863811,1.0633934303038708,False,2.1267868606077416,TURTLE20,49,
ETH,15m,20bar,1766167200000,1766171700000,-1,2937.642354,2984.303832955999,2983.7070915376917,,SL,-0.8183691966756106,0.05790746722725203,-1.0900886307467956,False,-2.180177261493591,TURTLE20,6,
ETH,15m,20bar,1766232900000,1766235600000,1,2989.887858,2978.9740780875118,2979.569992085929,,SL,-1.0316813602785935,0.25489847650031794,-1.4048541815583069,False,-2.8097083631166133,TURTLE20,4,
ETH,15m,20bar,1766237400000,1766262600000,-1,2969.975886,2982.326326592144,2981.729980596025,,SL,-0.9668092602595428,0.2168624016028285,-1.354576636220364,False,-2.7091532724407283,TURTLE20,29,
ETH,15m,20bar,1766281500000,1766282400000,-1,2964.446992,2973.7602411606667,2973.165608039059,,SL,-1.0255302419971115,0.2837711576619847,-1.4768597955086935,False,-2.953719591017387,TURTLE20,2,
ETH,15m,20bar,1766304000000,1766307600000,1,2980.04589,2986.7271688759874,2972.720847819672,,TRAIL,0.28530530701542006,0.32935839607377465,0.4233716290386596,False,0.8467432580773192,TURTLE20,5,
ETH,15m,20bar,1766322900000,1766325600000,-1,2969.95589,2969.831853508914,2987.7510008710337,,TRAIL,-0.13136722766758815,0.136104177112069,-0.1933023165715874,False,-0.38660463314317484,TURTLE20,4,
ETH,15m,20bar,1766344500000,1766362500000,1,2988.607602,3014.8722133156657,2969.213929626011,,TRAIL,0.7910718507177589,0.1257366745673177,1.168552453060507,False,2.3371049061210143,TURTLE20,21,
ETH,15m,20bar,1766392200000,1766393100000,1,3050.2499279999997,3026.906227304283,3027.511729650213,,SL,-0.8223327561084876,0.11109549335545943,-1.18698913492204,False,-2.37397826984408,TURTLE20,2,
ETH,15m,20bar,1766430000000,1766443500000,-1,3013.6671460000002,3007.242305459331,3043.1485667122843,,TRAIL,0.06451770116588179,0.08287649511616199,0.09539210804117605,False,0.1907842160823521,TURTLE20,16,
ETH,15m,20bar,1766449800000,1766457000000,1,3018.813642,2998.1319063810793,2995.1966880281093,,TRAIL,-0.6969985401658769,0.1035851890022439,-1.0285790020534396,False,-2.0571580041068795,TURTLE20,9,
ETH,15m,20bar,1766471400000,1766505600000,-1,2951.65955,2936.235911638815,2975.600615417375,,TRAIL,0.32963871244180076,0.09793429102922732,0.4966738479220568,False,0.9933476958441138,TURTLE20,39,
ETH,15m,20bar,1766522700000,1766541600000,1,2978.79564,2946.445243933921,2947.0346508640937,,SL,-0.7577520762168597,0.07502792338959324,-1.1304918887380604,False,-2.260983777476121,TURTLE20,22,
ETH,15m,20bar,1766543400000,1766548800000,-1,2944.0110799999998,2954.408542499736,2966.9916689254387,,TRAIL,-0.3973019141818798,0.10089122835403193,-0.6064472202367481,False,-1.2128944404734963,TURTLE20,7,
ETH,15m,20bar,1766587500000,1766590200000,-1,2907.748334,2928.9887197968324,2928.4030391889946,,SL,-0.7752668671205089,0.10973124006858274,-1.1979075858363624,False,-2.3958151716727247,TURTLE20,4,
ETH,15m,20bar,1766594700000,1766650500000,1,2943.648612,2922.5659242595593,2917.463745654205,,TRAIL,-0.5935041384898949,0.0849092838475298,-0.9395662417099712,False,-1.8791324834199423,TURTLE20,63,
ETH,15m,20bar,1766676600000,1766681100000,1,2949.349752,2945.9761994749774,2934.0570357866723,,TRAIL,-0.2800903588143969,0.14336137895585563,-0.4518980146826225,False,-0.903796029365245,TURTLE20,6,
ETH,15m,20bar,1766700900000,1766708100000,-1,2938.452192,2909.6515404741663,2952.0159630557037,,TRAIL,1.145285729417651,0.15889148070449166,1.8646576370599262,False,3.7293152741198528,TURTLE20,9,
ETH,15m,20bar,1766716200000,1766721600000,1,2980.1359079999997,2951.6382096330926,2952.228655364165,,SL,-0.7318445389322286,0.08125218100486745,-1.1486893122658788,False,-2.2973786245317576,TURTLE20,7,
ETH,15m,20bar,1766754900000,1766759400000,1,2976.265134,2964.1231200378224,2963.186560975415,,TRAIL,-0.7475401635362283,0.16963997182919832,-1.2009144181919522,False,-2.4018288363839044,TURTLE20,6,
ETH,15m,20bar,1766761200000,1766763000000,-1,2915.8767080000002,2926.2985102505445,2937.627935269009,,TRAIL,-0.38899257341660953,0.09790530266971273,-0.6402906470173167,False,-1.2805812940346335,TURTLE20,3,
ETH,15m,20bar,1766820600000,1766831400000,1,2933.996682,2928.4401745588834,2927.0659493005237,,TRAIL,-0.7852083506081711,0.30438063606596766,-1.3092366923539647,False,-2.6184733847079293,TURTLE20,13,
ETH,15m,20bar,1766853000000,1766857500000,-1,2919.485986,2927.721624314688,2927.1361970752732,,SL,-0.8965707619447167,0.2678364416988439,-1.535116190301549,False,-3.0702323806030987,TURTLE20,6,
ETH,15m,20bar,1766866500000,1766874600000,1,2931.756234,2938.642154,2925.4699882621594,,TRAIL,0.30291720095159513,0.317196190513365,0.5350858218844822,False,1.0701716437689643,TURTLE20,10,
ETH,15m,20bar,1766899800000,1766903400000,-1,2931.733536,2941.4878787151843,2940.8996987754294,,SL,-0.828853177531065,0.21997004995695085,-1.4486187829445163,False,-2.8972375658890326,TURTLE20,5,
ETH,15m,20bar,1766933100000,1766938500000,1,2948.879658,2943.743590052577,2938.785944023463,,TRAIL,-0.4773153716402967,0.19460948843807832,-0.8591130991438701,False,-1.7182261982877398,TURTLE20,7,
ETH,15m,20bar,1766946600000,1766961900000,-1,2935.0928639999997,2945.226348113251,2947.768608763333,,TRAIL,-0.5885163735850774,0.15198710155165124,-1.0777809032600951,False,-2.1555618065201902,TURTLE20,18,
ETH,15m,20bar,1766968200000,1766970900000,1,2957.721426,2953.836063067397,2942.9831112311867,,TRAIL,-0.269425975057552,0.1285788538294786,-0.5042840747145919,False,-1.0085681494291838,TURTLE20,4,
ETH,15m,20bar,1766974500000,1766991600000,1,3011.482176,3019.676501306736,2987.5644316864687,,TRAIL,0.10117949452679093,0.08001908891199311,0.19130692428062207,False,0.38261384856124414,TURTLE20,20,
ETH,15m,20bar,1767000600000,1767018600000,-1,3006.538572,2939.3737190989073,3026.6318604760963,,TRAIL,1.6803819682998513,0.09426251992612107,3.1651018996761224,False,6.330203799352245,TURTLE20,21,
ETH,15m,20bar,1767067200000,1767082500000,1,2950.760034,2974.308711474381,2932.5055119675108,,TRAIL,0.6182986273044273,0.10993883745007575,1.0952703221433056,False,2.1905406442866115,TURTLE20,18,
ETH,15m,20bar,1767106800000,1767106800000,1,2995.809042,2969.918112011024,2970.5122144539146,,SL,-0.6720585841423933,0.08162745124149909,-1.164982693094375,False,-2.32996538618875,TURTLE20,1,
ETH,15m,20bar,1767122100000,1767143700000,-1,2953.539174,2980.0169837148514,2979.4210994949526,,SL,-0.6539169772149765,0.07750303781909969,-1.1605760713335698,False,-2.32115214266714,TURTLE20,25,
ETH,15m,20bar,1767179700000,1767185100000,1,2984.956872,2986.066361229505,2974.290535138062,,TRAIL,-0.1276086900539891,0.1848562953239137,-0.2318626106079358,False,-0.46372522121587156,TURTLE20,7,
ETH,15m,20bar,1767190500000,1767191400000,1,3014.5527899999997,2996.899798946092,2997.499298805853,,SL,-0.6829329457807422,0.11586393856332612,-1.2466574946584923,False,-2.4933149893169846,TURTLE20,2,
ETH,15m,20bar,1767199500000,1767266100000,-1,2964.716938,2990.8343817314712,2990.2363344645782,,SL,-0.6214646518944111,0.07479423532418394,-1.1634591188126848,False,-2.32691823762537,TURTLE20,75,
ETH,15m,20bar,1767308400000,1767320100000,1,2998.019484,2992.840659314743,2987.770332702411,,TRAIL,-0.446598529407663,0.18297540695057746,-0.8560065625443319,False,-1.7120131250886639,TURTLE20,14,
ETH,15m,20bar,1767323700000,1767327300000,1,3014.722824,3012.8889702974056,3000.9478486432386,,TRAIL,-0.20289896679055827,0.13463138955629433,-0.39567553756074497,False,-0.7913510751214899,TURTLE20,5,
ETH,15m,20bar,1767345300000,1767352500000,1,3040.177914,3041.8032554407587,3023.115660757249,,TRAIL,-0.060343642172933455,0.10880531425883269,-0.11861547429357301,False,-0.23723094858714602,TURTLE20,9,
ETH,15m,20bar,1767366000000,1767379500000,1,3081.91626,3099.6187783016285,3049.67569722137,,TRAIL,0.2202852517861454,0.05838531616519753,0.4340370040911022,False,0.8680740081822044,TURTLE20,16,
ETH,15m,20bar,1767415500000,1767428100000,-1,3113.7471259999998,3097.0912343942678,3128.4054870788436,,TRAIL,0.4515490843725693,0.13014528979818468,0.8820487174487943,False,1.7640974348975886,TURTLE20,15,
ETH,15m,20bar,1767465000000,1767485700000,1,3114.6228,3138.5939410885712,3102.4015465351663,,TRAIL,0.8618971255229481,0.15993590024979787,1.6544302188067732,False,3.308860437613547,TURTLE20,24,
ETH,15m,20bar,1767514500000,1767546000000,-1,3131.57356,3142.7522204653437,3148.6126819647075,,TRAIL,-0.4720006236001874,0.11890925354708981,-0.8769968290956612,False,-1.7539936581913225,TURTLE20,36,
ETH,15m,20bar,1767561300000,1767570300000,1,3148.239522,3132.6005732692133,3133.227218712956,,SL,-0.6835663310471903,0.1327336729882488,-1.2927698313087703,False,-2.5855396626175406,TURTLE20,11,
ETH,15m,20bar,1767574800000,1767578400000,1,3167.58339,3186.68069712573,3145.5644275933555,,TRAIL,0.35755621871640714,0.08918720307114991,0.6941629851206064,False,1.3883259702412127,TURTLE20,5,
ETH,15m,20bar,1767592800000,1767600900000,-1,3147.47038,3169.493314296686,3170.365494986487,,TRAIL,-0.5888007866671647,0.0864545069635887,-1.1274506604792949,False,-2.25490132095859,TURTLE20,10,
ETH,15m,20bar,1767608100000,1767618900000,1,3175.3149359999998,3154.7889931131845,3155.42007712861,,SL,-0.6241084335840422,0.0974511691133155,-1.2226276849474236,False,-2.445255369894847,TURTLE20,13,
ETH,15m,20bar,1767620700000,1767623400000,-1,3144.580958,3165.742255193187,3165.1092333465176,,SL,-0.6051856679150944,0.09184692320357701,-1.2152745761632895,False,-2.430549152326579,TURTLE20,4,
ETH,15m,20bar,1767627900000,1767633300000,1,3192.168306,3158.8020619212566,3159.4339487109987,,SL,-0.5518189069332871,0.056560807501303795,-1.135712730550153,False,-2.271425461100306,TURTLE20,7,
ETH,15m,20bar,1767636000000,1767659400000,1,3212.9324579999998,3208.214019705251,3176.1622993477304,,TRAIL,-0.1106858314765851,0.04975285080710192,-0.233100059818293,False,-0.4662001196365859,TURTLE20,27,
ETH,15m,20bar,1767681900000,1767683700000,1,3247.1392979999996,3225.259864375811,3225.905045384888,,SL,-0.5734262186802517,0.08643702183255214,-1.2132695974088556,False,-2.4265391948177113,TURTLE20,3,
ETH,15m,20bar,1767708900000,1767710700000,1,3274.474764,3275.929029212651,3253.300093967389,,TRAIL,-0.05392397592912784,0.08559622503218917,-0.11693108130909798,False,-0.2338621626181959,TURTLE20,3,
ETH,15m,20bar,1767722400000,1767729600000,-1,3193.991074,3233.644336827617,3232.997737280161,,SL,-0.513196665640011,0.04548820338451607,-1.1154464497926535,False,-2.230892899585307,TURTLE20,9,
ETH,15m,20bar,1767735000000,1767748500000,1,3282.436356,3250.150632598109,3249.4369526101414,,TRAIL,-0.4935174563850594,0.053427778044609235,-1.0971493989547867,False,-2.1942987979095734,TURTLE20,16,
ETH,15m,20bar,1767777300000,1767783600000,-1,3232.923286,3224.047412416793,3252.3278922160307,,TRAIL,0.11339997495241153,0.08783672859085767,0.2577579317237102,False,0.5155158634474204,TURTLE20,8,
ETH,15m,20bar,1767795300000,1767825000000,-1,3193.3711980000003,3160.008937045166,3217.0378381470086,,TRAIL,0.5521515893717166,0.07122845267099048,1.2486027881546176,False,2.497205576309235,TURTLE20,34,
ETH,15m,20bar,1767828600000,1767843000000,1,3170.1339,3143.909890751019,3144.3546108469486,,TRAIL,-0.5276869496892957,0.06660915950412866,-1.164207257432437,False,-2.328414514864874,TURTLE20,17,
ETH,15m,20bar,1767852900000,1767857400000,-1,3130.113852,3122.7364279657577,3152.810648775688,,TRAIL,0.07072016210403512,0.07317774127618998,0.1597456197055246,False,0.3194912394110491,TURTLE20,6,
ETH,15m,20bar,1767883500000,1767883500000,-1,3056.3886,3086.129774273835,3085.5126717394874,,SL,-0.5097307463916276,0.056201153916858156,-1.147733929424399,False,-2.295467858848798,TURTLE20,1,
ETH,15m,20bar,1767891600000,1767922200000,1,3120.934062,3091.216966341601,3086.8174623166424,,TRAIL,-0.4253748517056973,0.04740693043120863,-0.9802965883413675,False,-1.960593176682735,TURTLE20,35,
ETH,15m,20bar,1767948300000,1767949200000,-1,3085.312814,3095.3334265871367,3104.8452291957738,,TRAIL,-0.2990184338970566,0.0807689029663646,-0.7028828843685501,False,-1.4057657687371001,TURTLE20,2,
ETH,15m,20bar,1767969900000,1767971700000,-1,3070.4157940000005,3094.9286008940626,3095.1240106656564,,TRAIL,-0.478915833062684,0.06279624906080633,-1.1418069508113318,False,-2.2836139016226635,TURTLE20,3,
ETH,15m,20bar,1768039200000,1768053600000,1,3094.848846,3089.781500992108,3086.8803065496472,,TRAIL,-0.4514990647815387,0.19086231183693447,-1.1015975099048863,False,-2.2031950198097725,TURTLE20,17,
ETH,15m,20bar,1768077900000,1768084200000,-1,3087.23243,3085.780065756515,3092.84666236217,,TRAIL,-0.16074193729101216,0.2644335767487106,-0.4010242378173464,False,-0.802048475634693,TURTLE20,8,
ETH,15m,20day_equiv,1730942100000,1731596400000,1,2781.746238,3097.2646790559174,2546.6287278388536,,TRAIL,26.53915774217321,0.30005477242557665,1.3269578871086605,False,2.6539157742173205,TURTLE20,728,
ETH,15m,20day_equiv,1732371300000,1733778000000,1,3458.651592,3580.7810683273265,3116.6347808496316,,TRAIL,7.0777186298519945,0.25354028358347963,0.344736904406994,False,0.689473808813988,TURTLE20,1564,
ETH,15m,20day_equiv,1734631200000,1736179200000,-1,3475.5347540000002,3721.035735530806,3890.4262105732855,,TRAIL,-12.447451091657522,0.2151453328468144,-0.6021307979871531,False,-1.2042615959743062,TURTLE20,1721,
ETH,15m,20day_equiv,1736452800000,1736970300000,-1,3191.1316460000003,3426.175217565751,3534.7496550119563,,TRAIL,-14.206108955786005,0.23598500437860853,-0.6955804102676517,False,-1.3911608205353034,TURTLE20,576,
ETH,15m,20day_equiv,1738521900000,1738595700000,-1,2925.034876,2686.7187725545123,3323.0296186266755,,TRAIL,11.888854322999615,0.17037903647824543,0.5903320473676221,False,1.1806640947352443,TURTLE20,83,
ETH,15m,20day_equiv,1740438000000,1743029100000,-1,2504.14907,1998.1595519999998,2848.3414702264345,,TIME,29.795905211992633,0.15992869950988717,1.4622290686711885,False,2.924458137342377,TURTLE20,2880,
ETH,15m,20day_equiv,1743684300000,1745334000000,-1,1765.116906,1712.5334981807887,1984.3404258378675,,TRAIL,4.830995381152934,0.1996226357949309,0.23034397775407064,False,0.46068795550814123,TURTLE20,1834,
ETH,15m,20day_equiv,1745713800000,1747596600000,1,1845.379002,2423.0534629593885,1636.4226661517507,,TRAIL,57.99009918413603,0.25823792806769924,2.7523137747690916,False,5.504627549538182,TURTLE20,2093,
ETH,15m,20day_equiv,1748485800000,1749154500000,1,2745.549,2447.262300452817,2447.7518508229814,,SL,-22.498500151612767,0.2325737375621278,-1.0121063521272766,False,-2.0242127042545537,TURTLE20,744,
ETH,15m,20day_equiv,1749555900000,1749772800000,1,2789.60781,2543.173420658222,2543.6821570896395,,SL,-22.107833349917662,0.2833657546065217,-1.0150793751116478,False,-2.030158750223296,TURTLE20,242,
ETH,15m,20day_equiv,1750541400000,1750906800000,-1,2335.772752,2513.140996006923,2603.4048604130653,,TRAIL,-14.372824295865716,0.23195090788782252,-0.6736022569365486,False,-1.3472045138730973,TURTLE20,407,
ETH,15m,20day_equiv,1752039900000,1753340400000,1,2636.3471640000002,3512.095732343646,2405.533205106965,,TRAIL,79.53019144174635,0.336435877932888,3.778192215012324,False,7.556384430024648,TURTLE20,1446,
ETH,15m,20day_equiv,1753641000000,1754077500000,1,3859.92183,3515.501898013562,3516.2051390413703,,SL,-22.978214866180746,0.29148873685698584,-1.0149207047534212,False,-2.029841409506842,TURTLE20,482,
ETH,15m,20day_equiv,1754623800000,1755495900000,1,3952.780398,4255.960010606671,3596.0499814372147,,TRAIL,18.544906888696584,0.30624260906028483,0.8360777621243684,False,1.6721555242487367,TURTLE20,970,
ETH,15m,20day_equiv,1755882900000,1756153800000,1,4808.371482,4341.689743013832,4342.558254664766,,SL,-22.859578722284528,0.26579294524852265,-1.0136504247041596,False,-2.027300849408319,TURTLE20,302,
ETH,15m,20day_equiv,1758520800000,1759308300000,-1,4214.70689,4318.449354982468,4544.798083764896,,TRAIL,-7.286666460260711,0.3426984173565559,-0.329794798485276,False,-0.6595895969705521,TURTLE20,876,
ETH,15m,20day_equiv,1759764600000,1759997700000,1,4690.327878,4347.600504172486,4348.470198212128,,SL,-22.35281690665581,0.34816558795191943,-1.0184066394905926,False,-2.0368132789811852,TURTLE20,260,
ETH,15m,20day_equiv,1760130900000,1760280300000,-1,3723.815088,3953.1415504530873,4109.9918906806615,,TRAIL,-13.025025307727804,0.25646499614294377,-0.6057656358753463,False,-1.2115312717506928,TURTLE20,167,
ETH,15m,20day_equiv,1762183800000,1764774900000,-1,3632.453364,3073.4645699999996,4040.4718668590494,,TIME,28.891236099979256,0.20946420770494945,1.3601472466343367,False,2.7202944932686735,TURTLE20,2880,
ETH,15m,20day_equiv,1765296000000,1765823400000,1,3245.268924,2907.0695814040246,2886.33122523245,,TRAIL,-20.782831849602587,0.22439276566813432,-0.9525072091149387,False,-1.9050144182298774,TURTLE20,587,
ETH,15m,20day_equiv,1767574800000,1768918500000,1,3167.58339,3061.5025007604418,2940.0011651532927,,TRAIL,-10.328084895814259,0.35149608407659894,-0.4825435767138015,False,-0.965087153427603,TURTLE20,1494,
ETH,15m,20day_equiv,1768949100000,1770437700000,-1,2946.2306360000002,2108.265486949045,3191.5175142545195,,TRAIL,72.15203905520899,0.26207547765034955,3.4039018202629925,False,6.807803640525986,TURTLE20,1655,
ETH,15m,20day_equiv,1772640000000,1774618200000,1,2149.5898319999997,1972.3966283774134,1874.4556072347057,,TRAIL,-14.784165188409494,0.20351094114873491,-0.6530136178153737,False,-1.3060272356307474,TURTLE20,2199,
ETH,15m,20day_equiv,1774824300000,1775601000000,-1,1965.226876,2182.3399059782914,2181.903525273237,,SL,-22.645844941576645,0.25662426969681745,-1.0134990123949765,False,-2.026998024789953,TURTLE20,864,
ETH,15m,20day_equiv,1775604600000,1778195700000,1,2270.05392,2288.062296,2069.3600391436316,,TIME,1.666004734880516,0.2983143384453301,0.07610349755173135,False,0.15220699510346272,TURTLE20,2880,
ETH,15m,20day_equiv,1778853600000,1781444700000,-1,2212.1874740000003,1665.963126,2363.07347595309,,TIME,79.0314984984349,0.33811085050903567,3.604691294087689,False,7.209382588175378,TURTLE20,2880,
ETH,15m,20day_equiv,1783372500000,1785963600000,1,1819.273782,1912.6174,1662.5973203940634,,TIME,13.667872798724835,0.3359242847233822,0.5814816237038887,False,1.1629632474077773,TURTLE20,2880,
ETH,15m,20day_equiv,1787151600000,1787374800000,1,1970.2239659999998,2412.851407430162,1879.995306706573,,TRAIL,115.95574636163697,0.6930621176130248,4.876472726644609,False,9.752945453289218,TURTLE20,249,
ETH,15m,20day_equiv,1787823000000,1788340500000,1,2553.880674,2379.8864338101093,2380.3625063113714,,SL,-26.614561782371126,0.44523326337557356,-1.0198038788198498,False,-2.0396077576396996,TURTLE20,576,
ETH,15m,20day_equiv,1789135200000,1789479000000,1,2617.653426,2452.924341862311,2453.4150248672845,,SL,-26.115387574337795,0.47357325262127825,-1.0215115931555847,False,-2.0430231863111694,TURTLE20,383,
ETH,15m,20day_equiv,1789949700000,1790854200000,1,2678.0355,2698.99,2473.386262866717,,END,2.1694274768192128,0.3947951105475312,0.08662766081289527,False,0.17325532162579055,TURTLE20,1006,
XRP,5m,20bar,1727790000000,1727790300000,-1,0.61647668,0.61637325,0.6201130491286883,,TRAIL,-3.4995344833404554,4.068398624134286,-0.17497672416702276,False,-0.3499534483340455,TURTLE20,2,
XRP,5m,20bar,1727794500000,1727796000000,-1,0.60872823,0.6039121053141338,0.6159876758502106,,TRAIL,11.224637748752949,1.9975023166977812,0.5632028351804766,False,1.1264056703609533,TURTLE20,6,
XRP,5m,20bar,1727802900000,1727803500000,-1,0.59798038,0.5899643929992148,0.6062430096198193,,TRAIL,17.814276096947495,1.7386064593858643,0.8838856965665769,False,1.7677713931331538,TURTLE20,3,
XRP,5m,20bar,1727809200000,1727809800000,1,0.62047407,0.6102110182603797,0.6092605509962206,,TRAIL,-20.1229129242556,1.3506368744865909,-0.9810892360255944,False,-1.962178472051189,TURTLE20,3,
XRP,5m,20bar,1727817900000,1727834100000,-1,0.59473103,0.6061748808281895,0.6067977295734346,,TRAIL,-20.271131031524497,1.2007365262140262,-1.0080962321683056,False,-2.0161924643366116,TURTLE20,55,
XRP,5m,20bar,1727841900000,1727844000000,-1,0.60042989,0.6032583366948554,0.6032211377407961,,TRAIL,-25.063456187321776,5.097968873837125,-1.2720689672137475,False,-2.544137934427495,TURTLE20,8,
XRP,5m,20bar,1727848500000,1727850600000,-1,0.5970305699999999,0.5997334079666298,0.599972305048348,,TRAIL,-22.329275380801814,4.686994811147244,-1.1628839093890648,False,-2.3257678187781297,TURTLE20,8,
XRP,5m,20bar,1727854800000,1727856000000,1,0.6024704700000001,0.599166255793501,0.5992861130161042,,SL,-23.70738127642262,4.246400667435773,-1.2640530764394773,False,-2.5281061528789546,TURTLE20,5,
XRP,5m,20bar,1727860500000,1727864100000,-1,0.597610454,0.5899786910312977,0.6005236838291619,,TRAIL,43.41895930990262,4.471367855084806,2.3750990781506927,False,4.750198156301385,TURTLE20,13,
XRP,5m,20bar,1727867400000,1727868300000,-1,0.582753426,0.5858467496643521,0.5874188952152364,,TRAIL,-15.574349033815505,2.877891400437419,-0.8133123582422753,False,-1.6266247164845506,TURTLE20,4,
XRP,5m,20bar,1727875800000,1727877000000,-1,0.577644448,0.5839027140477863,0.583813851776696,,TRAIL,-21.237147303369632,2.1280165835682427,-1.127368964127017,False,-2.254737928254034,TURTLE20,5,
XRP,5m,20bar,1727885400000,1727888400000,1,0.5871173999999999,0.5818416713113675,0.5819580629239524,,SL,-21.33156601013386,2.503124628036468,-1.1585023508481729,False,-2.3170047016963458,TURTLE20,11,
XRP,5m,20bar,1727890500000,1727893200000,-1,0.579024172,0.5728981444346931,0.5834190179997375,,TRAIL,22.242859605226236,2.8286262607153163,1.2366472399193655,False,2.473294479838731,TURTLE20,10,
XRP,5m,20bar,1727895900000,1727897400000,-1,0.5655268720000001,0.5716179605197923,0.5715036597878348,,SL,-20.88780470425719,2.104043350182622,-1.1332802267282522,False,-2.2665604534565045,TURTLE20,6,
XRP,5m,20bar,1727902200000,1727902200000,1,0.57536505,0.570230450273614,0.5703445191774494,,SL,-20.889018184254034,2.466218674705151,-1.1596297746843465,False,-2.3192595493686925,TURTLE20,1,
XRP,5m,20bar,1727903700000,1727909400000,-1,0.557848408,0.5382475673946086,0.5660533929458973,,TRAIL,40.62400901245865,1.4103589476670728,2.3087407405453857,False,4.617481481090771,TURTLE20,20,
XRP,5m,20bar,1727914800000,1727915700000,-1,0.5270845620000001,0.5344178358412073,0.5352569096344992,,TRAIL,-17.95282982259051,1.434621290155039,-0.9752614103524189,False,-1.9505228207048377,TURTLE20,4,
XRP,5m,20bar,1727921700000,1727933400000,1,0.539567892,0.5324701111362087,0.532576626461501,,SL,-19.98474594970078,1.660591421970776,-1.1072392577631818,False,-2.214478515526364,TURTLE20,40,
XRP,5m,20bar,1727935500000,1727943300000,-1,0.529734032,0.5166079524404881,0.5338496430532561,,TRAIL,53.59785899046836,2.6922927989627228,3.0367967738252637,False,6.073593547650527,TURTLE20,27,
XRP,5m,20bar,1727946300000,1727947200000,-1,0.50604877,0.5128667776337252,0.5127642247887675,,SL,-20.711654390266276,1.7043273152062794,-1.1063073456666015,False,-2.2126146913332025,TURTLE20,4,
XRP,5m,20bar,1727950200000,1727956500000,1,0.519493878,0.5144525462087995,0.5136430129278131,,TRAIL,-17.71530246527091,1.9411139534650657,-0.9676688106583861,False,-1.9353376213167721,TURTLE20,22,
XRP,5m,20bar,1727957100000,1727957700000,-1,0.5120175760000001,0.5161752973753182,0.5160720829587264,,SL,-21.141543153446058,2.7316317722475665,-1.1776122591347653,False,-2.3552245182695306,TURTLE20,3,
XRP,5m,20bar,1727962200000,1727962800000,1,0.520944168,0.5159267107928853,0.5160299167762405,,SL,-20.117442272329278,2.2192281372431086,-1.147596953758499,False,-2.295193907516998,TURTLE20,3,
XRP,5m,20bar,1727964600000,1727965800000,1,0.522734526,0.5170192134230985,0.5171226379506887,,SL,-19.347388351210977,1.9040223709924189,-1.1295957376293864,False,-2.2591914752587727,TURTLE20,5,
XRP,5m,20bar,1727968800000,1727970600000,-1,0.513167346,0.5183542694274831,0.5192465427865077,,TRAIL,-15.987988350027862,1.7043493247089803,-0.9550334691624272,False,-1.910066938324854,TURTLE20,7,
XRP,5m,20bar,1727982600000,1727987400000,1,0.5253150419999999,0.5208869763014978,0.5209911745364051,,SL,-19.200655578146318,2.383933299984306,-1.169274255524846,False,-2.3385485110496917,TURTLE20,17,
XRP,5m,20bar,1727989500000,1727990100000,-1,0.5191361520000001,0.5223782183117569,0.5222737635590451,,SL,-19.76491836583301,3.194038780860562,-1.2324581488732214,False,-2.4649162977464427,TURTLE20,3,
XRP,5m,20bar,1728001800000,1728004500000,-1,0.51824633,0.516693101754238,0.5210589565604794,,TRAIL,5.18454703651182,3.453327890192417,0.3314569377281744,False,0.6629138754563488,TURTLE20,10,
XRP,5m,20bar,1728007800000,1728011100000,1,0.523284636,0.51942851495937,0.5194588186186315,,TRAIL,-18.444907884263703,2.57480929624265,-1.1714487348589753,False,-2.3428974697179505,TURTLE20,12,
XRP,5m,20bar,1728015300000,1728022200000,1,0.5235846959999999,0.5225570367023701,0.5210785742199843,,TRAIL,-10.156479921950346,3.8512050687953137,-0.6605203108848599,False,-1.32104062176972,TURTLE20,24,
XRP,5m,20bar,1728022800000,1728027000000,-1,0.521975584,0.5215274938284787,0.5242905936965361,,TRAIL,-1.1667485541086138,4.103682658101192,-0.07689457000641636,False,-0.15378914001283273,TURTLE20,15,
XRP,5m,20bar,1728029700000,1728032100000,1,0.5232346259999999,0.5218080424167265,0.520995794924458,,TRAIL,-13.896635242925907,4.243040074170369,-0.9172684829856762,False,-1.8345369659713524,TURTLE20,9,
XRP,5m,20bar,1728044400000,1728045000000,1,0.523684716,0.5211408902283242,0.5212451392561754,,SL,-19.32927073999246,3.8216638088990953,-1.2997013286993693,False,-2.599402657398739,TURTLE20,3,
XRP,5m,20bar,1728046800000,1728048300000,1,0.5252150219999999,0.521524161580672,0.5216284872781277,,SL,-17.44343577442769,2.536577986384679,-1.204199670266062,False,-2.408399340532124,TURTLE20,6,
XRP,5m,20bar,1728050700000,1728053100000,-1,0.51914615,0.5181090528679756,0.5226024264581762,,TRAIL,1.696358413958536,2.545507417241911,0.11999734839568293,False,0.2399946967913659,TURTLE20,9,
XRP,5m,20bar,1728058500000,1728072900000,1,0.521544288,0.5307100578915188,0.5179477162533155,,TRAIL,33.62576302745357,2.4875410307830137,2.3729311925589944,False,4.745862385117989,TURTLE20,49,
XRP,5m,20bar,1728073500000,1728077100000,-1,0.5305438699999999,0.5330242587687157,0.5330218244657482,,TRAIL,-18.680153251169475,3.8224967328603134,-1.2585096655661971,False,-2.5170193311323947,TURTLE20,13,
XRP,5m,20bar,1728086100000,1728087300000,1,0.53225643,0.5304532289177524,0.5305593407859095,,SL,-20.810618269470947,5.43643105031156,-1.4382431149362311,False,-2.876486229872462,TURTLE20,5,
XRP,5m,20bar,1728087900000,1728088500000,-1,0.52909416,0.5310788455893928,0.5309726510591809,,SL,-19.6064991732984,4.758783261678074,-1.3951567030024152,False,-2.7903134060048305,TURTLE20,3,
XRP,5m,20bar,1728092100000,1728098100000,-1,0.528584262,0.5275754494616745,0.5307504656529908,,TRAIL,2.3656676819030587,3.9963928346753823,0.17316779561819393,False,0.3463355912363879,TURTLE20,21,
XRP,5m,20bar,1728105000000,1728113100000,1,0.52850568,0.529580144983933,0.5266360276112088,,TRAIL,3.223281733465816,4.654782618675589,0.2351311353801644,False,0.47026227076032884,TURTLE20,28,
XRP,5m,20bar,1728117000000,1728117300000,1,0.532646508,0.5309613678654457,0.531067581381722,,SL,-20.266087649452288,5.566683255572542,-1.4714457487629187,False,-2.942891497525837,TURTLE20,2,
XRP,5m,20bar,1728135600000,1728135600000,1,0.530106,0.5286188815091294,0.5287246264344163,,SL,-20.538067426284147,6.147184384949453,-1.536408016378452,False,-3.0728160327569043,TURTLE20,1,
XRP,5m,20bar,1728136200000,1728139500000,-1,0.52784441,0.528830735698344,0.5295207351347094,,TRAIL,-12.524028085086508,4.90041761268176,-0.9665969639259847,False,-1.9331939278519696,TURTLE20,12,
XRP,5m,20bar,1728147300000,1728147600000,-1,0.524465086,0.5267505639315799,0.526645234884603,,SL,-16.996240982884114,3.6760173488188723,-1.337618426949749,False,-2.6752368538994977,TURTLE20,2,
XRP,5m,20bar,1728152400000,1728153900000,1,0.52950588,0.5292928950054046,0.5274379830102058,,TRAIL,-5.072782718462044,3.799091663286987,-0.41020624517815524,False,-0.8204124903563105,TURTLE20,6,
XRP,5m,20bar,1728155400000,1728157500000,1,0.533016582,0.5315551829572889,0.5303570603755953,,TRAIL,-9.685263613527205,2.945703008626201,-0.7896691203462562,False,-1.5793382406925123,TURTLE20,8,
XRP,5m,20bar,1728161700000,1728166500000,-1,0.527884402,0.5310093365280281,0.5309031558968487,,SL,-15.036403844717025,2.5405543669880606,-1.2456367427203445,False,-2.4912734854406886,TURTLE20,17,
XRP,5m,20bar,1728168000000,1728170700000,1,0.532336446,0.5302085319528481,0.5303145948718224,,SL,-16.09945904611348,3.7114657258705694,-1.3677767840485093,False,-2.7355535680970187,TURTLE20,10,
XRP,5m,20bar,1728173100000,1728174300000,-1,0.527734432,0.5296162682458789,0.5295103661726445,,SL,-16.220958885914136,4.089720408158305,-1.4168580709721852,False,-2.8337161419443704,TURTLE20,5,
XRP,5m,20bar,1728176700000,1728183900000,1,0.531016182,0.5298812837553275,0.5291673331118747,,TRAIL,-10.658350451469488,3.8299139322665368,-0.9581295342757581,False,-1.916259068551516,TURTLE20,25,
XRP,5m,20bar,1728186000000,1728192000000,-1,0.52959406,0.52987792863407,0.5310950758962496,,TRAIL,-6.684265782572645,4.620811237402059,-0.6126196461663443,False,-1.2252392923326887,TURTLE20,21,
XRP,5m,20bar,1728195000000,1728201900000,1,0.5307361260000001,0.5296842442552988,0.5292492968908115,,TRAIL,-12.23642716535243,4.611869749696346,-1.1353920611465935,False,-2.270784122293187,TURTLE20,24,
XRP,5m,20bar,1728210000000,1728212400000,-1,0.5292841220000001,0.5301414053516394,0.5306274521282205,,TRAIL,-11.705565568092945,4.9839321227259905,-1.1113713871868685,False,-2.222742774373737,TURTLE20,9,
XRP,5m,20bar,1728214800000,1728216000000,1,0.530876154,0.5294477532534069,0.5295536639862041,,SL,-16.07731534239806,4.954141922576936,-1.5611422917433866,False,-3.122284583486773,TURTLE20,5,
XRP,5m,20bar,1728219900000,1728223200000,1,0.531376254,0.5311106590330941,0.5300005805293729,,TRAIL,-6.549516090523561,4.623324828409799,-0.6564690924178103,False,-1.3129381848356205,TURTLE20,12,
XRP,5m,20bar,1728225600000,1728227100000,1,0.534336846,0.5329133960000001,0.5325472895689964,,TRAIL,-11.354745110864297,3.523118601073045,-1.1532467540253004,False,-2.3064935080506004,TURTLE20,6,
XRP,5m,20bar,1728229800000,1728231000000,1,0.536677314,0.5341114911344109,0.5342183348013712,,SL,-12.549905099837611,2.5131653557563474,-1.3047268356148745,False,-2.609453671229749,TURTLE20,5,
XRP,5m,20bar,1728234000000,1728255600000,-1,0.532203538,0.5325720210272473,0.534620073210719,,TRAIL,-3.9050284851268904,2.4765884627678565,-0.4168564803837175,False,-0.8337129607674351,TURTLE20,73,
XRP,5m,20bar,1728260400000,1728268500000,1,0.534586896,0.5408036082775387,0.5327810619958621,,TRAIL,28.661194941014983,3.3192603850473077,3.0852658451472497,False,6.170531690294498,TURTLE20,28,
XRP,5m,20bar,1728278100000,1728279000000,1,0.541918362,0.5397773771561554,0.5398853542270008,,SL,-13.535403722483219,3.148640114199228,-1.37235200199083,False,-2.74470400398166,TURTLE20,4,
XRP,5m,20bar,1728287400000,1728288900000,-1,0.538452288,0.5405933789965599,0.5404852819401719,,SL,-13.156985126188872,3.054737843793796,-1.3716314356166512,False,-2.7432628712333025,TURTLE20,6,
XRP,5m,20bar,1728292200000,1728297900000,-1,0.537962386,0.5333100570547047,0.5398509524587708,,TRAIL,19.80631524219546,3.1751011164824687,2.123073541225666,False,4.246147082451332,TURTLE20,20,
XRP,5m,20bar,1728301500000,1728309000000,1,0.535127004,0.539559987523071,0.5324584177943427,,TRAIL,13.805337793185327,2.349906958479969,1.419542422922773,False,2.839084845845546,TURTLE20,26,
XRP,5m,20bar,1728311100000,1728312600000,1,0.543928764,0.5401223879059883,0.5402304339927869,,SL,-12.052440891401991,1.7589448761999251,-1.2050862893421939,False,-2.4101725786843877,TURTLE20,6,
XRP,5m,20bar,1728320100000,1728324300000,1,0.543718722,0.5410055450970042,0.540713966402763,,TRAIL,-10.927221060791807,2.114087062909478,-1.1195624250928626,False,-2.239124850185725,TURTLE20,15,
XRP,5m,20bar,1728324900000,1728325500000,-1,0.53924213,0.5418879589206426,0.5421212893862951,,TRAIL,-10.91820437045849,2.1497600742803376,-1.1442600189753298,False,-2.2885200379506596,TURTLE20,3,
XRP,5m,20bar,1728327000000,1728327900000,-1,0.5356228540000001,0.5391243664980657,0.5390165631854287,,SL,-11.391070929404822,1.7715566474900375,-1.2217784741743813,False,-2.4435569483487627,TURTLE20,4,
XRP,5m,20bar,1728334800000,1728336300000,-1,0.534823014,0.5372501086148848,0.537142680078869,,SL,-12.03895605707276,2.522192506461266,-1.323612271793345,False,-2.64722454358669,TURTLE20,6,
XRP,5m,20bar,1728341700000,1728342300000,-1,0.534023174,0.5315607393530191,0.5362723563824225,,TRAIL,7.1772563694550175,2.517042881766814,0.8105542321585868,False,1.6211084643171736,TURTLE20,3,
XRP,5m,20bar,1728345600000,1728345600000,-1,0.527824414,0.5308092337577581,0.5307030931391303,,SL,-11.315548566285024,1.9854730329999513,-1.2575211655948773,False,-2.515042331189755,TURTLE20,1,
XRP,5m,20bar,1728349800000,1728350400000,1,0.53285655,0.5301587060084099,0.5302647589602019,,SL,-11.289606826814282,2.1586820515544938,-1.2870069747038775,False,-2.574013949407755,TURTLE20,3,
XRP,5m,20bar,1728351900000,1728354000000,1,0.53320662,0.5306607058876573,0.5307668592595093,,SL,-11.153997244542612,2.2359609241396123,-1.3051421211224188,False,-2.6102842422448376,TURTLE20,8,
XRP,5m,20bar,1728362100000,1728362400000,1,0.5340467879999999,0.5323791685486817,0.5324856656818181,,SL,-12.302288341643129,3.411385900759875,-1.4780872698910859,False,-2.9561745397821717,TURTLE20,2,
XRP,5m,20bar,1728364200000,1728369000000,-1,0.530533872,0.5295666708651326,0.5324406763690993,,TRAIL,1.402685477283152,2.6942996964247734,0.17366270736243417,False,0.34732541472486833,TURTLE20,17,
XRP,5m,20bar,1728377400000,1728378600000,1,0.529965972,0.5276524747021779,0.5277580263074394,,SL,-10.822029123583006,2.329439391119814,-1.3352087308019234,False,-2.6704174616038463,TURTLE20,5,
XRP,5m,20bar,1728383100000,1728390900000,1,0.5304660720000001,0.5292285388924638,0.5289020297698488,,TRAIL,-9.448759953252015,3.206918304154734,-1.1977616959169568,False,-2.3955233918339136,TURTLE20,27,
XRP,5m,20bar,1728391500000,1728393600000,-1,0.528124354,0.528673111737127,0.529608989185216,,TRAIL,-6.134497544487649,3.2884965988215775,-0.7967184318059811,False,-1.5934368636119622,TURTLE20,8,
XRP,5m,20bar,1728396000000,1728396600000,1,0.532296438,0.5297161454597711,0.5298221098817474,,SL,-9.852795615922584,1.951290001432585,-1.3003530399100673,False,-2.6007060798201347,TURTLE20,3,
XRP,5m,20bar,1728401100000,1728402300000,-1,0.52574483,0.52505729168171,0.5284324931741476,,TRAIL,0.1566709375448616,1.7312163933536269,0.021229239522956578,False,0.042458479045913156,TURTLE20,5,
XRP,5m,20bar,1728405900000,1728413100000,1,0.528835746,0.5258763728835645,0.5257361723408289,,TRAIL,-8.556515764673234,1.5073759642956417,-1.1589337059750084,False,-2.3178674119500164,TURTLE20,25,
XRP,5m,20bar,1728418500000,1728418500000,1,0.534476874,0.531834613019469,0.5319410012197129,,SL,-9.334067622326057,1.8195390034915135,-1.2942478417119794,False,-2.5884956834239587,TURTLE20,1,
XRP,5m,20bar,1728426600000,1728431100000,-1,0.529274124,0.530642671035092,0.5311447922730687,,TRAIL,-7.527874980990991,2.3883060968441345,-1.0715406579408346,False,-2.1430813158816693,TURTLE20,16,
XRP,5m,20bar,1728431700000,1728434100000,1,0.5310261839999999,0.5293834705401472,0.52948936841383,,SL,-10.19459750345019,2.8461543411765042,-1.4829100336341692,False,-2.9658200672683384,TURTLE20,9,
XRP,5m,20bar,1728436800000,1728443100000,1,0.532626504,0.5315123485414261,0.5307252386735577,,TRAIL,-6.149356998128651,2.240200255123087,-0.9218275564822205,False,-1.843655112964441,TURTLE20,22,
XRP,5m,20bar,1728450300000,1728450600000,1,0.533646708,0.5321215884736571,0.5322280340804731,,SL,-9.990553634278335,2.951412148499067,-1.5257773294013521,False,-3.051554658802704,TURTLE20,2,
XRP,5m,20bar,1728456000000,1728459000000,-1,0.531113756,0.5305226662356475,0.5324045530683198,,TRAIL,-0.22569352717451796,3.132624476120684,-0.035553295026136474,False,-0.07110659005227296,TURTLE20,11,
XRP,5m,20bar,1728467700000,1728469200000,1,0.5318063399999999,0.5314119410165253,0.5302848655429275,,TRAIL,-4.304118183164245,2.6597409830579934,-0.6785062656069388,False,-1.3570125312138777,TURTLE20,6,
XRP,5m,20bar,1728476700000,1728479700000,-1,0.53059386,0.5293363414881227,0.5321138861933113,,TRAIL,2.558755571610889,2.6180261946368333,0.4089142632669431,False,0.817828526533886,TURTLE20,11,
XRP,5m,20bar,1728485400000,1728486300000,-1,0.52659466,0.5291955100835481,0.5290896921451191,,SL,-8.177890367499355,1.6017200070059783,-1.2963056175149528,False,-2.5926112350299055,TURTLE20,4,
XRP,5m,20bar,1728486900000,1728497400000,1,0.5306061,0.5298341593098624,0.5281790462458653,,TRAIL,-3.5654325219436034,1.610956615979841,-0.5802116427477,False,-1.1604232854954,TURTLE20,36,
XRP,5m,20bar,1728498000000,1728498300000,-1,0.528454288,0.530786944501964,0.5306808083402959,,SL,-8.096984996958858,1.7337086679800544,-1.333112115684009,False,-2.666224231368018,TURTLE20,2,
XRP,5m,20bar,1728505200000,1728508500000,-1,0.527004578,0.5237717802873239,0.5289155603123817,,TRAIL,8.050562902648004,1.9504063666449052,1.361777071845471,False,2.723554143690942,TURTLE20,12,
XRP,5m,20bar,1728516600000,1728522900000,-1,0.5236452500000001,0.5248989354907594,0.5254408752667208,,TRAIL,-6.36768420878477,2.127710545146125,-1.0485550838189284,False,-2.0971101676378567,TURTLE20,22,
XRP,5m,20bar,1728524100000,1728536400000,1,0.5255150820000001,0.525926857170909,0.5237027619975617,,TRAIL,-0.7187426810480346,2.0696048853166444,-0.12088924268274069,False,-0.24177848536548135,TURTLE20,42,
XRP,5m,20bar,1728537000000,1728539100000,-1,0.5253449099999999,0.5268611583606994,0.5267558071992595,,SL,-9.02790204700084,2.6539403505440147,-1.52213216019061,False,-3.0442643203812203,TURTLE20,8,
XRP,5m,20bar,1728546300000,1728546300000,-1,0.525004978,0.5264165955266777,0.5263113332600258,,SL,-8.99088557387585,2.776993212678155,-1.563487768827499,False,-3.126975537654998,TURTLE20,1,
XRP,5m,20bar,1728548700000,1728549900000,1,0.52725543,0.5255237359239443,0.5256288616962835,,SL,-8.094102626637945,2.163351397462355,-1.4529740744426116,False,-2.9059481488852232,TURTLE20,5,
XRP,5m,20bar,1728552600000,1728552900000,-1,0.52379522,0.5258051907954749,0.5257000507853179,,SL,-7.495605904325439,1.7882255982842965,-1.3858086830067877,False,-2.771617366013575,TURTLE20,2,
XRP,5m,20bar,1728561600000,1728563400000,1,0.530116002,0.5284923784326157,0.5284143937812245,,TRAIL,-6.980918049360925,1.9630146082069002,-1.3274433977929478,False,-2.6548867955858957,TURTLE20,7,
XRP,5m,20bar,1728564600000,1728565800000,1,0.532216422,0.5405829014543826,0.5292698592468317,,TRAIL,13.417443270676708,1.118316490674284,2.6209521083527023,False,5.241904216705405,TURTLE20,5,
XRP,5m,20bar,1728577200000,1728579900000,1,0.539067792,0.5345254550301306,0.5346323815064319,,SL,-6.299982593374038,0.7824499763683632,-1.1693377480187146,False,-2.3386754960374296,TURTLE20,10,
XRP,5m,20bar,1728582900000,1728593700000,-1,0.5305438699999999,0.529537571859753,0.5346108467903627,,TRAIL,0.47900992595665626,0.8228880925590585,0.09103796117263385,False,0.1820759223452677,TURTLE20,37,
XRP,5m,20bar,1728604500000,1728610200000,1,0.529515882,0.5324023077805046,0.5281548162028811,,TRAIL,8.711148685606782,2.467602527465827,1.6525834911122403,False,3.305166982224481,TURTLE20,20,
XRP,5m,20bar,1728615900000,1728620700000,1,0.534716922,0.5328120004179766,0.5329185841348035,,SL,-7.707711573077788,1.9395173654127036,-1.415439770655176,False,-2.830879541310352,TURTLE20,17,
XRP,5m,20bar,1728621300000,1728627900000,-1,0.53214355,0.533991767398216,0.5338849904001359,,SL,-7.5593837102377615,1.9436465749851566,-1.428644120384953,False,-2.8572882407699054,TURTLE20,23,
XRP,5m,20bar,1728632100000,1728633300000,1,0.53695737,0.5367122452206016,0.5351834213761724,,TRAIL,-2.5768715718145416,1.866609321550364,-0.5013259891438799,False,-1.0026519782877599,TURTLE20,5,
XRP,5m,20bar,1728639900000,1728643500000,1,0.53925783,0.5375208351587012,0.5372763410020225,,TRAIL,-6.119836214894204,1.6591365962190443,-1.2026622619789056,False,-2.405324523957811,TURTLE20,13,
XRP,5m,20bar,1728644700000,1728650700000,-1,0.53664265,0.536533819981032,0.5384266495781083,,TRAIL,-1.4895080451895168,1.7924617009493904,-0.2999304874208632,False,-0.5998609748417264,TURTLE20,21,
XRP,5m,20bar,1728654900000,1728655500000,1,0.5371074,0.5349489347092933,0.5350559458984729,,SL,-6.7416921384950665,1.5478051412967346,-1.3657137585709778,False,-2.7314275171419555,TURTLE20,3,
XRP,5m,20bar,1728659400000,1728660900000,1,0.5378575499999999,0.5357260914421959,0.5358332580938147,,SL,-6.583652232574831,1.5279029560281274,-1.3711504423785776,False,-2.7423008847571553,TURTLE20,6,
XRP,5m,20bar,1728666600000,1728687300000,1,0.53855769,0.539141789369374,0.5369237894833953,,TRAIL,-0.17869044688356706,1.8481153676661939,-0.03826445833895988,False,-0.07652891667791976,TURTLE20,70,
XRP,5m,20bar,1728687900000,1728707100000,-1,0.5388922,0.5373384087407751,0.5403792109038371,,TRAIL,2.8495105593271193,2.026355846145531,0.6106565134373317,False,1.2213130268746635,TURTLE20,65,
XRP,5m,20bar,1728710400000,1728724200000,1,0.5378575499999999,0.5378860885545518,0.5367197806863123,,TRAIL,-2.5610093720873204,2.6794833579596715,-0.5422080039946378,False,-1.0844160079892755,TURTLE20,47,
XRP,5m,20bar,1728727200000,1728728400000,1,0.54005799,0.5389116997829497,0.5390195036836865,,SL,-8.069603954503291,2.9125251189858643,-1.727198522256297,False,-3.454397044512594,TURTLE20,5,
XRP,5m,20bar,1728729900000,1728730200000,1,0.54045807,0.5392135910980645,0.5393214553891423,,SL,-7.509569873193668,2.5708230211828376,-1.6648403781880814,False,-3.3296807563761623,TURTLE20,2,
XRP,5m,20bar,1728731700000,1728732900000,1,0.540718122,0.5395082383940425,0.539555330572462,,TRAIL,-6.967613355839448,2.43052344645265,-1.5978957001152831,False,-3.195791400230566,TURTLE20,5,
XRP,5m,20bar,1728733500000,1728735300000,-1,0.5386022580000001,0.540061781461833,0.5399537907036923,,SL,-6.579766800132931,2.021346401012016,-1.5587650078718835,False,-3.117530015743767,TURTLE20,7,
XRP,5m,20bar,1728747600000,1728749700000,1,0.542338446,0.5404427991834102,0.5405509093652833,,SL,-5.823200424412054,1.4863191730927219,-1.4239235796715684,False,-2.8478471593431367,TURTLE20,8,
XRP,5m,20bar,1728751200000,1728769200000,-1,0.5388222140000001,0.5389112534221894,0.5405575286834,,TRAIL,-1.684371557860726,1.480511766028541,-0.4239458754542173,False,-0.8478917509084347,TURTLE20,61,
XRP,5m,20bar,1728774600000,1728776700000,1,0.53935785,0.5383056808310341,0.5384133635037349,,SL,-7.085452227975466,2.69692035697175,-1.798614690821073,False,-3.597229381642146,TURTLE20,8,
XRP,5m,20bar,1728777900000,1728779100000,-1,0.5378424100000001,0.5386371172003721,0.5388618136238966,,TRAIL,-5.366790699349218,2.4061893795449474,-1.413174215710268,False,-2.826348431420536,TURTLE20,5,
XRP,5m,20bar,1728781500000,1728793500000,-1,0.5357428300000001,0.5367129358787502,0.5370796390885654,,TRAIL,-4.454391768959777,1.7763507586321703,-1.207037977284522,False,-2.414075954569044,TURTLE20,41,
XRP,5m,20bar,1728802500000,1728803100000,1,0.53735745,0.5364042620947053,0.5365115644075867,,SL,-6.800939687500566,2.7428508465850405,-1.88848816776051,False,-3.7769763355210206,TURTLE20,3,
XRP,5m,20bar,1728809400000,1728810000000,-1,0.53419314,0.535031542189412,0.5352759615776672,,TRAIL,-4.736090378717744,2.0530379608181013,-1.3667413258552523,False,-2.733482651710505,TURTLE20,3,
XRP,5m,20bar,1728813900000,1728817500000,-1,0.5329933800000001,0.5327090970281879,0.5341282039983886,,TRAIL,-1.0547906795258744,1.899134553402738,-0.3129458972572783,False,-0.6258917945145566,TURTLE20,13,
XRP,5m,20bar,1728820800000,1728822000000,-1,0.53059386,0.532228801154737,0.5321223766794012,,SL,-4.980004402302874,1.3973723304427137,-1.486823652012902,False,-2.973647304025804,TURTLE20,5,
XRP,5m,20bar,1728828300000,1728831900000,-1,0.5309937800000001,0.5289721231320076,0.5323044177280419,,TRAIL,3.435891309557176,1.5769591807698102,1.0572542636808866,False,2.114508527361773,TURTLE20,13,
XRP,5m,20bar,1728832800000,1728834300000,-1,0.52479502,0.5271526404260255,0.5270472309798295,,SL,-4.403861085315357,0.9300016824880342,-1.3270466439637512,False,-2.6540932879275023,TURTLE20,6,
XRP,5m,20bar,1728837300000,1728841200000,1,0.52930584,0.527217862829831,0.5273233274953301,,SL,-4.435269098179195,1.0329508983326905,-1.3729504280327562,False,-2.7459008560655125,TURTLE20,14,
XRP,5m,20bar,1728842700000,1728848100000,-1,0.52609476,0.5271112936775699,0.5277650208803801,,TRAIL,-3.100747686603842,1.1886481554930235,-0.9869460089379626,False,-1.973892017875925,TURTLE20,19,
XRP,5m,20bar,1728849000000,1728849900000,1,0.52740546,0.5258001483271225,0.525905329393001,,SL,-4.593009389886389,1.2973290244349729,-1.4913601705316755,False,-2.982720341063351,TURTLE20,4,
XRP,5m,20bar,1728853200000,1728858600000,1,0.52790556,0.5282345917207456,0.5266654852164365,,TRAIL,-0.7340414272522627,1.5268234222846584,-0.24567257904510634,False,-0.4913451580902127,TURTLE20,19,
XRP,5m,20bar,1728860100000,1728864900000,1,0.53040606,0.5289805491685062,0.5287966491433888,,TRAIL,-3.8077278088066784,1.1742580449708546,-1.280681554077977,False,-2.561363108155954,TURTLE20,17,
XRP,5m,20bar,1728867000000,1728868800000,-1,0.52849428,0.5301454605207605,0.5300394526302344,,SL,-4.286712694384967,1.190908452859604,-1.4796821535248987,False,-2.9593643070497975,TURTLE20,7,
XRP,5m,20bar,1728871500000,1728872400000,-1,0.52749448,0.5291579553177803,0.5290521448888026,,SL,-4.146529731692366,1.1442448123857791,-1.4749429068386515,False,-2.9498858136773034,TURTLE20,4,
XRP,5m,20bar,1728875700000,1728879000000,1,0.5316063,0.5363836556382198,0.5299999480131676,,TRAIL,7.025939614378699,1.0883869568577724,2.5751278043325336,False,5.150255608665067,TURTLE20,12,
XRP,5m,20bar,1728884400000,1728887100000,-1,0.5350929600000001,0.5372549096655779,0.537147480169544,,SL,-3.9173637399155514,0.8984470604765282,-1.3654567275433231,False,-2.7309134550866463,TURTLE20,10,
XRP,5m,20bar,1728891600000,1728894600000,1,0.53780754,0.5361082524860864,0.5362154955852034,,SL,-4.107957664962342,1.1294242148960825,-1.4720927177805048,False,-2.9441854355610095,TURTLE20,11,
XRP,5m,20bar,1728898500000,1728904800000,1,0.53880774,0.5384252117641982,0.5372960499543582,,TRAIL,-1.8433561973282586,1.1580051227331447,-0.6806077805609345,False,-1.361215561121869,TURTLE20,22,
XRP,5m,20bar,1728913800000,1728917400000,1,0.54040806,0.542115861123028,0.5386239072302811,,TRAIL,1.5846428449251895,0.9725608412323634,0.5931592789113824,False,1.1863185578227649,TURTLE20,13,
XRP,5m,20bar,1728919500000,1728921900000,1,0.54530904,0.5483035746125638,0.5427840399436463,,TRAIL,2.5034167301231025,0.7024820477926621,0.9260859372704475,False,1.852171874540895,TURTLE20,9,
XRP,5m,20bar,1728926700000,1728930600000,-1,0.54479102,0.5475398064656911,0.5474303204016108,,SL,-3.5512110227731837,0.6837050245948347,-1.2898057983445286,False,-2.5796115966890567,TURTLE20,14,
XRP,5m,20bar,1728931200000,1728940500000,1,0.54800958,0.5459443146424667,0.5460535253475363,,SL,-3.732083381752742,0.900059657269134,-1.3913914372947926,False,-2.7827828745895853,TURTLE20,32,
XRP,5m,20bar,1728941100000,1728944100000,-1,0.54529092,0.5460534568057072,0.5466534927323509,,TRAIL,-2.7124428633495627,1.2531370449504595,-1.04019653273503,False,-2.0803930654700595,TURTLE20,11,
XRP,5m,20bar,1728945000000,1728948900000,1,0.5481096000000001,0.5471138420493056,0.5465914875759922,,TRAIL,-2.7800679162781305,1.1052611506607146,-1.0887810347803055,False,-2.177562069560611,TURTLE20,14,
XRP,5m,20bar,1728951300000,1728951600000,-1,0.54659066,0.5482773378430645,0.5481677043022041,,SL,-3.7118693745178857,1.040452981470449,-1.4860702635270533,False,-2.9721405270541066,TURTLE20,2,
XRP,5m,20bar,1728955200000,1728958200000,1,0.55041006,0.5519290837608102,0.548302633038316,,TRAIL,0.986261995580311,0.7606129910799942,0.4069513630348106,False,0.8139027260696213,TURTLE20,11,
XRP,5m,20bar,1728962700000,1728965700000,-1,0.5499899800000001,0.5486914384896114,0.5519107438671691,,TRAIL,0.8132482389004845,0.8385312863742296,0.33285333518753846,False,0.6657066703750769,TURTLE20,11,
XRP,5m,20bar,1728970200000,1728972900000,-1,0.54519094,0.5451518743556575,0.5472191114728964,,TRAIL,-0.7459695407834707,0.7933437623806718,-0.30329784857510494,False,-0.60659569715021,TURTLE20,10,
XRP,5m,20bar,1728975900000,1728981900000,1,0.5468093399999999,0.5447813723822021,0.5448903504522926,,SL,-3.4177852859015148,0.8343491041740377,-1.398091015364017,False,-2.7961820307280334,TURTLE20,21,
XRP,5m,20bar,1728985500000,1728985500000,1,0.5467093199999999,0.5447871718026576,0.5448961510328642,,SL,-3.3773538398453953,0.8582779823623727,-1.421293955022256,False,-2.8425879100445117,TURTLE20,1,
XRP,5m,20bar,1728987000000,1728993600000,-1,0.54319134,0.5367583758918756,0.5452916169824017,,TRAIL,6.359089737679122,0.7122735295647136,2.7543958854294526,False,5.508791770858905,TURTLE20,23,
XRP,5m,20bar,1728999900000,1729001700000,1,0.54220842,0.5433931157886698,0.539075671010087,,TRAIL,0.4146976944061027,0.5064695540740072,0.17024500491862996,False,0.3404900098372599,TURTLE20,7,
XRP,5m,20bar,1729003200000,1729005300000,-1,0.53729252,0.5381542315587804,0.5420559819399244,,TRAIL,-0.7732468092688372,0.33109370444831426,-0.3163622652434828,False,-0.6327245304869656,TURTLE20,8,
XRP,5m,20bar,1729009800000,1729023600000,1,0.54330864,0.5388373163217409,0.5389378362425854,,TRAIL,-2.8453607779312566,0.3607884498805677,-1.1715491100156386,False,-2.343098220031277,TURTLE20,47,
XRP,5m,20bar,1729024500000,1729029000000,-1,0.53699258,0.5397701201899685,0.539662187752418,,SL,-3.0416908352144545,0.5739890171485461,-1.2824347722924907,False,-2.564869544584981,TURTLE20,16,
XRP,5m,20bar,1729031700000,1729034100000,1,0.54020802,0.5382033860503527,0.5383110482600046,,SL,-3.2303958001659394,0.7882613214504164,-1.3978493919387662,False,-2.7956987838775325,TURTLE20,9,
XRP,5m,20bar,1729036200000,1729040700000,1,0.5407081199999999,0.5390510691954483,0.5391589009756435,,SL,-3.342114268549229,0.9393905247734643,-1.4877859630121053,False,-2.9755719260242106,TURTLE20,16,
XRP,5m,20bar,1729041900000,1729042500000,1,0.54250848,0.5404459096880554,0.5405540204921538,,SL,-3.024682908180889,0.7245972279322339,-1.387771368436525,False,-2.77554273687305,TURTLE20,3,
XRP,5m,20bar,1729044600000,1729052700000,1,0.54290856,0.5415492411763881,0.5410799094703096,,TRAIL,-2.329171108038813,0.7539987884422922,-1.0991676494130562,False,-2.1983352988261124,TURTLE20,28,
XRP,5m,20bar,1729053300000,1729056300000,-1,0.54129172,0.5414966538816489,0.5427503456874443,,TRAIL,-1.2142447769013123,0.9230700933577147,-0.585898708170508,False,-1.1717974163410163,TURTLE20,11,
XRP,5m,20bar,1729059300000,1729059600000,1,0.54290856,0.5413805371673486,0.5414888349343354,,SL,-3.142947382010952,0.9385484387645444,-1.534519847286092,False,-3.0690396945721834,TURTLE20,2,
XRP,5m,20bar,1729062300000,1729066200000,-1,0.53819234,0.539101456682534,0.5399877528129025,,TRAIL,-1.7200094998409354,0.7147401928837936,-0.8663706471097791,False,-1.7327412942195581,TURTLE20,14,
XRP,5m,20bar,1729071000000,1729076700000,1,0.54080814,0.5410182752654675,0.5391588105771292,,TRAIL,-0.519223182589753,0.7677810380417769,-0.26614488143170006,False,-0.5322897628634001,TURTLE20,20,
XRP,5m,20bar,1729078200000,1729080000000,1,0.5438087399999999,0.5419340977988832,0.5420425063001433,,SL,-2.7753538965392908,0.7157282082693708,-1.4302115875159425,False,-2.860423175031885,TURTLE20,7,
XRP,5m,20bar,1729085700000,1729086000000,1,0.54800958,0.54699058,0.545554790874089,,TRAIL,-1.2869869192981183,0.5045050603204855,-0.6827470752209671,False,-1.3654941504419342,TURTLE20,2,
XRP,5m,20bar,1729098900000,1729113600000,1,0.54800958,0.548102947812212,0.5451507352322295,,TRAIL,-0.3669969087545265,0.4277194258624012,-0.19738731911470964,False,-0.3947746382294192,TURTLE20,50,
XRP,5m,20bar,1729122600000,1729124700000,-1,0.54669064,0.5482959531638345,0.5482145457583161,,TRAIL,-2.7492760467397916,0.7984123058808541,-1.48454398009011,False,-2.96908796018022,TURTLE20,8,
XRP,5m,20bar,1729128900000,1729129500000,-1,0.54529092,0.5470973458708925,0.5469879482812363,,SL,-2.6068104860954193,0.6940241620303667,-1.450688157431086,False,-2.901376314862172,TURTLE20,3,
XRP,5m,20bar,1729137000000,1729140000000,1,0.5488097399999999,0.5563800334870844,0.5472036400131906,,TRAIL,7.503720331233857,0.7203838984219917,4.300591295510632,False,8.601182591021264,TURTLE20,11,
XRP,5m,20bar,1729141500000,1729142100000,1,0.56221242,0.560319543761032,0.5586327909420447,,TRAIL,-1.3585279200895932,0.35652908442569875,-0.7169445145499274,False,-1.4338890290998547,TURTLE20,3,
XRP,5m,20bar,1729158000000,1729161000000,1,0.55691136,0.5538731731294733,0.5539839699234579,,SL,-2.3636225292721016,0.42521749180904456,-1.2655155252765238,False,-2.5310310505530476,TURTLE20,11,
XRP,5m,20bar,1729164300000,1729167900000,-1,0.5520895600000001,0.5553125050987691,0.5553565496752313,,TRAIL,-2.166142171597218,0.37024212758813024,-1.1898985684897205,False,-2.3797971369794406,TURTLE20,13,
XRP,5m,20bar,1729172400000,1729176900000,-1,0.5503899,0.5518281838292731,0.5538011111287791,,TRAIL,-1.0938246895195836,0.34452988876242185,-0.6155041714824222,False,-1.2310083429648444,TURTLE20,16,
XRP,5m,20bar,1729182900000,1729184700000,-1,0.5483903,0.5518077344015945,0.5516973949226099,,SL,-2.1641647510919118,0.35035861098591325,-1.2329713291136615,False,-2.465942658227323,TURTLE20,7,
XRP,5m,20bar,1729186200000,1729186200000,-1,0.54799038,0.5510716577939153,0.5509614655008152,,SL,-2.155425940897202,0.37997230204530874,-1.259039841016166,False,-2.518079682032332,TURTLE20,1,
XRP,5m,20bar,1729188600000,1729196400000,-1,0.5433913,0.5465707318937991,0.5470981848786378,,TRAIL,-1.725813175696952,0.29442265830239434,-1.0341322265028008,False,-2.068264453005602,TURTLE20,27,
XRP,5m,20bar,1729197000000,1729201200000,1,0.5471094000000001,0.5446110518363407,0.5447199958355078,,SL,-2.1568895764620386,0.4480373703760754,-1.3197350542959456,False,-2.6394701085918912,TURTLE20,15,
XRP,5m,20bar,1729202100000,1729203000000,-1,0.54419114,0.5461983685909702,0.546089150760818,,SL,-2.231237168359417,0.5484768887614435,-1.4022377275552569,False,-2.8044754551105138,TURTLE20,4,
XRP,5m,20bar,1729206900000,1729210800000,-1,0.54349128,0.5447674279158548,0.5451966030115786,,TRAIL,-1.7495209671750778,0.5921709587637405,-1.1312244821105655,False,-2.262448964221131,TURTLE20,14,
XRP,5m,20bar,1729211700000,1729213500000,-1,0.54129172,0.5424192356295799,0.5436984208801268,,TRAIL,-1.116550768233026,0.4083893484795427,-0.7386635446213256,False,-1.477327089242651,TURTLE20,7,
XRP,5m,20bar,1729230000000,1729236600000,1,0.54320862,0.5484439188266055,0.5414440201856177,,TRAIL,3.8655952793260253,0.5527865212497793,2.5956634847050544,False,5.191326969410108,TURTLE20,23,
XRP,5m,20bar,1729242900000,1729243500000,1,0.5509101599999999,0.5486746354925134,0.5487843923709875,,SL,-2.133644286079145,0.48619682154456684,-1.3619905323928139,False,-2.7239810647856277,TURTLE20,3,
XRP,5m,20bar,1729245300000,1729260300000,-1,0.54719054,0.5437719529104553,0.5493655850815659,,TRAIL,1.9365334373908936,0.4586131722264559,1.2707826689314183,False,2.5415653378628367,TURTLE20,51,
XRP,5m,20bar,1729271700000,1729272600000,1,0.54540906,0.5433174194738247,0.5434261046947637,,SL,-2.1630349145820844,0.5147670858275122,-1.3842351396480697,False,-2.7684702792961393,TURTLE20,4,
XRP,5m,20bar,1729276200000,1729280100000,1,0.5460091800000001,0.5439357846900548,0.5440445936087765,,SL,-2.109271468438084,0.5057611507639317,-1.3882628429797388,False,-2.7765256859594776,TURTLE20,14,
XRP,5m,20bar,1729290000000,1729292400000,1,0.5441088000000001,0.5423830450583071,0.5424915433669806,,SL,-2.171705382875266,0.5954299766592517,-1.4701748629026679,False,-2.9403497258053357,TURTLE20,9,
XRP,5m,20bar,1729304400000,1729309500000,1,0.54540906,0.5453694083448051,0.5440611264976155,,TRAIL,-0.7383052161701432,0.6961294005159291,-0.5149502812816272,False,-1.0299005625632547,TURTLE20,18,
XRP,5m,20bar,1729311600000,1729343700000,-1,0.544891,0.5430332057232568,0.5463071305832915,,TRAIL,1.2074598975184707,0.6540654844006336,0.8509383015431006,False,1.7018766030862011,TURTLE20,108,
XRP,5m,20bar,1729354200000,1729358400000,-1,0.5415916599999999,0.5404573060957568,0.5426242776008383,,TRAIL,0.6779806782976578,0.9073236929567685,0.4698007512091151,False,0.9396015024182303,TURTLE20,15,
XRP,5m,20bar,1729365900000,1729366800000,1,0.54080814,0.5395858891947365,0.5396938279603285,,SL,-2.4451928606841937,0.8474065157160577,-1.67860272184783,False,-3.35720544369566,TURTLE20,4,
XRP,5m,20bar,1729369500000,1729374900000,1,0.5411082,0.5398695084183299,0.5399775039191137,,SL,-2.3497665322540526,0.8075264894094462,-1.6691295199694518,False,-3.338259039938904,TURTLE20,19,
XRP,5m,20bar,1729375500000,1729375500000,-1,0.53919214,0.5403153901621232,0.5402073486923847,,SL,-2.373785149443685,0.8681822202788034,-1.7444242681377318,False,-3.4888485362754635,TURTLE20,1,
XRP,5m,20bar,1729377300000,1729384500000,1,0.5416082999999999,0.5408558412001374,0.5404507578758269,,TRAIL,-1.5905911708050464,0.7368765741409002,-1.211132843726117,False,-2.4222656874522337,TURTLE20,25,
XRP,5m,20bar,1729388400000,1729398300000,-1,0.54029192,0.5408358650886301,0.5414435026672082,,TRAIL,-1.3271656267210958,0.7218561741706542,-1.0356371224087466,False,-2.0712742448174932,TURTLE20,34,
XRP,5m,20bar,1729404300000,1729404900000,-1,0.53829232,0.539532725310966,0.5394248403428974,,SL,-2.091108656742011,0.7166071365054397,-1.6662838332111378,False,-3.3325676664222756,TURTLE20,3,
XRP,5m,20bar,1729410900000,1729412100000,-1,0.5376924399999999,0.5391083107196726,0.5390005106175491,,SL,-1.9122954346547425,0.5991881445562353,-1.5763301632504767,False,-3.1526603265009534,TURTLE20,5,
XRP,5m,20bar,1729414500000,1729416600000,-1,0.5364926799999999,0.5361653772365174,0.5379311693135174,,TRAIL,-0.2583313791952386,0.5256557356836422,-0.2198779427050216,False,-0.4397558854100431,TURTLE20,8,
XRP,5m,20bar,1729424700000,1729427400000,1,0.53900778,0.5377292179390343,0.5378367852960935,,SL,-1.9225071442931683,0.6453382488160551,-1.6435635902608878,False,-3.287127180521775,TURTLE20,10,
XRP,5m,20bar,1729429200000,1729431000000,-1,0.5364926799999999,0.5372858370358109,0.5379446571168458,,TRAIL,-1.1199300519988347,0.5019632515865813,-0.9899771348704038,False,-1.979954269740808,TURTLE20,7,
XRP,5m,20bar,1729433100000,1729436700000,1,0.54000798,0.5403147532704832,0.5382895282704122,,TRAIL,-0.22030924687490927,0.41826166630612677,-0.19867905720053444,False,-0.39735811440106883,TURTLE20,13,
XRP,5m,20bar,1729445700000,1729446300000,-1,0.54079182,0.5422985769422461,0.5421901389144632,,SL,-1.7034018456513735,0.5132881247903234,-1.5422884995009818,False,-3.0845769990019636,TURTLE20,3,
XRP,5m,20bar,1729448400000,1729451700000,1,0.54350868,0.5420591992818041,0.5421534975566183,,TRAIL,-1.6593414597095173,0.5144638426228638,-1.5502130034407762,False,-3.1004260068815523,TURTLE20,12,
XRP,5m,20bar,1729452900000,1729455900000,-1,0.54129172,0.5420603918362487,0.5423928340237828,,TRAIL,-1.3363473571891524,0.6122867304778712,-1.2884070792927789,False,-2.5768141585855577,TURTLE20,11,
XRP,5m,20bar,1729461900000,1729462200000,1,0.5440087800000001,0.5425787950323939,0.5426873324988937,,SL,-1.5920120861069393,0.49853385365547587,-1.5754977105654404,False,-3.1509954211308813,TURTLE20,2,
XRP,5m,20bar,1729463400000,1729471800000,1,0.5446089,0.5463272078244485,0.5428328749483319,,TRAIL,0.586155255485137,0.36068262741239165,0.5989477224743126,False,1.1978954449486252,TURTLE20,29,
XRP,5m,20bar,1729478700000,1729486200000,-1,0.54559086,0.5470148237896691,0.5474607810750591,,TRAIL,-1.1013784004163085,0.3472055475872814,-1.1120935678406083,False,-2.224187135681216,TURTLE20,26,
XRP,5m,20bar,1729486800000,1729487400000,1,0.5476095,0.546339034290457,0.5461747624133594,,TRAIL,-1.3004650159411035,0.44299857232648787,-1.3429876292771181,False,-2.6859752585542367,TURTLE20,3,
XRP,5m,20bar,1729491300000,1729491600000,1,0.55041006,0.5502500937208415,0.5483830985247622,,TRAIL,-0.3813838805256989,0.3070160615882346,-0.4047251915800262,False,-0.8094503831600524,TURTLE20,2,
XRP,5m,20bar,1729499100000,1729503000000,1,0.55151028,0.5501270215061906,0.5484677175558391,,TRAIL,-0.628007687824246,0.20305924896554073,-0.6718813211660682,False,-1.3437626423321367,TURTLE20,14,
XRP,5m,20bar,1729505700000,1729510500000,1,0.55641126,0.5542621505675042,0.5524591531850487,,TRAIL,-0.6569402592291856,0.15549122753098954,-0.7124082446822861,False,-1.4248164893645725,TURTLE20,17,
XRP,5m,20bar,1729511400000,1729530300000,-1,0.55268944,0.5458394360492129,0.5562422559554776,,TRAIL,1.5839616959390326,0.16863765404529305,1.7425295041283042,False,3.485059008256609,TURTLE20,64,
XRP,5m,20bar,1729532100000,1729553400000,1,0.5461092000000001,0.5440770446229551,0.5438326659837833,,TRAIL,-1.1099853312149364,0.2702837843103766,-1.1799811049091433,False,-2.359962209818287,TURTLE20,72,
XRP,5m,20bar,1729557000000,1729557900000,-1,0.54149168,0.5421418308107218,0.5434469049607142,,TRAIL,-0.6108397364599778,0.3054267491773661,-0.6650543765220218,False,-1.3301087530440436,TURTLE20,4,
XRP,5m,20bar,1729563000000,1729564200000,1,0.54540906,0.5432593210212311,0.5433679946201551,,SL,-1.2445480279079977,0.29003119932875737,-1.373273014701123,False,-2.7465460294022455,TURTLE20,5,
XRP,5m,20bar,1729566000000,1729569600000,-1,0.54179162,0.543623947442747,0.5435152443938682,,SL,-1.2699738211789238,0.3330155198107337,-1.440903709675881,False,-2.8818074193517615,TURTLE20,13,
XRP,5m,20bar,1729571400000,1729571700000,1,0.5447089199999999,0.543021216083189,0.5431298420515993,,SL,-1.268633449642112,0.35377671358966295,-1.4820940288801294,False,-2.964188057760259,TURTLE20,2,
XRP,5m,20bar,1729580700000,1729583100000,1,0.54540906,0.5471474615922247,0.5440467295716097,,TRAIL,0.6602149876851695,0.3996733142511404,0.7948641949874536,False,1.5897283899749073,TURTLE20,9,
XRP,5m,20bar,1729585800000,1729588200000,-1,0.54199158,0.5361677396116492,0.5444314436004312,,TRAIL,1.7904006625774227,0.22372313046148654,2.1218172998150475,False,4.243634599630095,TURTLE20,9,
XRP,5m,20bar,1729595400000,1729596900000,1,0.53600718,0.533397783616621,0.5335044845135237,,SL,-1.1426310105061381,0.2255159298290425,-1.299015153508092,False,-2.598030307016184,TURTLE20,6,
XRP,5m,20bar,1729599900000,1729605300000,-1,0.5317936200000001,0.5319834610416093,0.5341112134715731,,TRAIL,-0.3061321049361734,0.2359522642845218,-0.3573134375771824,False,-0.7146268751543648,TURTLE20,19,
XRP,5m,20bar,1729606500000,1729607100000,1,0.53450688,0.5312293740282245,0.5313356411564557,,SL,-1.0506634485874433,0.17152081775706657,-1.2351474983242654,False,-2.470294996648531,TURTLE20,3,
XRP,5m,20bar,1729616100000,1729617600000,-1,0.53059386,0.5329243235504455,0.5328177599984458,,SL,-1.1074252045804331,0.23804695303447254,-1.3348506959171935,False,-2.669701391834387,TURTLE20,6,
XRP,5m,20bar,1729620300000,1729622100000,1,0.53400678,0.5328003106392771,0.5322110155973894,,TRAIL,-0.8303139431332811,0.2878177361582337,-1.0282827816510909,False,-2.0565655633021818,TURTLE20,7,
XRP,5m,20bar,1729631100000,1729634100000,-1,0.5316936400000001,0.5330886595925731,0.5329820631799371,,SL,-1.2484576300785655,0.3921557974062908,-1.578587690752229,False,-3.1571753815044583,TURTLE20,11,
XRP,5m,20bar,1729635000000,1729638000000,1,0.53390676,0.5337458691193571,0.5328083001168106,,TRAIL,-0.5588334127221256,0.4466522926049187,-0.7296419927393941,False,-1.459283985478788,TURTLE20,11,
XRP,5m,20bar,1729641000000,1729641000000,-1,0.5323935,0.5336617864983693,0.5335550754832726,,SL,-1.239655198752262,0.41559642116771844,-1.642527496269872,False,-3.285054992539744,TURTLE20,1,
XRP,5m,20bar,1729642500000,1729646400000,-1,0.53209356,0.5327555696057413,0.5333926599932147,,TRAIL,-0.7309531647735292,0.3589868967997806,-1.0014002696478335,False,-2.0028005392956674,TURTLE20,14,
XRP,5m,20bar,1729653600000,1729662900000,-1,0.53009396,0.5298055806162025,0.5316934005066182,,TRAIL,-0.15543815584955392,0.2844090261413057,-0.21730119947201648,False,-0.4346023989440329,TURTLE20,32,
XRP,5m,20bar,1729669800000,1729670700000,-1,0.52469504,0.5268107844758887,0.5268982281990227,,TRAIL,-0.8878821969383683,0.20394604147264012,-1.2466696997527618,False,-2.4933393995055235,TURTLE20,4,
XRP,5m,20bar,1729674000000,1729676700000,-1,0.52309536,0.5255108184378744,0.5255653574286387,,TRAIL,-0.8560026863832105,0.17689085797267012,-1.2326418277346305,False,-2.4652836554692614,TURTLE20,10,
XRP,5m,20bar,1729679100000,1729695900000,1,0.5258051399999999,0.5253835851732133,0.5239972337642513,,TRAIL,-0.39422842819589493,0.23629443515622345,-0.5820368562725159,False,-1.1640737125450318,TURTLE20,57,
XRP,5m,20bar,1729696500000,1729702800000,-1,0.5238952,0.5170436817248363,0.5256550437382466,,TRAIL,2.368720972207003,0.23758261762856042,3.5383567363390283,False,7.0767134726780565,TURTLE20,22,
XRP,5m,20bar,1729706700000,1729709100000,-1,0.5114976800000001,0.5156799922650117,0.5155768768896338,,SL,-0.8432355570728363,0.10830025394110177,-1.1763636319112547,False,-2.3527272638225094,TURTLE20,9,
XRP,5m,20bar,1729712700000,1729755600000,1,0.52020402,0.5283823997315822,0.5173955233136818,,TRAIL,1.8814646335671807,0.15680106326563076,2.687996007444082,False,5.375992014888164,TURTLE20,144,
XRP,5m,20bar,1729756200000,1729756800000,-1,0.52799438,0.5300052250724293,0.5298992452233846,,SL,-1.0244161223612582,0.2457998530315297,-1.3888882021647375,False,-2.777776404329475,TURTLE20,3,
XRP,5m,20bar,1729760100000,1729761000000,-1,0.5258948,0.5272030917090725,0.5278928484268018,,TRAIL,-0.6963122941412868,0.2267715922222426,-0.9710227330192417,False,-1.9420454660384834,TURTLE20,4,
XRP,5m,20bar,1729774500000,1729779300000,1,0.5296059,0.5288321999110713,0.5278975500707165,,TRAIL,-0.579853899809486,0.2613950602961498,-0.8246337150996332,False,-1.6492674301992662,TURTLE20,17,
XRP,5m,20bar,1729789800000,1729806300000,1,0.5308061399999999,0.5314390808415862,0.5293694459983693,,TRAIL,-0.002121016189315983,0.30679399322526113,-0.0030669654872151,False,-0.006133930974430199,TURTLE20,56,
XRP,5m,20bar,1729815600000,1729819500000,-1,0.5307938200000001,0.5313593411482342,0.5316290466080148,,TRAIL,-0.9958691124371964,0.5276458533583976,-1.4401038393424594,False,-2.880207678684919,TURTLE20,14,
XRP,5m,20bar,1729820400000,1729825200000,-1,0.5297940200000001,0.5298601774538347,0.5309632705087942,,TRAIL,-0.403194680011627,0.36519434596845585,-0.6003418147158944,False,-1.2006836294317889,TURTLE20,17,
XRP,5m,20bar,1729829700000,1729830900000,-1,0.52799438,0.5271044287423724,0.5290601860871985,,TRAIL,0.15993461745666493,0.39412712539922967,0.2410306860391355,False,0.482061372078271,TURTLE20,5,
XRP,5m,20bar,1729833600000,1729841700000,-1,0.52509496,0.5226724108655131,0.5266065891377325,,TRAIL,0.7912412445676913,0.27728701998410493,1.1867254124636417,False,2.3734508249272834,TURTLE20,28,
XRP,5m,20bar,1729846500000,1729861200000,1,0.5247049199999999,0.5243625045726811,0.5228161410212678,,TRAIL,-0.3512098962115862,0.22746759150414125,-0.5145418775863665,False,-1.029083755172733,TURTLE20,50,
XRP,5m,20bar,1729863300000,1729864200000,-1,0.52319534,0.5245966111608442,0.5244917128182806,,SL,-1.0578114127068439,0.32760460713432954,-1.5658661635879725,False,-3.1317323271759454,TURTLE20,4,
XRP,5m,20bar,1729871100000,1729872600000,-1,0.52349528,0.5220032175612078,0.5252274920173936,,TRAIL,0.32668663307804713,0.2369783973188747,0.49922488215771,False,0.9984497643154199,TURTLE20,6,
XRP,5m,20bar,1729879200000,1729879800000,-1,0.5151969399999999,0.5159594466253485,0.5180338894101335,,TRAIL,-0.32177698032951874,0.14413652409819205,-0.48686115176749845,False,-0.9737223035349969,TURTLE20,3,
XRP,5m,20bar,1729891500000,1729896600000,1,0.51720342,0.5144991568128224,0.5146020772282681,,SL,-0.8361232018808692,0.15574298282878574,-1.2775266563785954,False,-2.555053312757191,TURTLE20,18,
XRP,5m,20bar,1729897200000,1729898100000,-1,0.51119774,0.5024540472597362,0.5132997038860788,,TRAIL,2.4684180582664044,0.18453315937499282,3.8704288507468827,False,7.740857701493765,TURTLE20,4,
XRP,5m,20bar,1729898700000,1729898700000,-1,0.49160166000000005,0.49800279958454563,0.4979032189407575,,SL,-0.7627350480763251,0.06474480788749076,-1.1100272688166746,False,-2.220054537633349,TURTLE20,1,
XRP,5m,20bar,1729904400000,1729952400000,1,0.50770152,0.5088310939207655,0.5029224847153095,,TRAIL,0.0730573942224747,0.08574764002689278,0.10873624517437726,False,0.21747249034875452,TURTLE20,161,
XRP,5m,20bar,1729953900000,1729956000000,-1,0.5084982800000001,0.5086257183559572,0.5104472325003573,,TRAIL,-0.254870358094309,0.21084202972547633,-0.3785175651204577,False,-0.7570351302409154,TURTLE20,8,
XRP,5m,20bar,1729960200000,1729984800000,1,0.51020202,0.510457381736995,0.5081746103562995,,TRAIL,-0.11767954282145078,0.20184760675877508,-0.17610348513270868,False,-0.35220697026541736,TURTLE20,83,
XRP,5m,20bar,1729993800000,1730003400000,1,0.5126025,0.513956067703004,0.5117082408365303,,TRAIL,0.5492592597773541,0.45864038094553117,0.8248532332844802,False,1.6497064665689603,TURTLE20,33,
XRP,5m,20bar,1730011500000,1730012700000,-1,0.5128974000000001,0.5136166482102081,0.5135139454211239,,SL,-1.4657975044090281,0.6761731257613669,-2.165544651520679,False,-4.331089303041356,TURTLE20,5,
XRP,5m,20bar,1730018700000,1730023200000,-1,0.5118976000000001,0.5110509521631729,0.5127299417721393,,TRAIL,0.1811781211613701,0.47750839984556404,0.2797873581795556,False,0.5595747163591113,TURTLE20,16,
XRP,5m,20bar,1730030700000,1730037300000,1,0.51120222,0.5124463044783283,0.5102345693360165,,TRAIL,0.42388778789561476,0.41331827506911567,0.6509532696936206,False,1.301906539387241,TURTLE20,23,
XRP,5m,20bar,1730041500000,1730046300000,1,0.51440286,0.5145093250517272,0.5133441466338186,,TRAIL,-0.31831795555849796,0.38465366596349776,-0.48255011755114163,False,-0.9651002351022833,TURTLE20,17,
XRP,5m,20bar,1730055000000,1730057400000,-1,0.51319734,0.5135677439390871,0.5143071519458103,,TRAIL,-0.5806820189111909,0.3626435223208844,-0.8888559842724584,False,-1.7777119685449168,TURTLE20,9,
XRP,5m,20bar,1730064900000,1730075100000,1,0.51420282,0.5145168138046885,0.5130824211331929,,TRAIL,-0.17367125863692587,0.3535026242751064,-0.2706518049758436,False,-0.5413036099516871,TURTLE20,35,
XRP,5m,20bar,1730076300000,1730088300000,-1,0.51369724,0.5129754941410525,0.5148122966488199,,TRAIL,0.060521721478601465,0.35257063168459435,0.0948312523627168,False,0.18966250472543358,TURTLE20,41,
XRP,5m,20bar,1730093400000,1730094300000,-1,0.5107978200000001,0.5121621016615702,0.5120596897236255,,SL,-1.0023216634839798,0.3110126467923936,-1.5675608801231224,False,-3.1351217602462453,TURTLE20,4,
XRP,5m,20bar,1730096400000,1730100600000,1,0.5131026,0.5157268585931871,0.5118557004020176,,TRAIL,0.9969111827933537,0.30662827060875286,1.6095609632713679,False,3.219121926542736,TURTLE20,15,
XRP,5m,20bar,1730106900000,1730107200000,1,0.5174034599999999,0.5157418134532291,0.515844982449719,,SL,-0.9359131229546254,0.2542853208124403,-1.4639503215374716,False,-2.9279006430749432,TURTLE20,2,
XRP,5m,20bar,1730109300000,1730111700000,1,0.5184036599999999,0.5164956977710907,0.5165990175746056,,SL,-0.8696498563539445,0.2135314377932288,-1.401331259858463,False,-2.802662519716926,TURTLE20,9,
XRP,5m,20bar,1730114100000,1730122500000,1,0.5194038599999999,0.5175214678199216,0.5174868052113659,,TRAIL,-0.788048078354547,0.19575920652921852,-1.3064558152533987,False,-2.612911630506798,TURTLE20,29,
XRP,5m,20bar,1730124300000,1730136600000,-1,0.5162967199999999,0.5133555640327009,0.5183982419115472,,TRAIL,0.6494456534369852,0.17269003788247253,1.1055628704669627,False,2.2111257409339258,TURTLE20,42,
XRP,5m,20bar,1730142900000,1730172000000,1,0.51590316,0.5219200445468366,0.5136523428844076,,TRAIL,1.4389431039048894,0.16610853942544632,2.396547718933054,False,4.793095437866109,TURTLE20,98,
XRP,5m,20bar,1730185500000,1730187600000,1,0.5239047600000001,0.5253246726775439,0.5227243630539972,,TRAIL,0.4213037626074604,0.3355705566042888,0.6695840925492454,False,1.3391681850984911,TURTLE20,8,
XRP,5m,20bar,1730192400000,1730199900000,-1,0.52229552,0.5241683885424758,0.5240635758273103,,SL,-0.9018645338116054,0.22643683526090147,-1.414404935055468,False,-2.828809870110936,TURTLE20,26,
XRP,5m,20bar,1730200500000,1730203500000,1,0.52450488,0.5238003716172458,0.5232413957855365,,TRAIL,-0.6539213391108373,0.3084425314736614,-1.0554081471376606,False,-2.1108162942753217,TURTLE20,11,
XRP,5m,20bar,1730210400000,1730210700000,1,0.5249049600000001,0.5261985788843986,0.5233738802801732,,TRAIL,0.26261962349726303,0.2498266238605164,0.43299950517453806,False,0.865999010349076,TURTLE20,2,
XRP,5m,20bar,1730217900000,1730223900000,1,0.5268053399999999,0.5277856089355129,0.5247990636069212,,TRAIL,0.10596600672500817,0.19294303051334627,0.1732136047408496,False,0.34642720948169914,TURTLE20,21,
XRP,5m,20bar,1730228100000,1730229600000,1,0.5308061399999999,0.5291904194736122,0.5292962787293581,,SL,-0.9155109146616387,0.25858608064409827,-1.4913412946308102,False,-2.982682589261621,TURTLE20,6,
XRP,5m,20bar,1730230500000,1730234100000,-1,0.52609476,0.5249495915589848,0.5281907558066206,,TRAIL,0.14620627828603222,0.17919159217568675,0.24548800548863403,False,0.4909760109772681,TURTLE20,13,
XRP,5m,20bar,1730239200000,1730247600000,1,0.52730544,0.5265846713725388,0.5254984182508591,,TRAIL,-0.44815700400336733,0.20943343185544233,-0.7488026610238417,False,-1.4976053220476835,TURTLE20,29,
XRP,5m,20bar,1730248500000,1730251200000,-1,0.52559486,0.5252557045720659,0.5268950495348608,,TRAIL,-0.1321068308360849,0.28588748488712656,-0.22408649123637672,False,-0.4481729824727534,TURTLE20,10,
XRP,5m,20bar,1730257800000,1730264700000,1,0.5267053199999999,0.5253119632820077,0.5254170466913459,,SL,-0.9223229096275742,0.28755766528008386,-1.571535383339443,False,-3.1430707666788864,TURTLE20,24,
XRP,5m,20bar,1730265600000,1730268000000,-1,0.524895,0.5260354822875836,0.5259302962283379,,SL,-0.9724189382162467,0.34621839285520856,-1.7106607060661239,False,-3.4213214121322477,TURTLE20,9,
XRP,5m,20bar,1730268900000,1730268900000,1,0.52720542,0.5259994362360935,0.526104657167527,,SL,-0.916643548515694,0.31516728737376576,-1.669666365386762,False,-3.339332730773524,TURTLE20,1,
XRP,5m,20bar,1730271900000,1730273700000,-1,0.52449508,0.5253219818721957,0.5256394767312013,,TRAIL,-0.6755251898627466,0.29208472458319235,-1.2729782160333736,False,-2.545956432066747,TURTLE20,7,
XRP,5m,20bar,1730278500000,1730279700000,-1,0.52319534,0.5233960738875856,0.5244560315475626,,TRAIL,-0.33994059840906143,0.25759653493966245,-0.6573286998872474,False,-1.3146573997744948,TURTLE20,5,
XRP,5m,20bar,1730286900000,1730290200000,-1,0.52199558,0.52140426,0.5232674046215566,,TRAIL,-0.013932350144302108,0.2512163382378773,-0.027299285932548455,False,-0.054598571865096916,TURTLE20,12,
XRP,5m,20bar,1730296800000,1730301000000,1,0.5237047199999999,0.5223716586628756,0.5215550594162885,,TRAIL,-0.46524182671312647,0.1489294763072459,-0.9121008121835313,False,-1.824201624367063,TURTLE20,15,
XRP,5m,20bar,1730318400000,1730318400000,-1,0.52159566,0.522931433562376,0.5228268681887382,,SL,-0.7982083534385359,0.25490585793895393,-1.5939544883343086,False,-3.1879089766686173,TURTLE20,1,
XRP,5m,20bar,1730321100000,1730324100000,1,0.5241048,0.5223833988249887,0.522363049322367,,TRAIL,-0.6539150769150963,0.17477107170631817,-1.348811930705761,False,-2.697623861411522,TURTLE20,11,
XRP,5m,20bar,1730332500000,1730339100000,-1,0.52229552,0.5206513427734387,0.523393455920072,,TRAIL,0.4375610736484167,0.26886225489138105,0.9275669829897693,False,1.8551339659795385,TURTLE20,23,
XRP,5m,20bar,1730352300000,1730359200000,-1,0.519896,0.518237750693631,0.521185158029389,,TRAIL,0.3858916180699703,0.23215322721396237,0.8031358703506609,False,1.6062717407013218,TURTLE20,24,
XRP,5m,20bar,1730363400000,1730364900000,-1,0.51559686,0.5172891533581943,0.5171857162149512,,SL,-0.7104029571508252,0.19042145885452783,-1.4551505318435636,False,-2.910301063687127,TURTLE20,6,
XRP,5m,20bar,1730367000000,1730370000000,1,0.51920382,0.5176074105792104,0.5177109527697644,,SL,-0.7043807664481614,0.19751484885370102,-1.4860639407209348,False,-2.9721278814418692,TURTLE20,11,
XRP,5m,20bar,1730371800000,1730373600000,1,0.52020402,0.5189076901220303,0.5187447231459991,,TRAIL,-0.6050317151341222,0.19648814065709924,-1.3155629704671996,False,-2.6311259409343997,TURTLE20,7,
XRP,5m,20bar,1730379900000,1730380800000,1,0.5198039400000001,0.5183449221598714,0.5184486118822478,,SL,-0.6878655471738572,0.20580365437646927,-1.536090877297917,False,-3.0721817545958334,TURTLE20,4,
XRP,5m,20bar,1730381400000,1730383500000,-1,0.5173964999999999,0.5104060712725667,0.5189321997789188,,TRAIL,1.8014557401045632,0.17429692029516494,4.150386209703496,False,8.300772419406991,TURTLE20,8,
XRP,5m,20bar,1730398200000,1730400600000,-1,0.5043991,0.5078774406817941,0.5077758855046931,,SL,-0.5687616966306992,0.08454999512644898,-1.2099396306116488,False,-2.419879261223297,TURTLE20,9,
XRP,5m,20bar,1730404200000,1730404500000,1,0.50920182,0.506704100248679,0.5068054613409472,,SL,-0.5947770843741248,0.11667583379285958,-1.2966603691529313,False,-2.5933207383058625,TURTLE20,2,
XRP,5m,20bar,1730409300000,1730424600000,1,0.51020202,0.509646040394257,0.5081002597268359,,TRAIL,-0.24827609712774215,0.1300829190511374,-0.5556715753416568,False,-1.1113431506833138,TURTLE20,52,
XRP,5m,20bar,1730426700000,1730427300000,-1,0.50629872,0.5067309069212143,0.5087179567258748,,TRAIL,-0.1899416211340291,0.11100901183313042,-0.42988959544294375,False,-0.8597791908858876,TURTLE20,3,
XRP,5m,20bar,1730431200000,1730435100000,1,0.51250248,0.5178913529817968,0.5097652339750571,,TRAIL,0.7634412072169878,0.09893586506732194,1.7428600273909478,False,3.4857200547818956,TURTLE20,14,
XRP,5m,20bar,1730441700000,1730442900000,-1,0.51369724,0.5163651034098764,0.5162618510396685,,SL,-0.5807997981779438,0.10924127683907175,-1.2812472398727264,False,-2.5624944797454527,TURTLE20,5,
XRP,5m,20bar,1730445000000,1730445900000,-1,0.5126974400000001,0.5139607295751485,0.5152022442613036,,TRAIL,-0.3313892408002744,0.10862330069558239,-0.7502719896825688,False,-1.5005439793651374,TURTLE20,4,
XRP,5m,20bar,1730451000000,1730455200000,1,0.51670332,0.5200583809929404,0.5137443373055537,,TRAIL,0.4018383120396107,0.09146212214764476,0.9236295898162469,False,1.8472591796324938,TURTLE20,15,
XRP,5m,20bar,1730467500000,1730468100000,-1,0.51699658,0.5191467516060493,0.5190429430174458,,SL,-0.6001932223620268,0.13461431869390633,-1.3545287817372658,False,-2.7090575634745315,TURTLE20,3,
XRP,5m,20bar,1730469000000,1730471700000,1,0.52070412,0.5182079453455507,0.5183116076670841,,SL,-0.5620942108975935,0.11231845343028954,-1.3038686784342322,False,-2.6077373568684648,TURTLE20,10,
XRP,5m,20bar,1730474700000,1730475300000,1,0.5226044999999999,0.5199744724067091,0.52007848810433,,SL,-0.5411180557623267,0.10397394817671704,-1.2888201288028311,False,-2.5776402576056623,TURTLE20,3,
XRP,5m,20bar,1730476200000,1730476500000,-1,0.5138972,0.5173106186742288,0.5179011838688888,,TRAIL,-0.4119096876169358,0.06320675411985495,-1.0070328696284907,False,-2.0140657392569814,TURTLE20,2,
XRP,5m,20bar,1730487300000,1730490300000,-1,0.51359726,0.5163110655208389,0.5162078239560477,,SL,-0.5115171910315843,0.09487189592436933,-1.2762569974326838,False,-2.5525139948653677,TURTLE20,11,
XRP,5m,20day_equiv,1729706700000,1730948100000,-1,0.5114976800000001,0.5492037089151766,0.5532185942394146,,TRAIL,-18.380445609843733,0.3050847973738161,-0.9190222804921866,False,-1.8380445609843734,TURTLE20,4139,
XRP,5m,20day_equiv,1730949300000,1731405900000,1,0.5618123399999999,0.6350695342323862,0.5204017752412032,,TRAIL,34.390144245457215,0.34045881544044626,1.751704318218403,False,3.503408636436805,TURTLE20,1523,
XRP,5m,20day_equiv,1731426000000,1731472500000,1,0.6982396200000001,0.6574269674386516,0.6434676538868702,,TRAIL,-15.443109339034574,0.30176833121725066,-0.7599882835652518,False,-1.5199765671305037,TURTLE20,156,
XRP,5m,20day_equiv,1731594900000,1731769800000,1,0.7486497000000001,1.1481942079445517,0.6713168316677607,,TRAIL,103.0951374233286,0.29450638730939427,5.1518378949574375,False,10.303675789914873,TURTLE20,584,
XRP,5m,20day_equiv,1732233900000,1732451700000,1,1.2722544,1.3452706326171118,1.0847767390088918,,TRAIL,8.4118719674218,0.1849092109614786,0.3810892306840229,False,0.7621784613680459,TURTLE20,727,
XRP,5m,20day_equiv,1732864800000,1733233800000,1,1.63302654,2.4545403212466974,1.3393220291851349,,TRAIL,62.02535871455147,0.185724427996696,2.788725439924346,False,5.577450879848692,TURTLE20,1231,
XRP,5m,20day_equiv,1736625300000,1737326700000,1,2.525505,2.8701899508092117,2.1910808643004422,,TRAIL,23.975135206607757,0.22731899309666004,1.0210014690610674,False,2.0420029381221347,TURTLE20,2339,
XRP,5m,20day_equiv,1738542000000,1738595700000,-1,2.42171556,2.437117720322718,2.864913832110014,,TRAIL,-0.9903321379140514,0.157615477490316,-0.04133017081430523,False,-0.08266034162861044,TURTLE20,180,
XRP,5m,20day_equiv,1740438000000,1740929700000,-1,2.2635471999999996,2.520527118552587,2.642753419538009,,TRAIL,-16.405988817941715,0.18122923245090677,-0.6852481572171903,False,-1.3704963144343807,TURTLE20,1640,
XRP,5m,20day_equiv,1740933300000,1741029300000,1,2.87047398,2.420173176081386,2.4206573075428945,,SL,-23.805612918537634,0.16664254245769025,-1.008133357385739,False,-2.016266714771478,TURTLE20,321,
XRP,5m,20day_equiv,1741653600000,1742008500000,-1,1.93571278,2.423025118034904,2.4225406099129216,,SL,-23.28476488677535,0.12429451756751947,-1.0063672425246475,False,-2.012734485049295,TURTLE20,1184,
XRP,5m,20day_equiv,1743411900000,1744464600000,-1,2.0516895799999997,2.102344734753802,2.3774406500092318,,TRAIL,-3.6989853276783484,0.17346844384016213,-0.16315395477027314,False,-0.3263079095405462,TURTLE20,3510,
XRP,5m,20day_equiv,1745358900000,1747951200000,1,2.24814954,2.41341722,1.984824496436771,,TIME,13.94275328333935,0.2400250356620448,0.6169969166073171,False,1.2339938332146343,TURTLE20,8640,
XRP,5m,20day_equiv,1748461500000,1751053500000,-1,2.23075376,2.0948188799999996,2.475546325002818,,TIME,12.460992583759909,0.24254289479179675,0.5447041923616631,False,1.0894083847233262,TURTLE20,8640,
XRP,5m,20day_equiv,1751896800000,1752272400000,1,2.34286848,2.6870918932089682,2.14964945665107,,TRAIL,40.83792195838048,0.3612131113558871,1.7658998118879208,False,3.5317996237758416,TURTLE20,1253,
XRP,5m,20day_equiv,1752482700000,1753278300000,1,2.9880975,3.241525359701482,2.7067571061461777,,TRAIL,21.249100252126752,0.31809163785462957,0.8875017290101415,False,1.775003458020283,TURTLE20,2653,
XRP,5m,20day_equiv,1754159700000,1754601900000,-1,2.75734842,3.1506622836503784,3.1500322771949394,,SL,-24.62664715185678,0.21996923228350224,-1.0106314858661385,False,-2.021262971732277,TURTLE20,1475,
XRP,5m,20day_equiv,1756519200000,1757706600000,-1,2.7634472,3.0920629292962833,3.0914446403682097,,SL,-24.175790861947963,0.25573480159577616,-1.0125964245361583,False,-2.025192849072317,TURTLE20,3959,
XRP,5m,20day_equiv,1757710500000,1758508200000,1,3.13702728,2.8892709695415393,2.889848939329405,,SL,-23.78840700227313,0.3421764981498666,-1.0169664895646329,False,-2.0339329791292657,TURTLE20,2660,
XRP,5m,20day_equiv,1758521100000,1758743100000,-1,2.74205148,2.9678190349885467,2.967225589870573,,SL,-23.324814039498477,0.348653031985268,-1.0178500424816945,False,-2.035700084963389,TURTLE20,741,
XRP,5m,20day_equiv,1760124600000,1760131200000,-1,2.63667256,1.881106975475742,2.8831771354293454,,TRAIL,68.56279861267083,0.24686159435550292,3.054121472154013,False,6.108242944308026,TURTLE20,23,
XRP,5m,20day_equiv,1762281000000,1762764900000,-1,2.1846629799999997,2.4938037648345532,2.4933051038137903,,SL,-24.075658354795856,0.21664613799946597,-1.010710595905756,False,-2.021421191811512,TURTLE20,1614,
XRP,5m,20day_equiv,1763572800000,1764016200000,-1,2.0580883,2.282409394037416,2.365862068557361,,TRAIL,-17.208142036930184,0.19748843429937857,-0.7373123243007812,False,-1.4746246486015624,TURTLE20,1479,
XRP,5m,20day_equiv,1765810500000,1767529200000,-1,1.94841024,2.1049010954522887,2.170352642248349,,TRAIL,-16.465564634223696,0.25197155612169875,-0.7160544386454302,False,-1.4321088772908603,TURTLE20,5730,
XRP,5m,20day_equiv,1767575400000,1767813600000,1,2.12762544,2.1730291905874206,1.9650355174271776,,TRAIL,5.96970877493401,0.3597147491419985,0.2633826077990041,False,0.5267652155980082,TURTLE20,795,
XRP,5m,20day_equiv,1769361300000,1770374100000,-1,1.83793234,1.3858986157761755,2.015977718119723,,TRAIL,57.60040195503105,0.24753725284514572,2.52800398642024,False,5.05600797284048,TURTLE20,3377,
XRP,5m,20day_equiv,1772261700000,1773636900000,-1,1.2975404400000001,1.4867348503507043,1.4864375628381368,,SL,-24.18630646528219,0.2116931153165216,-1.0104175895175718,False,-2.020835179035143,TURTLE20,4585,
XRP,5m,20day_equiv,1773673200000,1774176000000,1,1.5099019200000001,1.386717528331769,1.3633358975351308,,TRAIL,-19.989838093837502,0.27810690853791925,-0.8523282629654012,False,-1.7046565259308022,TURTLE20,1677,
XRP,5m,20day_equiv,1774635900000,1776367800000,-1,1.3182363000000001,1.4571211831586897,1.4568298171952507,,SL,-23.378872729646467,0.2769890471663815,-1.0141174024076303,False,-2.0282348048152605,TURTLE20,5774,
XRP,5m,20day_equiv,1776368400000,1777485900000,1,1.46189232,1.352816818254499,1.3530874357416474,,SL,-22.992584278512005,0.35056830317219423,-1.0180087776707576,False,-2.036017555341515,TURTLE20,3726,
XRP,5m,20day_equiv,1778430600000,1778905800000,1,1.46939382,1.4263077865324707,1.3872394625163549,,TRAIL,-12.071949672484584,0.4679259709541693,-0.54560045023019,False,-1.09120090046038,TURTLE20,1585,
XRP,5m,20day_equiv,1779229800000,1781521500000,-1,1.35492896,1.2015169811357846,1.456159860296979,,TRAIL,32.833691522489104,0.3315983720378117,1.5003137466324248,False,3.000627493264849,TURTLE20,7640,
XRP,5m,20day_equiv,1782395400000,1783167900000,-1,1.04209154,1.152213558966269,1.1519831623338022,,SL,-22.858544099465217,0.27006056587567717,-1.0140773214462855,False,-2.028154642892571,TURTLE20,2576,
XRP,5m,20day_equiv,1785237000000,1787172600000,-1,1.05198956,1.0979958060333455,1.126425503688688,,TRAIL,-14.032100166153452,0.38272148184539656,-0.6353951452643835,False,-1.270790290528767,TURTLE20,6453,
XRP,5m,20day_equiv,1787173800000,1787250600000,1,1.10942184,1.2528424955740887,1.0489384885465114,,TRAIL,51.190223345998966,0.5109381606690535,2.347808009315486,False,4.695616018630972,TURTLE20,257,
XRP,5m,20day_equiv,1787300100000,1787375100000,1,1.3455690599999999,1.569258263033082,1.2589998679360463,,TRAIL,58.522889201318264,0.4611621540492086,2.56373314048377,False,5.12746628096754,TURTLE20,251,
XRP,5m,20day_equiv,1789417200000,1789497300000,1,1.48639722,1.345942015000674,1.3462112572521243,,SL,-24.33467518707974,0.2909116602455177,-1.014043102132782,False,-2.028086204265564,TURTLE20,268,
XRP,5m,20day_equiv,1789498200000,1789796100000,-1,1.29014192,1.4375465928625168,1.43725914103431,,SL,-23.818467034540465,0.2615491076898755,-1.0130784480728834,False,-2.026156896145767,TURTLE20,994,
XRP,5m,20day_equiv,1789989000000,1790855100000,1,1.49569908,1.493,1.333718714759041,,END,-0.6388327879599687,0.25500690518302316,-0.027733604880550215,False,-0.055467209761100436,TURTLE20,2887,
XRP,15m,20bar,1727803800000,1727808300000,-1,0.59108176,0.6059839845544633,0.6058628119920649,,SL,-21.135794677647745,0.9718380628364724,-1.0567897338823873,False,-2.1135794677647746,TURTLE20,6,
XRP,15m,20bar,1727848800000,1727874000000,-1,0.59823033,0.5894042842161292,0.605266540430238,,TRAIL,22.574596264267768,1.982657609889599,1.153101530402456,False,2.306203060804912,TURTLE20,29,
XRP,15m,20bar,1727875800000,1727884800000,-1,0.577644448,0.5868377092457276,0.5867203651726931,,SL,-21.829602244524224,1.5418707691997966,-1.0899119451901955,False,-2.1798238903803906,TURTLE20,11,
XRP,15m,20bar,1727892900000,1727901900000,-1,0.572105556,0.5767107078618696,0.5807607504709039,,TRAIL,-11.98467286656564,1.5602990563173855,-0.611706835471458,False,-1.223413670942916,TURTLE20,11,
XRP,15m,20bar,1727903700000,1727909100000,-1,0.557848408,0.5437127229770712,0.5696953729174671,,TRAIL,22.011539794209313,1.0796664717127538,1.1374008818474257,False,2.2748017636948514,TURTLE20,7,
XRP,15m,20bar,1727939700000,1727948700000,-1,0.527554468,0.5177933250636169,0.5364458807658495,,TRAIL,20.33258607876249,1.396197304146711,1.0272759235323057,False,2.054551847064611,TURTLE20,11,
XRP,15m,20bar,1728001800000,1728004500000,-1,0.51824633,0.5207035624355283,0.5237315277723396,,TRAIL,-11.344392505734316,2.2955748170367203,-0.5616210205809338,False,-1.1232420411618673,TURTLE20,4,
XRP,15m,20bar,1728018900000,1728023400000,1,0.525715122,0.520515282625532,0.5206194065068334,,SL,-22.840994135170725,2.4603988935690904,-1.143623034892374,False,-2.2872460697847474,TURTLE20,6,
XRP,15m,20bar,1728025200000,1728028800000,-1,0.51834631,0.5232606705399884,0.523156039332122,,SL,-22.476027235498975,2.5358166937183615,-1.1516915705251571,False,-2.303383141050314,TURTLE20,5,
XRP,15m,20bar,1728051300000,1728058500000,-1,0.51799638,0.5217976594004382,0.5239107440480958,,TRAIL,-14.26538185392624,2.0111914171392096,-0.7482048430047544,False,-1.4964096860095089,TURTLE20,9,
XRP,15m,20bar,1728060300000,1728096300000,1,0.52830564,0.5262801003024631,0.5217545816356095,,TRAIL,-7.620895770734366,1.813997244023287,-0.4057804088829416,False,-0.8115608177658832,TURTLE20,41,
XRP,15m,20bar,1728111600000,1728126000000,1,0.5318363460000001,0.5282581274186321,0.5283638001786678,,SL,-22.607415532885597,3.4121164027438606,-1.213598173285505,False,-2.42719634657101,TURTLE20,17,
XRP,15m,20bar,1728136800000,1728148500000,-1,0.5275444699999999,0.527593132790599,0.5301890311576624,,TRAIL,-4.68568789801835,4.351224819929325,-0.25779148661327306,False,-0.5155829732265461,TURTLE20,14,
XRP,15m,20bar,1728153000000,1728161100000,1,0.53120622,0.5297011302130222,0.5273101686997832,,TRAIL,-9.939864692701988,2.9543632223082676,-0.5496935312392811,False,-1.0993870624785622,TURTLE20,10,
XRP,15m,20bar,1728222300000,1728231300000,1,0.532376454,0.5332844218450425,0.5300900635233791,,TRAIL,2.1007194665506423,5.001251549496413,0.11746520215237595,False,0.2349304043047519,TURTLE20,11,
XRP,15m,20bar,1728252000000,1728255600000,-1,0.5291841420000001,0.5323481522778145,0.5322417039370271,,SL,-22.28396621370819,3.7341101148527462,-1.2431243365349236,False,-2.486248673069847,TURTLE20,5,
XRP,15m,20bar,1728261000000,1728271800000,1,0.534136806,0.5389554484884449,0.5310983725286008,,TRAIL,24.0175327479471,3.704097122897295,1.3739932682578422,False,2.7479865365156844,TURTLE20,13,
XRP,15m,20bar,1728292500000,1728301500000,-1,0.536962586,0.5357462418043404,0.5405746061058319,,TRAIL,2.847793288291069,3.2003689826560886,0.15855916694714578,False,0.31711833389429156,TURTLE20,11,
XRP,15m,20bar,1728307800000,1728313200000,1,0.541428264,0.5372877162767752,0.536497408236601,,TRAIL,-17.494591195753422,2.3649840663687267,-0.9709830384676534,False,-1.9419660769353069,TURTLE20,6,
XRP,15m,20bar,1728321300000,1728324000000,1,0.545579094,0.5403068203880794,0.5404149033687532,,SL,-20.26627057610233,2.22899205756905,-1.1470926585688792,False,-2.2941853171377584,TURTLE20,4,
XRP,15m,20bar,1728327600000,1728405900000,-1,0.535322914,0.5297397287829784,0.5411309535081129,,TRAIL,14.694594798986623,1.8992957093744296,0.8512592974695865,False,1.7025185949391726,TURTLE20,88,
XRP,15m,20bar,1728418500000,1728418500000,1,0.534476874,0.5299507099878191,0.5300567213320855,,SL,-20.513767205761205,2.5366325200389976,-1.1684710802105387,False,-2.336942160421078,TURTLE20,1,
XRP,15m,20bar,1728438300000,1728442800000,1,0.534036786,0.5305100254334273,0.5306161486631599,,SL,-20.87933664782141,3.201597666333713,-1.2177522032431156,False,-2.4355044064862312,TURTLE20,6,
XRP,15m,20bar,1728458100000,1728467100000,-1,0.529834012,0.5324502917990165,0.5324960281798686,,TRAIL,-20.446066537203933,4.005261723587784,-1.2222504152685338,False,-2.4445008305370677,TURTLE20,11,
XRP,15m,20bar,1728505800000,1728510300000,-1,0.52649468,0.5265959222648752,0.5302876706768127,,TRAIL,-3.154138629680863,2.718545111484482,-0.19327667497726017,False,-0.38655334995452034,TURTLE20,6,
XRP,15m,20bar,1728526500000,1728551700000,1,0.526765332,0.5236531725265597,0.5234366157974695,,TRAIL,-18.276539131824624,3.0779116046359776,-1.1242804578266947,False,-2.24856091565339,TURTLE20,29,
XRP,15m,20bar,1728560700000,1728566100000,1,0.527995578,0.5372325320000001,0.52520950904003,,TRAIL,49.03868329338369,3.6453939255064896,3.0860029875546098,False,6.1720059751092196,TURTLE20,7,
XRP,15m,20bar,1728584100000,1728608400000,-1,0.526714636,0.5342505531494023,0.5341437244045214,,SL,-18.55973135321005,1.4456705700898822,-1.1000671708144096,False,-2.2001343416288193,TURTLE20,28,
XRP,15m,20bar,1728616500000,1728645300000,1,0.5350569900000001,0.5349145855650843,0.5313373061340251,,TRAIL,-3.4794877067451604,2.847791566358098,-0.2108747432624044,False,-0.4217494865248088,TURTLE20,33,
XRP,15m,20bar,1728667800000,1728700200000,1,0.53890776,0.5369284339937149,0.5357976988867865,,TRAIL,-13.867146788250347,3.410230308063923,-0.8439794676475427,False,-1.6879589352950852,TURTLE20,37,
XRP,15m,20bar,1728702000000,1728714600000,-1,0.53644269,0.5384893704112732,0.5386967018224295,,TRAIL,-19.289575541055985,4.62208599131998,-1.1941550708544635,False,-2.388310141708927,TURTLE20,15,
XRP,15m,20bar,1728722700000,1728733500000,1,0.53955789,0.5385448128246481,0.5377525578946543,,TRAIL,-14.497687878448291,5.649604617087583,-0.9194645085696275,False,-1.838929017139255,TURTLE20,13,
XRP,15m,20bar,1728752400000,1728837000000,-1,0.5377224340000001,0.5286854963432354,0.5403750902873872,,TRAIL,48.99491862389631,3.733332742526567,3.1655412495337383,False,6.3310824990674766,TURTLE20,95,
XRP,15m,20bar,1728860400000,1728871200000,1,0.53040606,0.5275298851756345,0.5276354122580861,,SL,-20.854748015058483,3.770444991195147,-1.2671897399146264,False,-2.5343794798292527,TURTLE20,13,
XRP,15m,20bar,1728876600000,1728921600000,1,0.53420682,0.5475596542651399,0.5311856746269206,,TRAIL,67.44905969600417,3.446100157983567,4.204953026683435,False,8.409906053366871,TURTLE20,51,
XRP,15m,20bar,1728946800000,1728950400000,1,0.54930984,0.5461804859769674,0.5462897439257526,,SL,-21.803083649086222,3.784624158631715,-1.2538171387684358,False,-2.507634277536872,TURTLE20,5,
XRP,15m,20bar,1728955800000,1728962100000,1,0.55011,0.5496952351047618,0.5465127447888128,,TRAIL,-5.064648703208926,3.1099263961407866,-0.2987411159928197,False,-0.5974822319856395,TURTLE20,8,
XRP,15m,20bar,1728970200000,1728994500000,-1,0.54519094,0.5392845067455928,0.5489746307180189,,TRAIL,23.408339940093676,2.898057895468605,1.389053275768739,False,2.7781065515374777,TURTLE20,28,
XRP,15m,20bar,1729042200000,1729060200000,1,0.54190836,0.5388608862291207,0.5382867558007378,,TRAIL,-17.67566257620885,3.1012413701394053,-1.0205243630349532,False,-2.0410487260699064,TURTLE20,21,
XRP,15m,20bar,1729062900000,1729070100000,-1,0.5365926599999999,0.5400101918203208,0.5399022113780453,,SL,-20.831804803489938,3.3115712310046317,-1.2278079616377022,False,-2.4556159232754045,TURTLE20,9,
XRP,15m,20bar,1729078200000,1729086300000,1,0.5438087399999999,0.54619074,0.5407886390966409,,TRAIL,9.469370004789308,3.583891151918127,0.5721664167174519,False,1.144332833434904,TURTLE20,10,
XRP,15m,20bar,1729107900000,1729122300000,1,0.55000998,0.5465002378094453,0.5460822344222226,,TRAIL,-17.761841636917918,2.803889293067426,-1.0610789926975666,False,-2.1221579853951336,TURTLE20,17,
XRP,15m,20bar,1729138500000,1729142100000,1,0.55000998,0.561363600168669,0.5471266670178722,,TRAIL,60.726799840798115,3.789170907053639,3.7064294049274316,False,7.412858809854862,TURTLE20,5,
XRP,15m,20bar,1729188900000,1729235700000,-1,0.5426914399999999,0.5491914056994328,0.5496111153757868,,TRAIL,-18.197454685131945,1.6661822779099937,-1.0340218317017482,False,-2.0680436634034964,TURTLE20,53,
XRP,15m,20bar,1729252800000,1729271700000,-1,0.54419114,0.545808567177946,0.547856691604686,,TRAIL,-10.679841684209599,3.0749896774891354,-0.6196685375671561,False,-1.239337075134312,TURTLE20,22,
XRP,15m,20bar,1729276200000,1729335600000,1,0.5460091800000001,0.5419888426863924,0.5420972621388201,,SL,-20.333309433069136,2.8403966658269546,-1.1945895320537316,False,-2.389179064107463,TURTLE20,67,
XRP,15m,20bar,1729338300000,1729348200000,-1,0.54129172,0.5435582993958626,0.5434496094739678,,SL,-22.462982652393723,5.01163098042279,-1.3520105838115841,False,-2.7040211676231682,TURTLE20,12,
XRP,15m,20bar,1729357200000,1729368900000,-1,0.5386922399999999,0.5410820328518445,0.5409738380842277,,SL,-21.521962549743176,4.590154507250663,-1.3313727060669764,False,-2.662745412133953,TURTLE20,14,
XRP,15m,20bar,1729377900000,1729393200000,1,0.54180834,0.5396329007527748,0.5397408489225594,,SL,-21.494587277089053,4.938236082852314,-1.3660537752709607,False,-2.7321075505419214,TURTLE20,18,
XRP,15m,20bar,1729395000000,1729398600000,-1,0.53909216,0.5411735840084856,0.5410653709342987,,SL,-21.171600199316728,5.027350469945297,-1.3833206614886402,False,-2.7666413229772804,TURTLE20,5,
XRP,15m,20bar,1729411200000,1729416600000,-1,0.5375924599999999,0.5372301119339965,0.5397404885726919,,TRAIL,-1.9574668409212141,4.467803694339345,-0.13153711302957696,False,-0.26307422605915387,TURTLE20,7,
XRP,15m,20bar,1729433700000,1729437300000,1,0.54030804,0.538801608551654,0.5375804215385506,,TRAIL,-11.720427260026586,3.52318372150132,-0.7896622155623665,False,-1.5793244311247332,TURTLE20,5,
XRP,15m,20bar,1729463400000,1729477800000,1,0.5446089,0.5453324610590727,0.5421694451192135,,TRAIL,0.41675558629332343,3.9160661700560198,0.02852942392398731,False,0.05705884784797462,TURTLE20,17,
XRP,15m,20bar,1729491300000,1729492200000,1,0.55041006,0.5479529332278739,0.5468510454974458,,TRAIL,-12.797466473180052,2.7064720408565655,-0.8755638859651861,False,-1.751127771930372,TURTLE20,2,
XRP,15m,20bar,1729505700000,1729512900000,1,0.55641126,0.5516023677098244,0.55068525519595,,TRAIL,-13.727550637662874,1.6672793778752732,-0.9559371069563173,False,-1.9118742139126348,TURTLE20,9,
XRP,15m,20bar,1729518300000,1729582200000,-1,0.54509096,0.5480314524970286,0.5509710291665195,,TRAIL,-8.61512558163113,1.5711504899699644,-0.6116196668236601,False,-1.2232393336473202,TURTLE20,72,
XRP,15m,20bar,1729588500000,1729620000000,-1,0.5358928000000001,0.5355921502056294,0.5406152241229011,,TRAIL,-1.0083289139235148,1.8941191171689709,-0.0724715033732603,False,-0.1449430067465206,TURTLE20,36,
XRP,15m,20bar,1729645200000,1729664100000,-1,0.5308938000000001,0.5309892905933998,0.5332820648985411,,TRAIL,-4.261883307257225,3.7063845257842196,-0.30675845388983314,False,-0.6135169077796664,TURTLE20,22,
XRP,15m,20bar,1729669500000,1729678500000,-1,0.5256948400000001,0.5261987859625872,0.5286232990237918,,TRAIL,-5.352053856614679,2.975885787446864,-0.3876038998472792,False,-0.7752077996945583,TURTLE20,11,
XRP,15m,20bar,1729692000000,1729695600000,1,0.52740546,0.5242648138994856,0.5243696878370531,,SL,-17.02215518054863,2.847830976377625,-1.242401623840159,False,-2.4848032476803175,TURTLE20,5,
XRP,15m,20bar,1729697400000,1729705500000,-1,0.52259546,0.519415001366864,0.5259355512741389,,TRAIL,10.221162642282724,2.500862595649035,0.765024709384503,False,1.5300494187690057,TURTLE20,10,
XRP,15m,20bar,1729707300000,1729711800000,-1,0.51399718,0.5192847978937022,0.519180961701362,,SL,-15.4590521309659,1.6223435806953277,-1.1396288309915301,False,-2.2792576619830602,TURTLE20,6,
XRP,15m,20bar,1729721700000,1729755900000,1,0.52380474,0.5272696583595929,0.520254118941965,,TRAIL,10.581412791244867,2.3544342953059574,0.7982473134279647,False,1.5964946268559292,TURTLE20,39,
XRP,15m,20bar,1729760400000,1729762200000,-1,0.52549488,0.5287331719931965,0.5286274465038957,,SL,-16.641351037436717,2.7193833490406427,-1.2356733111902394,False,-2.471346622380479,TURTLE20,3,
XRP,15m,20bar,1729791900000,1729819800000,1,0.5321064,0.5292790877259663,0.5292291344745693,,TRAIL,-15.813684986373943,2.9071108796126532,-1.2039707618401676,False,-2.4079415236803356,TURTLE20,32,
XRP,15m,20bar,1729822500000,1729842300000,-1,0.5286942400000001,0.5237945179215833,0.5309536413397314,,TRAIL,24.215081431387087,3.582671224755918,1.8890972350097415,False,3.778194470019483,TURTLE20,23,
XRP,15m,20bar,1729856700000,1729861200000,1,0.5267053199999999,0.5241101023023214,0.5242149452913796,,SL,-17.230502573301667,3.3678343593044895,-1.2952697198113485,False,-2.590539439622697,TURTLE20,6,
XRP,15m,20bar,1729872000000,1729880100000,-1,0.52169564,0.51620322,0.5248059265766621,,TRAIL,20.287986573399742,2.5944466796862375,1.5656694532714324,False,3.131338906542864,TURTLE20,10,
XRP,15m,20bar,1729898100000,1729899000000,-1,0.49970004,0.49609919999999996,0.5055629250973549,,TRAIL,6.845821985889528,1.3618873453111755,0.5122666411038931,False,1.0245332822077862,TURTLE20,2,
XRP,15m,20bar,1729917900000,1729952100000,1,0.51440286,0.5094011113857873,0.5095030119881849,,SL,-15.474024011363468,1.6925512602573778,-1.1461643266285524,False,-2.2923286532571048,TURTLE20,39,
XRP,15m,20bar,1729953900000,1729959300000,-1,0.5084982800000001,0.5098810022067699,0.511283753725474,,TRAIL,-9.441839799420176,2.8936552077712383,-0.7157668578456057,False,-1.4315337156912114,TURTLE20,7,
XRP,15m,20bar,1729974600000,1729976400000,1,0.51330264,0.5109267953209085,0.5110290011211327,,SL,-17.10126643932712,3.514390832062017,-1.3152406778748542,False,-2.6304813557497084,TURTLE20,3,
XRP,15m,20bar,1729997100000,1730017800000,1,0.5136027,0.5125559674377107,0.5117746672249104,,TRAIL,-11.513433825665413,4.264104646310749,-0.9094080726591298,False,-1.8188161453182596,TURTLE20,24,
XRP,15m,20bar,1730019600000,1730031300000,-1,0.5113977,0.5117780284149909,0.5129811787584535,,TRAIL,-7.80459969731778,4.819073680044097,-0.6278795005819255,False,-1.255759001163851,TURTLE20,14,
XRP,15m,20bar,1730043900000,1730052000000,1,0.51490296,0.5134650513151422,0.5131477856140596,,TRAIL,-14.370198166393713,4.314849391373108,-1.170783660078284,False,-2.341567320156568,TURTLE20,10,
XRP,15m,20bar,1730056500000,1730064600000,-1,0.5119975800000001,0.5140869411476722,0.5139841443188085,,SL,-16.321587493821905,3.7147330553444355,-1.3616532999964879,False,-2.7233065999929758,TURTLE20,10,
XRP,15m,20bar,1730070900000,1730075400000,1,0.51620322,0.5140843331462741,0.5141871705803902,,SL,-15.830247350318444,3.5753057227737073,-1.3576350653861793,False,-2.7152701307723586,TURTLE20,6,
XRP,15m,20bar,1730087100000,1730096100000,-1,0.5118976000000001,0.5136201438089627,0.5140421312218896,,TRAIL,-12.366147676894398,3.2547031754049445,-1.0901470826748694,False,-2.1802941653497387,TURTLE20,11,
XRP,15m,20bar,1730099700000,1730123100000,1,0.5171034,0.5166601702223754,0.5146119170876976,,TRAIL,-4.736421373645682,2.762423406038307,-0.42684937332169787,False,-0.8536987466433956,TURTLE20,27,
XRP,15m,20bar,1730128500000,1730136600000,-1,0.5143970999999999,0.5150634901482232,0.5176367839660024,,TRAIL,-4.360507836392263,2.097541348138229,-0.3963554827530352,False,-0.7927109655060703,TURTLE20,10,
XRP,15m,20bar,1730153700000,1730192400000,1,0.51920382,0.52203387139523,0.5158286778099014,,TRAIL,7.131372404411061,2.0202487211407414,0.6533972959309507,False,1.3067945918619017,TURTLE20,44,
XRP,15m,20bar,1730211300000,1730214000000,1,0.5268053399999999,0.5237493352455065,0.5238541060667198,,SL,-13.81102219005006,2.36156896056322,-1.2490834826989365,False,-2.4981669653978735,TURTLE20,4,
XRP,15m,20bar,1730220300000,1730230200000,1,0.5296059,0.5263808439901496,0.5263293389644247,,TRAIL,-12.695916120844394,2.0846761245394907,-1.1776518167521215,False,-2.3553036335042425,TURTLE20,12,
XRP,15m,20bar,1730233800000,1730238300000,-1,0.5233953,0.5274030132103387,0.5272975536995987,,SL,-12.512066310870924,1.7007908614684988,-1.1885931964756382,False,-2.3771863929512764,TURTLE20,6,
XRP,15m,20bar,1730268900000,1730270700000,1,0.52720542,0.5249402596259881,0.525045268679724,,SL,-13.779347292016995,3.003240205990796,-1.340854112672672,False,-2.681708225345344,TURTLE20,3,
XRP,15m,20bar,1730272500000,1730279700000,-1,0.5243951,0.5248154199606312,0.5266016438463236,,TRAIL,-4.758332036152556,2.853270327319396,-0.4757876324809305,False,-0.951575264961861,TURTLE20,9,
XRP,15m,20bar,1730287800000,1730295900000,-1,0.52099578,0.5229472436202962,0.5236237043668415,,TRAIL,-9.716961551420857,2.3610454796015894,-0.9809374527649677,False,-1.9618749055299354,TURTLE20,10,
XRP,15m,20bar,1730339100000,1730366100000,-1,0.51999598,0.5190447610253379,0.5225561164241371,,TRAIL,1.2434340577411938,2.3648569936540946,0.12803791507219,False,0.25607583014437996,TURTLE20,31,
XRP,15m,20bar,1730372400000,1730376000000,1,0.52100418,0.5182305333712944,0.5183342002113367,,SL,-12.388148555770385,2.273797518248583,-1.272364484237936,False,-2.5447289684758725,TURTLE20,5,
XRP,15m,20bar,1730383200000,1730384100000,-1,0.51459706,0.5125564186612493,0.5175657513933994,,TRAIL,4.552517653504109,1.9697982103877085,0.4797902721451224,False,0.9595805442902446,TURTLE20,2,
XRP,15m,20bar,1730398500000,1730410200000,-1,0.5054988800000001,0.5106035503550815,0.5105014500650685,,SL,-10.942587113282976,1.1674634645098172,-1.1422792162764552,False,-2.2845584325529105,TURTLE20,14,
XRP,15m,20bar,1730421900000,1730424600000,1,0.51240246,0.5093542904267297,0.5094561816630624,,SL,-11.632241767038197,1.9477621861217496,-1.2426604702025057,False,-2.485320940405012,TURTLE20,4,
XRP,15m,20bar,1730427300000,1730427300000,-1,0.50619874,0.5104790928937152,0.5103770174902171,,SL,-10.683767975411307,1.3326566112142977,-1.170424799430246,False,-2.340849598860492,TURTLE20,1,
XRP,15m,20bar,1730431800000,1730438100000,1,0.51500298,0.51485715445186,0.510242125673635,,TRAIL,-1.4300639020658537,1.1570136393499142,-0.16042112958205912,False,-0.3208422591641182,TURTLE20,8,
XRP,15m,20bar,1730452500000,1730475000000,1,0.5225044799999999,0.516627005791292,0.5167303518616643,,SL,-10.00434936300903,0.959474796180255,-1.1258761399875326,False,-2.251752279975065,TURTLE20,26,
XRP,15m,20bar,1730476800000,1730478600000,-1,0.51569684,0.521545349953983,0.5214410617416347,,SL,-9.784478975687568,0.941038608966529,-1.1264981678987156,False,-2.252996335797431,TURTLE20,3,
XRP,15m,20bar,1730496600000,1730506500000,-1,0.51029792,0.5144699313200666,0.5146750829979354,,TRAIL,-9.284740417903112,1.1925996884958368,-1.0936015024152632,False,-2.187203004830526,TURTLE20,12,
XRP,15m,20bar,1730515500000,1730521800000,1,0.5166033,0.5137089900461398,0.5138117523966191,,SL,-10.449062102730661,1.8389987690676453,-1.2582616623244478,False,-2.5165233246488956,TURTLE20,8,
XRP,15m,20bar,1730543400000,1730560500000,-1,0.51099778,0.5096382292051969,0.5130882431176137,,TRAIL,2.893435467365805,2.3714664394693985,0.3574180204302657,False,0.7148360408605314,TURTLE20,20,
XRP,15m,20bar,1730592900000,1730595600000,1,0.51120222,0.5089780380125325,0.5090798539833291,,SL,-10.895851561608989,2.351465914937518,-1.336381246211186,False,-2.672762492422372,TURTLE20,4,
XRP,15m,20bar,1730599200000,1730601900000,-1,0.50679862,0.5018786957591402,0.5090503962820692,,TRAIL,15.205207930394844,2.1327672652985097,1.9161396652776972,False,3.8322793305553944,TURTLE20,4,
XRP,15m,20bar,1730627100000,1730644200000,-1,0.5018996,0.4980803868103143,0.5047528896627023,,TRAIL,9.296149202743791,1.7325839454931242,1.1282503980162781,False,2.2565007960325563,TURTLE20,20,
XRP,15m,20bar,1730665800000,1730739600000,1,0.5024004599999999,0.5077605130548575,0.4981743385926975,,TRAIL,9.477673618384207,1.2083378629564812,1.1248982253112894,False,2.2497964506225787,TURTLE20,83,
XRP,15m,20bar,1730750400000,1730757600000,-1,0.5058988,0.5005831039794346,0.509486753850989,,TRAIL,11.31335989138098,1.4499777641504878,1.3132295101507296,False,2.6264590203014597,TURTLE20,9,
XRP,15m,20bar,1730780100000,1730794500000,1,0.50680134,0.5136187277821919,0.5032816175806817,,TRAIL,15.586664442044086,1.5379143195871166,1.762961677734881,False,3.525923355469762,TURTLE20,17,
XRP,15m,20bar,1730809800000,1730817000000,-1,0.50819834,0.5101395415592935,0.5111561043637818,,TRAIL,-7.897893778550977,1.890771312388245,-0.8628828988141463,False,-1.7257657976282925,TURTLE20,9,
XRP,15m,20bar,1730836800000,1730836800000,-1,0.5073985,0.511117351204522,0.511015148174887,,SL,-10.769034988639655,1.5198890095453237,-1.197230282257123,False,-2.394460564514246,TURTLE20,1,
XRP,15m,20bar,1730849400000,1730862900000,1,0.51500298,0.5315659746371737,0.5114504757072088,,TRAIL,39.381519493193,1.5518796832683885,4.4855831129401045,False,8.97116622588021,TURTLE20,16,
XRP,15m,20bar,1730874600000,1730880000000,1,0.53780754,0.5318503876617232,0.5309106802488868,,TRAIL,-9.153947378430082,0.890286790479861,-0.9568045941210617,False,-1.9136091882421233,TURTLE20,7,
XRP,15m,20bar,1730905200000,1730913300000,-1,0.52799438,0.5332940142920232,0.5331873768166598,,SL,-10.727525371157322,1.150695787437207,-1.1431563581078135,False,-2.286312716215627,TURTLE20,10,
XRP,15m,20bar,1730916900000,1730937600000,1,0.53480694,0.5398303003994093,0.5302982304764214,,TRAIL,8.904922737147304,1.3113245636792035,0.9711377573276151,False,1.9422755146552302,TURTLE20,24,
XRP,15m,20bar,1730948400000,1730950200000,1,0.5509101599999999,0.5673865,0.5456220916209489,,TRAIL,27.939010740444473,1.1860823834405974,2.9888724712058985,False,5.977744942411797,TURTLE20,3,
XRP,15m,20bar,1730975400000,1730995200000,-1,0.54469104,0.54720610879318,0.5512875134115987,,TRAIL,-4.760955578062324,0.983873990437881,-0.4805912014867991,False,-0.9611824029735985,TURTLE20,23,
XRP,15m,20bar,1731000600000,1731032100000,1,0.5492098200000001,0.548437683142186,0.5438403413994896,,TRAIL,-2.614254833778544,1.2033883112873835,-0.2664551749146235,False,-0.532910349829247,TURTLE20,36,
XRP,15m,20bar,1731033900000,1731074400000,-1,0.54559086,0.5502110896750616,0.5506572261648515,,TRAIL,-10.166048777819416,1.266455446159373,-1.0417152399053617,False,-2.083430479810724,TURTLE20,46,
XRP,15m,20bar,1731076200000,1731076200000,1,0.5540107799999999,0.5498180910565409,0.5499280766718753,,SL,-11.363171044303282,1.550117208741309,-1.1891597003015688,False,-2.3783194006031376,TURTLE20,1,
XRP,15m,20bar,1731084300000,1731090600000,-1,0.54329132,0.5469717239219206,0.5492650259875601,,TRAIL,-6.768726892227632,1.0215140372059837,-0.7256068104624349,False,-1.4512136209248696,TURTLE20,8,
XRP,15m,20bar,1731105000000,1731116700000,1,0.55051008,0.5451640880579659,0.5452731426865032,,SL,-10.538445879349245,1.1540170333274127,-1.1463563689022407,False,-2.2927127378044814,TURTLE20,14,
XRP,15m,20bar,1731124800000,1731130200000,-1,0.5426914399999999,0.5466769631557391,0.546567649625814,,SL,-10.750149234757448,1.514616369742896,-1.1968248999583806,False,-2.3936497999167616,TURTLE20,7,
XRP,15m,20bar,1731132900000,1731154500000,1,0.55141026,0.5472435008977187,0.5472447413908771,,TRAIL,-10.157242282877075,1.3874104736721704,-1.158547545136545,False,-2.3170950902730905,TURTLE20,25,
XRP,15m,20bar,1731157200000,1731174300000,-1,0.54519094,0.5455083791162261,0.5487897529310157,,TRAIL,-2.3127270221480822,1.5573188376359695,-0.27004979873224055,False,-0.5400995974644811,TURTLE20,20,
XRP,15m,20bar,1731177900000,1731198600000,1,0.54750948,0.5526592010223772,0.5436885526162444,,TRAIL,10.008507495747018,1.471533931248557,1.1750078875748944,False,2.3500157751497888,TURTLE20,24,
XRP,15m,20bar,1731201300000,1731218400000,1,0.56401278,0.5802263672402909,0.5581732361430547,,TRAIL,23.180687007682604,1.0249568414124939,2.6589480501082923,False,5.317896100216584,TURTLE20,20,
XRP,15m,20bar,1731242700000,1731249000000,1,0.60722142,0.5996257698840094,0.596916505447747,,TRAIL,-7.412845472791071,0.645175347570802,-0.8073583131363298,False,-1.614716626272659,TURTLE20,8,
XRP,15m,20bar,1731269700000,1731274200000,-1,0.58548288,0.5792200083461342,0.5988163377807538,,TRAIL,3.7696149756342274,0.4734481012057695,0.41729984917262786,False,0.8345996983452557,TURTLE20,6,
XRP,15m,20bar,1731292200000,1731301200000,1,0.5931185999999999,0.5826048924258346,0.5827214367131772,,SL,-9.828859169182904,0.6180162958586081,-1.0790579468767147,False,-2.1581158937534295,TURTLE20,11,
XRP,15m,20bar,1731303000000,1731319200000,-1,0.5758848,0.5814175497725756,0.5854837395045132,,TRAIL,-5.781598276154146,0.6447004639282328,-0.6487311623863645,False,-1.297462324772729,TURTLE20,19,
XRP,15m,20bar,1731327300000,1731327300000,1,0.5846169,0.5780622109806564,0.5781778465499663,,SL,-9.907520760711877,0.9530168094284495,-1.1262985378532837,False,-2.2525970757065674,TURTLE20,1,
XRP,15m,20bar,1731339000000,1731357900000,1,0.58671732,0.6169390934018295,0.5784906789361272,,TRAIL,30.832587681700435,0.7548278816079674,3.585859565860411,False,7.17171913172082,TURTLE20,22,
XRP,15m,20bar,1731395700000,1731402000000,1,0.61382274,0.6744745614383011,0.6026935034877566,,TRAIL,49.57981752046112,0.6400278481280297,5.38031903550301,False,10.760638071006023,TURTLE20,8,
XRP,15m,20bar,1731424500000,1731460500000,1,0.6736346999999999,0.6941803338227742,0.6433747810012259,,TRAIL,6.653196949276673,0.2768172859695911,0.6518505486838797,False,1.3037010973677594,TURTLE20,41,
XRP,15m,20bar,1731468600000,1731503700000,-1,0.67606476,0.675545493074731,0.700866739273556,,TRAIL,-0.1216064454136287,0.3380835535091587,-0.011761126939042755,False,-0.02352225387808551,TURTLE20,40,
XRP,15m,20bar,1731505500000,1731519900000,1,0.70244046,0.7117034678978246,0.6810667441551005,,TRAIL,4.069629606395882,0.4103650078197094,0.39368547809592636,False,0.7873709561918528,TURTLE20,17,
XRP,15m,20bar,1731526200000,1731573000000,-1,0.68606276,0.7024733844129974,0.710879740830577,,TRAIL,-7.239261754757961,0.3497607728829263,-0.6948365805400121,False,-1.3896731610800241,TURTLE20,53,
XRP,15m,20bar,1731574800000,1731592800000,1,0.70734144,0.7170188420355984,0.694247004630263,,TRAIL,6.922340634374633,0.6705301845236646,0.6737813137607881,False,1.3475626275215762,TURTLE20,21,
XRP,15m,20bar,1731609000000,1731624300000,1,0.7681536,0.7980888778114733,0.7392468381483199,,TRAIL,10.444290771596048,0.3384995662198163,1.0030709241513067,False,2.0061418483026134,TURTLE20,18,
XRP,15m,20bar,1731644100000,1731645000000,1,0.8271653999999999,0.7951151235160362,0.7952741783517066,,SL,-10.998348642308345,0.3241751218380984,-1.0355089297697262,False,-2.0710178595394524,TURTLE20,2,
XRP,15m,20bar,1731657600000,1731663900000,-1,0.78224352,0.8102497607791693,0.8100877432305232,,SL,-10.818682344986472,0.35692636304377007,-1.0401344834747788,False,-2.080268966949557,TURTLE20,8,
XRP,15m,20bar,1731665700000,1731682800000,1,0.81736344,0.8750034416246493,0.7927441686770516,,TRAIL,23.425285741131564,0.4200738626271028,2.3000104573725806,False,4.600020914745162,TURTLE20,20,
XRP,15m,20bar,1731708000000,1731713400000,1,0.91628322,0.8842293942296287,0.8844062754847256,,SL,-11.073522360800366,0.3610418867572175,-1.0394388120552864,False,-2.078877624110573,TURTLE20,7,
XRP,15m,20bar,1731732300000,1731737700000,1,0.92898576,0.9505313678469522,0.9063955843012079,,TRAIL,9.42876154813451,0.5207642588019434,0.9038396975077906,False,1.807679395015581,TURTLE20,7,
XRP,15m,20bar,1731746700000,1731755700000,1,0.98659728,1.0446466705413189,0.9566950618653245,,TRAIL,20.18473036386149,0.43286623309993094,1.9005494480388319,False,3.8010988960776633,TURTLE20,11,
XRP,15m,20bar,1731764700000,1731769200000,1,1.1142228,1.1322417887032934,1.0677256906774917,,TRAIL,3.9526129733954707,0.3195733854857397,0.35854078227613906,False,0.7170815645522782,TURTLE20,6,
XRP,15m,20bar,1731798000000,1731833100000,-1,1.1107778,1.0834802583279857,1.1673422219238287,,TRAIL,5.099894038472356,0.25843091320748635,0.45931675695376434,False,0.9186335139075288,TURTLE20,40,
XRP,15m,20bar,1731844800000,1731847500000,-1,1.0309937599999999,1.0657213420555627,1.0655082404074812,,SL,-11.68282219161403,0.40842240490428267,-1.0426235797829397,False,-2.0852471595658795,TURTLE20,4,
XRP,15m,20bar,1731851100000,1731859200000,1,1.11942384,1.0794730969556274,1.0796890347625798,,SL,-11.395479156688634,0.36429515252046335,-1.0386380645369284,False,-2.077276129073857,TURTLE20,10,
XRP,15m,20bar,1731868200000,1731888000000,-1,1.05018992,1.0797240894821423,1.0860548708046698,,TRAIL,-9.230030862794061,0.38282026793844337,-0.8591150188841118,False,-1.7182300377682238,TURTLE20,23,
XRP,15m,20bar,1731894300000,1731922200000,1,1.1117222999999998,1.1305774080883795,1.0795849196772667,,TRAIL,5.752991665143435,0.44203763772589266,0.5448399367866542,False,1.0896798735733084,TURTLE20,32,
XRP,15m,20bar,1731930300000,1731940200000,-1,1.11117772,1.144075744656108,1.1438469752610558,,SL,-11.190974203699952,0.44211882484119414,-1.0484223304512168,False,-2.0968446609024336,TURTLE20,12,
XRP,15m,20bar,1731944700000,1731947400000,1,1.1609321400000001,1.1280960112791332,1.128321675614256,,SL,-10.962728118685478,0.44012265284148266,-1.0490358311668007,False,-2.0980716623336013,TURTLE20,4,
XRP,15m,20bar,1731955500000,1731963600000,-1,1.1012796999999999,1.1177655555234407,1.1327014458030633,,TRAIL,-5.801372160642339,0.4335175324594612,-0.5670366881721106,False,-1.1340733763442212,TURTLE20,10,
XRP,15m,20bar,1731978000000,1731989700000,1,1.1377275,1.11030868486625,1.1105307910244548,,SL,-10.699267407274196,0.5016541416936536,-1.0577616898624442,False,-2.1155233797248885,TURTLE20,14,
XRP,15m,20bar,1732005000000,1732018500000,-1,1.08248346,1.104662482911536,1.1044415945926174,,SL,-10.592338070019489,0.5917163946607581,-1.0698226836254536,False,-2.1396453672509073,TURTLE20,16,
XRP,15m,20bar,1732024800000,1732030200000,-1,1.0699859600000001,1.0921661661212008,1.0919477765658876,,SL,-10.35786766114512,0.5723425765629371,-1.0690143652934518,False,-2.1380287305869037,TURTLE20,7,
XRP,15m,20bar,1732045500000,1732049100000,1,1.10912178,1.086483103096075,1.086700443184712,,SL,-10.131046299687824,0.5571148206666214,-1.0684483280875658,False,-2.1368966561751317,TURTLE20,5,
XRP,15m,20bar,1732092300000,1732105800000,1,1.09231842,1.1171172352650363,1.0742752810309322,,TRAIL,12.071996795257927,0.6817737478808148,1.3009462440054669,False,2.6018924880109338,TURTLE20,16,
XRP,15m,20bar,1732120200000,1732140000000,-1,1.08898216,1.101794279440599,1.1167592465698266,,TRAIL,-4.842009478711041,0.45054456078526517,-0.5085697259412609,False,-1.0171394518825216,TURTLE20,23,
XRP,15m,20bar,1732153500000,1732154400000,1,1.12152426,1.1002988384879537,1.100518942276409,,SL,-10.120836083676545,0.598090087492868,-1.0739430685118163,False,-2.147886137023633,TURTLE20,2,
XRP,15m,20bar,1732157100000,1732158900000,-1,1.0767846,1.100841301158977,1.1006211769235923,,SL,-9.81220956731804,0.5054706918448227,-1.0640486165850869,False,-2.1280972331701733,TURTLE20,3,
XRP,15m,20bar,1732203000000,1732211100000,-1,1.0957808,1.122593887158011,1.1223694132753559,,SL,-9.553340080568693,0.451807919928101,-1.0585024378233188,False,-2.1170048756466375,TURTLE20,10,
XRP,15m,20bar,1732212900000,1732216500000,1,1.15483092,1.1869583815345979,1.125288893241918,,TRAIL,9.187245193778107,0.4201742235233328,1.0399553221334843,False,2.0799106442669686,TURTLE20,5,
XRP,15m,20bar,1732233600000,1732242600000,1,1.23964788,1.351042091336552,1.2033155175187165,,TRAIL,27.263210147238482,0.3858193122156932,3.023194470503648,False,6.046388941007297,TURTLE20,11,
XRP,15m,20bar,1732248900000,1732259700000,1,1.4274854399999999,1.3667384749175906,1.367011877293049,,SL,-9.871640871620885,0.2651268376899462,-1.0322444492622043,False,-2.064488898524408,TURTLE20,13,
XRP,15m,20bar,1732275900000,1732280400000,1,1.44268848,1.4292699512385536,1.3993837290556785,,TRAIL,-3.27481059696587,0.37268407900536216,-0.34965456422224406,False,-0.6993091284444881,TURTLE20,6,
XRP,15m,20bar,1732314600000,1732325400000,1,1.46539302,1.5665446466200355,1.4254903865515498,,TRAIL,23.152020874183165,0.42400327932647075,2.4893711375814322,False,4.9787422751628645,TURTLE20,13,
XRP,15m,20bar,1732374900000,1732377600000,1,1.57451484,1.5390562165731916,1.5393640893910698,,SL,-10.367794541869339,0.5188908937922261,-1.0619052342873578,False,-2.1238104685747152,TURTLE20,4,
XRP,15m,20bar,1732379400000,1732414500000,-1,1.4564086600000001,1.4988706849641187,1.5134445643838739,,TRAIL,-7.411348987833552,0.297083909561766,-0.7755674789230498,False,-1.5511349578460998,TURTLE20,40,
XRP,15m,20bar,1732427100000,1732431600000,-1,1.42911412,1.4613794395073627,1.46108722206295,,SL,-10.004090716454188,0.5103015296680472,-1.0633818256397976,False,-2.126763651279595,TURTLE20,6,
XRP,15m,20bar,1732446900000,1732452300000,-1,1.39102174,1.3260386624467226,1.4269302286957497,,TRAIL,16.245059534461227,0.4180283669920878,1.7642859282826935,False,3.528571856565387,TURTLE20,7,
XRP,15m,20bar,1732473900000,1732496400000,1,1.38367668,1.3748319854956987,1.3330712321989717,,TRAIL,-1.9778634380120255,0.31177471496261056,-0.2074835844726052,False,-0.4149671689452103,TURTLE20,26,
XRP,15m,20bar,1732498200000,1732506300000,-1,1.3596280200000002,1.401059387809019,1.4007792319626264,,SL,-9.939810891004074,0.38211359138797507,-1.0470598118188217,False,-2.0941196236376434,TURTLE20,10,
XRP,15m,20bar,1732509000000,1732532400000,1,1.44748944,1.471246876029212,1.4087758216686121,,TRAIL,5.283194333915658,0.4204339287152533,0.568435480538701,False,1.136870961077402,TURTLE20,27,
XRP,15m,20bar,1732540500000,1732549500000,-1,1.44531088,1.4198328145262495,1.481536236642901,,TRAIL,6.165098638975442,0.44607708017665193,0.6558659861169601,False,1.3117319722339202,TURTLE20,11,
XRP,15m,20bar,1732571100000,1732586400000,-1,1.4130173400000001,1.4439175755241445,1.4587607559894953,,TRAIL,-6.7899318270750335,0.35686804739591815,-0.7129855907776677,False,-1.4259711815553353,TURTLE20,18,
XRP,15m,20bar,1732604400000,1732621500000,-1,1.42241546,1.3241591017003618,1.452339022647485,,TRAIL,30.307409688357943,0.5169832983156533,3.2285064014841773,False,6.457012802968354,TURTLE20,20,
XRP,15m,20bar,1732639500000,1732644900000,1,1.3862771999999999,1.3417628060070783,1.3420312122495281,,SL,-10.423911508884201,0.36970007098128244,-1.0430599551036954,False,-2.086119910207391,TURTLE20,7,
XRP,15m,20bar,1732653900000,1732668300000,1,1.40538102,1.3620184713857288,1.3622909295716432,,SL,-10.224041790259633,0.3770608186558397,-1.0448571321510582,False,-2.0897142643021165,TURTLE20,17,
XRP,15m,20bar,1732692600000,1732708800000,1,1.3865772600000001,1.4169110700268233,1.3583012785535964,,TRAIL,9.707937858731457,0.5699363246164044,1.0132881535205263,False,2.0265763070410525,TURTLE20,19,
XRP,15m,20bar,1732722300000,1732750200000,1,1.4747948999999998,1.4609925305489477,1.4403778763093,,TRAIL,-4.420290742171076,0.5002762457673955,-0.4522134757860318,False,-0.9044269515720637,TURTLE20,32,
XRP,15m,20bar,1732752900000,1732774500000,-1,1.4574084600000001,1.4772610579228094,1.4850467077712624,,TRAIL,-7.574852264046818,0.6171085091365316,-0.782010488234935,False,-1.5640209764698703,TURTLE20,25,
XRP,15m,20bar,1732788000000,1732795200000,-1,1.44181158,1.4660275120555015,1.465734365182465,,SL,-10.347109222387745,0.6953850264763896,-1.0851844930565784,False,-2.1703689861131568,TURTLE20,9,
XRP,15m,20bar,1732814100000,1732840200000,1,1.47149424,1.523178117273152,1.4423436202657909,,TRAIL,15.963426191029681,0.5749613370024338,1.711355515376729,False,3.422711030753458,TURTLE20,30,
XRP,15m,20bar,1732860900000,1732866300000,1,1.59061806,1.596244289923079,1.5607211502427576,,TRAIL,1.198479315198575,0.6170069312554302,0.12423064936420254,False,0.24846129872840508,TURTLE20,7,
XRP,15m,20bar,1732875300000,1732895100000,1,1.6548309,1.7107430909707793,1.6170802233959949,,TRAIL,13.806572772519887,0.5173270129118959,1.4275994875937912,False,2.8551989751875824,TURTLE20,23,
XRP,15m,20bar,1732915800000,1732926600000,1,1.74894972,1.8004008415912283,1.7089823906591628,,TRAIL,12.27543801576948,0.5300303868277108,1.234045708525201,False,2.468091417050402,TURTLE20,13,
XRP,15m,20bar,1732943700000,1732961700000,1,1.87157424,1.859401921225619,1.819413060517346,,TRAIL,-2.816036209075112,0.43744224325124115,-0.2762764303653947,False,-0.5525528607307894,TURTLE20,21,
XRP,15m,20bar,1732971600000,1732985100000,-1,1.8216356,1.8762177774661506,1.8758426089443618,,SL,-10.621545900308742,0.41489053849902746,-1.0478513867262176,False,-2.0957027734524356,TURTLE20,16,
XRP,15m,20bar,1732994100000,1733013000000,1,1.8973794,1.891010997895216,1.8564307290703441,,TRAIL,-2.094285648899734,0.5508786729898278,-0.21103093573820153,False,-0.42206187147640306,TURTLE20,22,
XRP,15m,20bar,1733021100000,1733042700000,-1,1.8460307200000001,1.89705787514512,1.8966785394372325,,SL,-10.394399180791877,0.43820116340675475,-1.0518322189216414,False,-2.103664437843283,TURTLE20,25,
XRP,15m,20bar,1733044500000,1733053500000,1,1.92328458,1.888414142125058,1.888791900505159,,SL,-10.421696209259698,0.6414491606492521,-1.0772563237302195,False,-2.1545126474604386,TURTLE20,11,
XRP,15m,20bar,1733069700000,1733074200000,-1,1.87922408,1.909490592612656,1.9091087708584844,,SL,-10.306838895772959,0.7200365470611954,-1.0888431662322275,False,-2.177686332464455,TURTLE20,6,
XRP,15m,20bar,1733076000000,1733081400000,1,1.91698332,2.0288066216085014,1.8862521510627612,,TRAIL,32.9805502787214,0.7133525534097622,3.561720280379634,False,7.123440560759269,TURTLE20,7,
XRP,15m,20bar,1733083200000,1733084100000,1,2.11262244,2.1051467607408125,2.0571899385936927,,TRAIL,-1.7905786990715051,0.4528477205464956,-0.18051396790283486,False,-0.3610279358056697,TURTLE20,2,
XRP,15m,20bar,1733096700000,1733103000000,1,2.2724543999999995,2.371601599783898,2.194889566793261,,TRAIL,12.278553904499875,0.3550550344522734,1.242325448276179,False,2.484650896552358,TURTLE20,8,
XRP,15m,20bar,1733128200000,1733141700000,-1,2.32873416,2.3621137616352104,2.4348738833745807,,TRAIL,-3.4540659133224887,0.26859338832076113,-0.3410043783556645,False,-0.6820087567113291,TURTLE20,16,
XRP,15m,20bar,1733147100000,1733157000000,1,2.42068404,2.7206851412353164,2.314815795326774,,TRAIL,28.214144791202873,0.2931317904925598,2.8045830044980997,False,5.6091660089962,TURTLE20,12,
XRP,15m,20bar,1733209200000,1733215500000,-1,2.6049789000000003,2.643436696982043,2.6981656691572673,,TRAIL,-4.743629378498432,0.35902560188522903,-0.44648877428097267,False,-0.8929775485619453,TURTLE20,8,
XRP,15m,20bar,1733227200000,1733228100000,1,2.8381675200000003,2.7262961789936306,2.725706063741701,,TRAIL,-10.78676408757428,0.3125902986473502,-1.0244400442508395,False,-2.048880088501679,TURTLE20,2,
XRP,15m,20bar,1733234400000,1733237100000,-1,2.4287141599999997,2.5193238686823496,2.59189492042699,,TRAIL,-5.914544629285031,0.18764170336342006,-0.5734654701614041,False,-1.1469309403228083,TURTLE20,4,
XRP,15m,20bar,1733258700000,1733280300000,1,2.6035206,2.48947358615687,2.483877729859373,,TRAIL,-9.9789464572061,0.26040049493190165,-0.9787696518579218,False,-1.9575393037158433,TURTLE20,25,
XRP,15m,20bar,1733288400000,1733314500000,1,2.56941378,2.5630890572765592,2.5020681653250745,,TRAIL,-1.395828507287453,0.45707716764041434,-0.1396412293688415,False,-0.279282458737683,TURTLE20,30,
XRP,15m,20bar,1733327100000,1733335200000,-1,2.50179954,2.4178418423749912,2.5738906993511406,,TRAIL,11.20052823864171,0.40813748275139916,1.123659454566701,False,2.247318909133402,TURTLE20,10,
XRP,15m,20bar,1733361300000,1733365800000,-1,2.2367525600000002,2.3220110788016264,2.3408295867292317,,TRAIL,-8.616934793827026,0.26785463946679566,-0.8454678208076917,False,-1.6909356416153833,TURTLE20,6,
XRP,15m,20bar,1733386500000,1733401800000,1,2.40738138,2.3438512631463126,2.3169767207981207,,TRAIL,-7.35700963260643,0.3159482977222522,-0.7342636654527109,False,-1.468527330905422,TURTLE20,18,
XRP,15m,20bar,1733409000000,1733417100000,-1,2.33433304,2.3872396823755397,2.3959622649623844,,TRAIL,-8.928968548563406,0.4538114904305046,-0.904434317371116,False,-1.808868634742232,TURTLE20,10,
XRP,15m,20bar,1733430600000,1733438700000,-1,2.2915416,2.2850786351133645,2.3511441509527042,,TRAIL,0.6045377014453679,0.4466093425589452,0.06236298088175839,False,0.12472596176351677,TURTLE20,10,
XRP,15m,20bar,1733461200000,1733472000000,1,2.3357670600000002,2.3013364064173785,2.283087703415792,,TRAIL,-6.856320361722788,0.5126198743132919,-0.7064041414968129,False,-1.412808282993626,TURTLE20,13,
XRP,15m,20bar,1733476500000,1733486400000,-1,2.2840431,2.29414949002041,2.3276948691464416,,TRAIL,-2.8175481311052506,0.602146019224242,-0.29445096557948097,False,-0.588901931158962,TURTLE20,12,
XRP,15m,20bar,1733495400000,1733544000000,1,2.30956182,2.3954077314230915,2.250141210791075,,TRAIL,13.290893752815252,0.451922744596003,1.397207648954364,False,2.794415297908728,TURTLE20,55,
XRP,15m,20bar,1733557500000,1733561100000,-1,2.38392312,2.4228438040837634,2.42235933221732,,SL,-10.635250914189582,0.7337134565257534,-1.0876395416345308,False,-2.175279083269062,TURTLE20,5,
XRP,15m,20bar,1733564700000,1733568300000,1,2.43028596,2.3926591334855574,2.3931377610377647,,SL,-10.433965720352989,0.7451387950027488,-1.09078218332272,False,-2.1815643666454396,TURTLE20,5,
XRP,15m,20bar,1733577300000,1733590800000,1,2.45109012,2.4979674446626614,2.4135273676785984,,TRAIL,10.937479325047935,0.7396877596159042,1.168921003130188,False,2.337842006260376,TURTLE20,16,
XRP,15m,20bar,1733607900000,1733608800000,1,2.54160822,2.4963678787540595,2.4968672522045003,,SL,-10.329479058669259,0.6469494035773753,-1.0787233554220876,False,-2.1574467108441753,TURTLE20,2,
XRP,15m,20bar,1733615100000,1733634900000,1,2.57381466,2.5324142763449213,2.525818969792752,,TRAIL,-8.679677425982163,0.5980608951724328,-0.9264190352276822,False,-1.8528380704553644,TURTLE20,23,
XRP,15m,20bar,1733648400000,1733657400000,-1,2.4970005,2.5339126928630273,2.5387961469722424,,TRAIL,-8.785170124124768,0.6641113200063302,-0.9553803726322164,False,-1.9107607452644326,TURTLE20,11,
XRP,15m,20bar,1733679000000,1733683500000,1,2.56971384,2.5745437704241954,2.531812115958045,,TRAIL,0.41488457627088304,0.7345311554731979,0.04599727062576786,False,0.09199454125153574,TURTLE20,6,
XRP,15m,20bar,1733704200000,1733705100000,-1,2.5380922800000003,2.5189502499703957,2.5841807675640887,,TRAIL,3.1552840686556944,0.5943605430951266,0.34949735526086817,False,0.6989947105217363,TURTLE20,2,
XRP,15m,20bar,1733728500000,1733750100000,-1,2.4210157,2.4222353953496705,2.469506696621076,,TRAIL,-0.7734826157495849,0.5448122092465921,-0.08508066021243983,False,-0.1701613204248797,TURTLE20,25,
XRP,15m,20bar,1733756400000,1733757300000,1,2.46729336,2.412873077725648,2.413355748875423,,SL,-9.649605039100042,0.49269057184528786,-1.0632354852448458,False,-2.126470970489691,TURTLE20,2,
XRP,15m,20bar,1733776200000,1733778900000,-1,2.3506297800000002,2.2269453,2.4057024912872693,,TRAIL,19.5061434661345,0.4429917028412371,2.195968422930305,False,4.391936845860611,TURTLE20,4,
XRP,15m,20bar,1733822100000,1733832900000,1,2.24064804,2.173247846606631,2.1736825831232554,,SL,-9.699748504849493,0.3667201535373573,-1.0460397672528856,False,-2.092079534505771,TURTLE20,13,
XRP,15m,20bar,1733834700000,1733841000000,-1,2.1363726400000003,2.1974372042225876,2.196997804661655,,SL,-9.534038358047024,0.38940208803601917,-1.0501390055504227,False,-2.100278011100846,TURTLE20,8,
XRP,15m,20bar,1733845500000,1733855400000,-1,2.08078376,2.010349752804414,2.1562671691327426,,TRAIL,8.004549937846594,0.2890380111879748,0.900586339023949,False,1.8011726780478978,TURTLE20,12,
XRP,15m,20bar,1733862600000,1734041700000,1,2.20854162,2.312104785738039,2.0980310551051455,,TRAIL,8.257332976283065,0.22208147573772885,0.9125894704325367,False,1.8251789408650732,TURTLE20,200,
XRP,15m,20bar,1734073200000,1734078600000,-1,2.2898419399999996,2.3237223166163243,2.325139989033527,,TRAIL,-9.565886154136827,0.7225312715428958,-1.0382589455718725,False,-2.076517891143745,TURTLE20,7,
XRP,15m,20bar,1734093000000,1734103800000,1,2.3769753,2.416020483075802,2.3399037430595566,,TRAIL,8.802513104116532,0.6998804234299998,0.9756640559786658,False,1.9513281119573316,TURTLE20,13,
XRP,15m,20bar,1734139800000,1734158700000,1,2.44718934,2.4795244849566886,2.4111291221015403,,TRAIL,7.49393029904653,0.7540141611341278,0.8147237696799897,False,1.6294475393599794,TURTLE20,22,
XRP,15m,20bar,1734172200000,1734214500000,-1,2.4363126399999997,2.4018506566249163,2.471952432314598,,TRAIL,8.277669282453186,0.7614044931916888,0.8855013833563209,False,1.7710027667126416,TURTLE20,48,
XRP,15m,20bar,1734227100000,1734247800000,1,2.4069813,2.407425316456348,2.3806472994769887,,TRAIL,-0.8831586688718593,1.0435663303156595,-0.09283160419888638,False,-0.18566320839777276,TURTLE20,24,
XRP,15m,20bar,1734251400000,1734255900000,-1,2.3832232600000003,2.4140449144670586,2.4135622020266534,,SL,-10.547887111815339,0.9009083691721664,-1.1107841315670357,False,-2.2215682631340714,TURTLE20,6,
XRP,15m,20bar,1734292800000,1734302700000,-1,2.39981994,2.394212605142286,2.4219714143992914,,TRAIL,1.1446809913991154,1.2056700253632422,0.12328368222369603,False,0.24656736444739208,TURTLE20,12,
XRP,15m,20bar,1734305400000,1734314400000,1,2.4357870599999996,2.4245148638912877,2.404980809224555,,TRAIL,-4.286889264516686,0.8810976373219961,-0.46056812841231104,False,-0.9211362568246222,TURTLE20,11,
XRP,15m,20bar,1734339600000,1734351300000,-1,2.37872416,2.3472031945476886,2.4016088140057184,,TRAIL,11.559687610048533,1.1426766230379481,1.253477943446943,False,2.506955886893886,TURTLE20,14,
XRP,15m,20bar,1734365700000,1734367500000,1,2.44388868,2.518042119514534,2.4026443185640045,,TRAIL,16.313736615321133,0.6823702867571053,1.7257214939617505,False,3.451442987923501,TURTLE20,3,
XRP,15m,20bar,1734397200000,1734414300000,-1,2.43081374,2.478666805002665,2.4781711707685115,,SL,-10.49021071880738,0.6083001892121596,-1.0726670029456733,False,-2.1453340058913466,TURTLE20,20,
XRP,15m,20bar,1734416100000,1734432300000,1,2.4946988400000003,2.6244608044740207,2.461616092529783,,TRAIL,36.647402890033874,0.8884831253364611,3.829502637330525,False,7.65900527466105,TURTLE20,19,
XRP,15m,20bar,1734435000000,1734436800000,1,2.6941387199999998,2.6376947356717566,2.638222380147786,,SL,-10.989363813056086,0.5894409206648985,-1.0666485782024018,False,-2.133297156404803,TURTLE20,3,
XRP,15m,20bar,1734449400000,1734458400000,-1,2.56588672,2.637269987852405,2.6367426393245403,,SL,-10.602209339153674,0.44425074921969665,-1.051502296312909,False,-2.103004592625818,TURTLE20,11,
XRP,15m,20bar,1734475500000,1734518700000,-1,2.54089172,2.529701159496444,2.589012307578847,,TRAIL,1.671423583692157,0.6240718358381716,0.16932887119275083,False,0.3386577423855016,TURTLE20,49,
XRP,15m,20bar,1734520500000,1734526800000,1,2.5485096,2.506964411334854,2.5074659045157572,,SL,-10.757281449200002,0.7319652700253887,-1.0861223032185598,False,-2.1722446064371197,TURTLE20,8,
XRP,15m,20bar,1734534000000,1734547500000,-1,2.46010788,2.488012966429928,2.511774520163062,,TRAIL,-5.789859034485388,0.5567589613789024,-0.5975608021026048,False,-1.1951216042052097,TURTLE20,16,
XRP,15m,20bar,1734552000000,1734552900000,-1,2.4050189,2.3645728200000002,2.465794452829713,,TRAIL,5.92027817183329,0.4507832949909,0.6184118978449632,False,1.2368237956899264,TURTLE20,2,
XRP,15m,20bar,1734573600000,1734576300000,-1,2.2761446800000003,2.275808522664605,2.3493656675225436,,TRAIL,-0.31701175653950386,0.361506611803085,-0.03270940023126729,False,-0.06541880046253458,TURTLE20,4,
XRP,15m,20bar,1734593400000,1734620400000,1,2.36377266,2.343900464820777,2.3072075750375016,,TRAIL,-3.8862859575362347,0.48364610130372865,-0.4012510379709131,False,-0.8025020759418262,TURTLE20,31,
XRP,15m,20bar,1734622200000,1734625800000,-1,2.31163758,2.3644533586645724,2.363980562552062,,SL,-10.209465651568127,0.5149855412003548,-1.0626340058564283,False,-2.125268011712856,TURTLE20,5,
XRP,15m,20bar,1734630300000,1734632100000,-1,2.28414308,2.308991689900246,2.3417515452711233,,TRAIL,-4.50591840087407,0.44984616428582275,-0.47917420872559,False,-0.9583484174511799,TURTLE20,3,
XRP,15m,20bar,1734639300000,1734642000000,-1,2.19566078,2.2758025341562123,2.27534746466328,,SL,-9.680137346982335,0.31356163910804535,-1.03937856738156,False,-2.0787571347631206,TURTLE20,4,
XRP,15m,20bar,1734655500000,1734676200000,1,2.33876766,2.2733998570681426,2.2685233659462267,,TRAIL,-8.845951352006963,0.3592774422185732,-0.9699734954975786,False,-1.9399469909951572,TURTLE20,24,
XRP,15m,20bar,1734683400000,1734696900000,-1,2.25984794,2.029534673212096,2.314589554448746,,TRAIL,37.20470162671882,0.4204411728290735,4.160265266440193,False,8.320530532880388,TURTLE20,16,
XRP,15m,20bar,1734708600000,1734784200000,1,2.23164624,2.2261025389923343,2.134658745421173,,TRAIL,-0.8208361755807829,0.2671398519397517,-0.08473618491486443,False,-0.16947236982972885,TURTLE20,85,
XRP,15m,20bar,1734787800000,1734789600000,-1,2.20825826,2.255858522166524,2.2554074406783884,,SL,-10.31243243446823,0.5493682992611364,-1.0663755236550716,False,-2.132751047310143,TURTLE20,3,
XRP,15m,20bar,1734843600000,1734854400000,-1,2.19216148,2.2305752790690234,2.2313064849118236,,TRAIL,-9.929093941622298,0.6415851714759377,-1.0491106391983125,False,-2.0982212783966245,TURTLE20,13,
XRP,15m,20bar,1734860700000,1734876000000,1,2.27135418,2.2356390742679686,2.2360862915262736,,SL,-10.093665742518143,0.7104566936562955,-1.089356447103812,False,-2.178712894207624,TURTLE20,18,
XRP,15m,20bar,1734877800000,1734892200000,-1,2.2039591200000004,2.2403890850247894,2.241179072390712,,TRAIL,-9.520837919752227,0.649375348982869,-1.050419773174145,False,-2.10083954634829,TURTLE20,17,
XRP,15m,20bar,1734897600000,1734901200000,-1,2.17946402,2.208821288229585,2.2179094042564413,,TRAIL,-7.383538357859278,0.6077054781372078,-0.8320957127424937,False,-1.6641914254849874,TURTLE20,5,
XRP,15m,20bar,1734927300000,1734933600000,1,2.22284448,2.174987592933998,2.175422677469492,,SL,-9.29133899557479,0.48552855750097107,-1.0648179448108694,False,-2.1296358896217384,TURTLE20,8,
XRP,15m,20bar,1734961500000,1734972300000,-1,2.1640671,2.166805876911968,2.197442158580675,,TRAIL,-1.3656951992989668,0.6649037895239184,-0.15991884134715934,False,-0.31983768269431867,TURTLE20,13,
XRP,15m,20bar,1734985800000,1734990300000,1,2.1943387800000003,2.207515305697648,2.156035718970986,,TRAIL,2.341428916436883,0.5869705270010631,0.27505408088007655,False,0.5501081617601531,TURTLE20,6,
XRP,15m,20bar,1735018200000,1735022700000,1,2.25575106,2.2276152722471156,2.2280608844240004,,SL,-9.528711544907198,0.8315247759412643,-1.1132398733849382,False,-2.2264797467698765,TURTLE20,6,
XRP,15m,20bar,1735036200000,1735046100000,-1,2.21525686,2.240964681226878,2.2405165779112957,,SL,-9.403171473908271,0.8858418757627635,-1.1235895132036366,False,-2.2471790264072733,TURTLE20,12,
XRP,15m,20bar,1735047900000,1735070400000,1,2.28335658,2.291880503247036,2.2534432458903018,,TRAIL,1.580401350676706,0.7507511570007805,0.1931841156821881,False,0.3863682313643762,TURTLE20,26,
XRP,15m,20bar,1735094700000,1735121700000,-1,2.27764438,2.298433165606155,2.302621764118532,,TRAIL,-7.737978014196569,0.9027518634382601,-0.9422296595125595,False,-1.8844593190251189,TURTLE20,31,
XRP,15m,20bar,1735128000000,1735154100000,-1,2.25634864,2.2854649004562737,2.2850078988764984,,SL,-8.952308088864692,0.7661681915290791,-1.1110318210865735,False,-2.2220636421731466,TURTLE20,30,
XRP,15m,20bar,1735155900000,1735173000000,1,2.29225836,2.2717922704766718,2.2710185927763997,,TRAIL,-8.607404713789215,1.0157839354738272,-1.0925034939098162,False,-2.185006987819632,TURTLE20,20,
XRP,15m,20bar,1735177500000,1735212600000,-1,2.25374916,2.1833046857940563,2.278856212366125,,TRAIL,20.805349608420066,0.8171561214933878,2.6997291800737298,False,5.3994583601474595,TURTLE20,40,
XRP,15m,20bar,1735263900000,1735284600000,1,2.16113214,2.128770096699033,2.12919593588621,,SL,-8.885520825620235,0.6546490569009927,-1.0939304032034567,False,-2.187860806406913,TURTLE20,24,
XRP,15m,20bar,1735290900000,1735294500000,1,2.21114214,2.174420880790454,2.174855851960846,,SL,-8.616220573708343,0.5761293716785929,-1.0845032420940177,False,-2.1690064841880354,TURTLE20,5,
XRP,15m,20bar,1735310700000,1735320600000,-1,2.13737244,2.1476190129318034,2.169559051401198,,TRAIL,-3.0952289906821964,0.6208524100611497,-0.3982266925770729,False,-0.7964533851541458,TURTLE20,12,
XRP,15m,20bar,1735362900000,1735397100000,1,2.1444288,2.149574985227973,2.1247615248149754,,TRAIL,1.0074926035376315,1.0100877293948098,0.13066288708832585,False,0.2613257741766517,TURTLE20,39,
XRP,15m,20bar,1735407000000,1735428600000,1,2.1829365000000003,2.1633888358812206,2.1638216002012607,,SL,-8.960490668585177,1.0546892407443904,-1.1590675103496633,False,-2.318135020699326,TURTLE20,25,
XRP,15m,20bar,1735434900000,1735458300000,-1,2.15246942,2.17047861276294,2.1700446038421717,,SL,-8.85251718320929,1.114470021857779,-1.1722757364939191,False,-2.3445514729878383,TURTLE20,27,
XRP,15m,20bar,1735475400000,1735480800000,-1,2.1494700200000003,2.162642855098512,2.162210413015909,,SL,-9.12241242052824,1.497586880906106,-1.2370185757920953,False,-2.4740371515841906,TURTLE20,7,
XRP,15m,20bar,1735482600000,1735506000000,-1,2.14247142,2.1172397588547023,2.1576793081976486,,TRAIL,10.723784902734181,1.208693595503319,1.4910574133160526,False,2.9821148266321047,TURTLE20,27,
XRP,15m,20bar,1735509600000,1735511400000,-1,2.0878823399999997,2.079129282828578,2.1074874449416856,,TRAIL,2.362242001230147,0.9445442859298105,0.318939899394736,False,0.637879798789472,TURTLE20,3,
XRP,15m,20bar,1735534800000,1735539300000,-1,2.05988794,2.0725577388045724,2.08817782098701,,TRAIL,-3.9915124641091855,0.6532874214578476,-0.5355012351876483,False,-1.0710024703752963,TURTLE20,6,
XRP,15m,20bar,1735561800000,1735563600000,1,2.06951382,2.040053080358382,2.0404611725929005,,SL,-8.103375118309717,0.6258384086492879,-1.0989180894416886,False,-2.197836178883377,TURTLE20,3,
XRP,15m,20bar,1735566300000,1735579800000,-1,2.02069578,2.022537317922455,2.0522447298439452,,TRAIL,-0.9755183554615198,0.5545544658441339,-0.1352652878247051,False,-0.2705305756494102,TURTLE20,16,
XRP,15m,20bar,1735589700000,1735594200000,1,2.09331858,2.0648236339216224,2.05846939906275,,TRAIL,-6.395864160842122,0.5149091470551832,-0.8892556603419617,False,-1.7785113206839236,TURTLE20,6,
XRP,15m,20bar,1735606800000,1735632900000,-1,2.00979796,2.04131598360155,2.042729906987156,,TRAIL,-7.282571267719596,0.5214196653466026,-1.030874122958823,False,-2.061748245917646,TURTLE20,30,
XRP,15m,20bar,1735650900000,1735662600000,1,2.0824163999999996,2.0884538107701514,2.0547252529361235,,TRAIL,0.8832146084494097,0.6252712101709115,0.12765410676327535,False,0.25530821352655075,TURTLE20,14,
XRP,15m,20bar,1735667100000,1735669800000,-1,2.05588874,2.08917541788575,2.0887576663524796,,SL,-7.549485761131212,0.5248507452696336,-1.0883749592807388,False,-2.1767499185614776,TURTLE20,4,
XRP,15m,20bar,1735693200000,1735720200000,1,2.09551902,2.100539713276783,2.0714208048259235,,TRAIL,0.704801725090773,0.7089063194611072,0.10386902178172855,False,0.20773804356345707,TURTLE20,31,
XRP,15m,20bar,1735723800000,1735730100000,-1,2.08638264,2.1099213340114624,2.1094994341246376,,SL,-7.664260483497964,0.7405813334728636,-1.1271665203826375,False,-2.254333040765275,TURTLE20,8,
XRP,15m,20bar,1735734600000,1735750800000,1,2.14712934,2.2501523273826436,2.1204589722411957,,TRAIL,25.01599943012197,0.6574855637733046,3.763900793946659,False,7.527801587893318,TURTLE20,19,
XRP,15m,20bar,1735757100000,1735765200000,1,2.31806352,2.279917540980657,2.270769806951292,,TRAIL,-6.181174085071475,0.41688423633417604,-0.8649092029167471,False,-1.7298184058334942,TURTLE20,10,
XRP,15m,20bar,1735776900000,1735796700000,1,2.4111821399999998,2.3890255843813275,2.3567735838502393,,TRAIL,-3.231705351315929,0.37176311316112076,-0.4601607178177461,False,-0.9203214356354923,TURTLE20,23,
XRP,15m,20bar,1735799400000,1735808400000,-1,2.36742642,2.4113514559502875,2.4108692820938686,,SL,-7.49484736096436,0.45925772450621843,-1.0770999059581303,False,-2.15419981191626,TURTLE20,11,
XRP,15m,20bar,1735821900000,1735825500000,1,2.4265852199999998,2.3963660739468136,2.3968454430354207,,SL,-7.580689784876298,0.6624840293322585,-1.1134218279105843,False,-2.2268436558211686,TURTLE20,5,
XRP,15m,20bar,1735838100000,1735839000000,1,2.44158822,2.4067886797366285,2.4072701337633813,,SL,-7.314515925471531,0.5642780953262094,-1.0987957237247334,False,-2.197591447449467,TURTLE20,2,
XRP,15m,20bar,1735867800000,1735882200000,1,2.44078806,2.4448803573349287,2.410561636738278,,TRAIL,0.2500488382640228,0.6314030261858323,0.038406670695895956,False,0.07681334139179193,TURTLE20,17,
XRP,15m,20bar,1735901100000,1735914600000,-1,2.4198159400000003,2.4507793014733124,2.4502892436245873,,SL,-7.245173814489258,0.6248350728890713,-1.1119804743078718,False,-2.2239609486157437,TURTLE20,16,
XRP,15m,20bar,1735921800000,1735926300000,1,2.46709332,2.4487728903548245,2.43566219696799,,TRAIL,-4.311125293202272,0.5978269563528098,-0.6767161755476193,False,-1.3534323510952386,TURTLE20,6,
XRP,15m,20bar,1735951500000,1735955100000,-1,2.43821226,2.4651075399544626,2.4646146170310566,,SL,-7.1020295911800115,0.700268895377463,-1.130098793806117,False,-2.2601975876122338,TURTLE20,5,
XRP,15m,20bar,1735965900000,1736083800000,-1,2.4279143199999997,2.3525025905309773,2.459129531771559,,TRAIL,14.274786403738943,0.5644016329718097,2.323978445304007,False,4.647956890608014,TURTLE20,132,
XRP,15m,20bar,1736098200000,1736125200000,1,2.35867164,2.355509416389584,2.335720792423059,,TRAIL,-1.6778358016031123,0.7921858059246999,-0.26102444470366004,False,-0.5220488894073201,TURTLE20,31,
XRP,15m,20bar,1736128800000,1736132400000,1,2.39817954,2.387251986207431,2.372460752013518,,TRAIL,-3.4307283394570445,0.7138664420145302,-0.5365265546551612,False,-1.0730531093103224,TURTLE20,5,
XRP,15m,20bar,1736149500000,1736174700000,-1,2.3811236800000004,2.389134029198266,2.4041566044527274,,TRAIL,-2.9860027289429234,0.7860564283049887,-0.47204183064547794,False,-0.9440836612909559,TURTLE20,29,
XRP,15m,20bar,1736177400000,1736184600000,1,2.4365872200000003,2.4109898524159616,2.4065626475164668,,TRAIL,-5.949058915541099,0.6070008162366587,-0.9494194744362175,False,-1.898838948872435,TURTLE20,9,
XRP,15m,20bar,1736211600000,1736228700000,-1,2.40541882,2.4238129730381104,2.42650014114344,,TRAIL,-6.208356323377996,0.844881418882049,-1.0099790221429668,False,-2.019958044285934,TURTLE20,20,
XRP,15m,20bar,1736233200000,1736235000000,1,2.43908772,2.418217052453705,2.4187007926122277,,SL,-7.02674515347063,0.8609872717718549,-1.1666814698144565,False,-2.333362939628913,TURTLE20,3,
XRP,15m,20bar,1736247600000,1736249400000,1,2.44918974,2.426579796889127,2.427065209931113,,SL,-6.7891722778878885,0.7778010082009021,-1.1541671056288905,False,-2.308334211257781,TURTLE20,3,
XRP,15m,20bar,1736251200000,1736263800000,-1,2.41231744,2.32366464,2.436564394845844,,TRAIL,20.337261725196562,0.6734568099627203,3.5390510395043355,False,7.078102079008672,TURTLE20,15,
XRP,15m,20bar,1736297100000,1736309700000,1,2.3290657199999996,2.3052241684875985,2.284313641739878,,TRAIL,-3.6604614176179293,0.38232047331301067,-0.5948802040153881,False,-1.1897604080307762,TURTLE20,15,
XRP,15m,20bar,1736319600000,1736323200000,-1,2.26314728,2.308116164985373,2.3076546340585615,,SL,-6.5177975274885425,0.37468300406076327,-1.0719945964342608,False,-2.1439891928685215,TURTLE20,5,
XRP,15m,20bar,1736332200000,1736340300000,1,2.3338666800000003,2.3138480901703384,2.295132903034189,,TRAIL,-3.503307474717186,0.4283479046194498,-0.5888199003132348,False,-1.1776398006264697,TURTLE20,10,
XRP,15m,20bar,1736350200000,1736358300000,-1,2.2814436199999997,2.2619406345494437,2.325760312809794,,TRAIL,2.225854604047077,0.361671572315695,0.378569650263217,False,0.757139300526434,TURTLE20,10,
XRP,15m,20bar,1736372700000,1736406900000,1,2.34556902,2.3113598938471447,2.2937068218336427,,TRAIL,-4.226843513334831,0.3191734555816455,-0.7134923857733328,False,-1.4269847715466657,TURTLE20,39,
XRP,15m,20bar,1736419500000,1736435700000,-1,2.2875424,2.276221055819105,2.3162472596387,,TRAIL,1.7461152688649373,0.5570623633953657,0.2990116034509987,False,0.5980232069019974,TURTLE20,19,
XRP,15m,20bar,1736437500000,1736451000000,1,2.3164632,2.2767917692137094,2.277247218657441,,SL,-6.355613515995498,0.4128411997945224,-1.081890145683407,False,-2.1637802913668143,TURTLE20,16,
XRP,15m,20bar,1736453700000,1736481600000,-1,2.25664858,2.2967335250590635,2.2962742702050227,,SL,-6.210307622158372,0.3962620531883705,-1.0805357357957535,False,-2.1610714715915065,TURTLE20,32,
XRP,15m,20bar,1736495100000,1736511300000,1,2.3202639599999997,2.29460959377105,2.2950686074925484,,SL,-6.343655341425446,0.6179826521984864,-1.128116399752933,False,-2.256232799505866,TURTLE20,19,
XRP,15m,20bar,1736516700000,1736517600000,-1,2.26344722,2.291916307174301,2.291458015571187,,SL,-6.122601276349693,0.5363194985617574,-1.113938560270745,False,-2.2278771205414896,TURTLE20,2,
XRP,15m,20bar,1736532000000,1736634600000,1,2.33806752,2.5401309040990454,2.2982855864745386,,TRAIL,26.900149333451548,0.39537992016808676,5.005701015440393,False,10.011402030880785,TURTLE20,115,
XRP,15m,20bar,1736659800000,1736674200000,1,2.56461282,2.5328489001545806,2.5333555712688343,,SL,-6.58620730987061,0.5784714893893286,-1.1140582837923172,False,-2.228116567584635,TURTLE20,17,
XRP,15m,20bar,1736677800000,1736684100000,-1,2.5058987200000002,2.538755678588665,2.5382480289828684,,SL,-6.411716254327865,0.5408279485533258,-1.109258662892031,False,-2.218517325784062,TURTLE20,8,
XRP,15m,20bar,1736695800000,1736719200000,1,2.5566112199999997,2.5256668239111906,2.5253196684896797,,TRAIL,-6.140026252302314,0.5507831661178334,-1.086355941920764,False,-2.172711883841528,TURTLE20,27,
XRP,15m,20bar,1736749800000,1736773200000,-1,2.5154968,2.404892092427549,2.5542965119623164,,TRAIL,15.340997982862612,0.4207075217284183,2.7745689025101723,False,5.5491378050203455,TURTLE20,27,
XRP,15m,20bar,1736781300000,1736915400000,1,2.47969584,2.7699035237949277,2.414187817894037,,TRAIL,25.573362901705966,0.28060519841900056,4.382027039563435,False,8.76405407912687,TURTLE20,150,
XRP,15m,20bar,1736939700000,1736947800000,-1,2.76014786,2.7832646301045534,2.818608224579439,,TRAIL,-2.871073994615356,0.3611312761753086,-0.45232043605687783,False,-0.9046408721137557,TURTLE20,10,
XRP,15m,20bar,1736954100000,1736959500000,1,2.9422883399999997,2.8753343311897273,2.8606116833299757,,TRAIL,-5.425017437186089,0.2688130444082682,-0.8624812190536205,False,-1.724962438107241,TURTLE20,7,
XRP,15m,20bar,1736974800000,1736985600000,1,2.98299648,3.065971428913423,2.9142392285411787,,TRAIL,7.133437766916356,0.32629373356484215,1.1539956365997972,False,2.3079912731995944,TURTLE20,13,
XRP,15m,20bar,1737010800000,1737017100000,1,3.1096217999999998,3.046945772465008,3.0475552835217123,,SL,-6.76267482727166,0.37638889169402834,-1.0693361226691145,False,-2.1386722453382285,TURTLE20,8,
XRP,15m,20bar,1737020700000,1737025200000,-1,3.0170964600000003,3.0845823197047166,3.083965526599397,,SL,-6.584850067102037,0.3388369014546894,-1.0639727842885898,False,-2.1279455685771795,TURTLE20,6,
XRP,15m,20bar,1737027900000,1737033300000,1,3.16143216,3.234253834799454,3.0795496634169592,,TRAIL,5.1030876841731825,0.28387123309029244,0.8424787479777689,False,1.6849574959555378,TURTLE20,7,
XRP,15m,20bar,1737067500000,1737079200000,-1,3.1759646800000003,3.264714948869839,3.26406213644255,,SL,-6.4751112268152635,0.2701782383720768,-1.0512752624992743,False,-2.1025505249985486,TURTLE20,14,
XRP,15m,20bar,1737081900000,1737101700000,1,3.28955778,3.2174544793143873,3.218098098934174,,SL,-6.413536720262195,0.3294382079335141,-1.0636418594030153,False,-2.12728371880603,TURTLE20,23,
XRP,15m,20bar,1737127800000,1737131400000,-1,3.1661666399999997,3.226253729046145,3.22560860732468,,SL,-6.346359417664797,0.3807914679826562,-1.0753772821551941,False,-2.1507545643103887,TURTLE20,5,
XRP,15m,20bar,1737144900000,1737162000000,1,3.23994786,3.2003909836143967,3.1846909373935586,,TRAIL,-4.537694058789232,0.4038262638521576,-0.7858034368115606,False,-1.571606873623121,TURTLE20,20,
XRP,15m,20bar,1737171900000,1737180900000,-1,3.17866414,3.116959664082672,3.2292116263493007,,TRAIL,6.5136424938654285,0.4247487781536733,1.1459937143972285,False,2.291987428794457,TURTLE20,11,
XRP,15m,20bar,1737199800000,1737216900000,1,3.13322652,3.1126101968969904,3.0654348600229175,,TRAIL,-2.08954873478966,0.32140224627713077,-0.3593926618906254,False,-0.7187853237812508,TURTLE20,20,
XRP,15m,20bar,1737235800000,1737256500000,1,3.1904379599999997,3.181625846716963,3.1406028610910885,,TRAIL,-1.463532553730111,0.44283957273730035,-0.2535432224216462,False,-0.5070864448432923,TURTLE20,24,
XRP,15m,20bar,1737260100000,1737279000000,-1,3.16856616,3.0731191813029395,3.213293666287195,,TRAIL,11.7746091107463,0.48086256224963847,2.0502365346161064,False,4.100473069232214,TURTLE20,22,
XRP,15m,20bar,1737288000000,1737293400000,-1,2.99959996,3.059489377121,3.05887760160068,,SL,-6.406902376873299,0.36665948407636384,-1.07164976554236,False,-2.14329953108472,TURTLE20,7,
XRP,15m,20bar,1737303300000,1737320400000,1,3.10642116,3.0928075937542223,3.0544949628438847,,TRAIL,-1.9528802520506154,0.41907156716141947,-0.3338026747061481,False,-0.6676053494122962,TURTLE20,20,
XRP,15m,20bar,1737322200000,1737324900000,-1,3.05518884,3.0705431762849855,3.1087309230725375,,TRAIL,-2.065452006123082,0.3989244797605095,-0.35541716725841727,False,-0.7108343345168345,TURTLE20,4,
XRP,15m,20bar,1737329400000,1737330300000,-1,2.82583472,2.9381269315037977,2.9375394236190737,,SL,-5.97902425495147,0.17864030049676685,-1.0362194674400047,False,-2.0724389348800094,TURTLE20,2,
XRP,15m,20bar,1737356400000,1737375300000,1,3.1293257399999996,3.176045497611726,3.040428519963491,,TRAIL,2.729118030858683,0.24046797052806979,0.482990748771734,False,0.965981497543468,TURTLE20,22,
XRP,15m,20bar,1737385200000,1737387900000,1,3.31296246,3.226550516973287,3.2271959561645196,,SL,-6.008970177659025,0.2609982090222779,-1.0532742594495994,False,-2.106548518899199,TURTLE20,4,
XRP,15m,20bar,1737395100000,1737480600000,-1,3.0383922,3.175013506920403,3.174378631194164,,SL,-5.764040837968948,0.15310790174504568,-1.0320834888604538,False,-2.0641669777209075,TURTLE20,96,
XRP,15m,20bar,1737482400000,1737500400000,1,3.1936386,3.1375843445467466,3.1382119869441354,,SL,-5.906379452470076,0.3748645365521109,-1.079860123505208,False,-2.159720247010416,TURTLE20,21,
XRP,15m,20bar,1737546300000,1737550800000,1,3.18333654,3.1859363360096182,3.151312570313276,,TRAIL,-0.20416674522717293,0.6386125753081389,-0.03815166351765777,False,-0.07630332703531556,TURTLE20,6,
XRP,15m,20bar,1737562500000,1737574200000,-1,3.10757836,3.1492290689972173,3.152835539505044,,TRAIL,-5.364808676827655,0.4435642877821988,-1.0032616692243317,False,-2.0065233384486634,TURTLE20,14,
XRP,15m,20bar,1737577800000,1737579600000,1,3.22134414,3.158459683492902,3.1590915017932604,,SL,-5.61546325789303,0.32220924591013356,-1.07163874050837,False,-2.1432774810167405,TURTLE20,3,
XRP,15m,20bar,1737598500000,1737641700000,-1,3.08708246,3.0555156463432738,3.130476889651407,,TRAIL,3.2946264543912434,0.4355090838664303,0.6425076908924515,False,1.285015381784903,TURTLE20,49,
XRP,15m,20bar,1737643500000,1737644400000,1,3.10222032,3.056256580339284,3.05686795393007,,SL,-5.686820835365574,0.42315323634154944,-1.0949555691173687,False,-2.189911138234738,TURTLE20,2,
XRP,15m,20bar,1737648900000,1737651600000,1,3.13222632,3.077153636318091,3.0777691901561224,,SL,-5.484875956928267,0.3475373139548974,-1.0797174185321166,False,-2.159434837064233,TURTLE20,4,
XRP,15m,20bar,1737687600000,1737687600000,-1,3.02059576,3.060734434456116,3.060122409974121,,SL,-5.505991361212878,0.4588127546256121,-1.1077961982980598,False,-2.2155923965961195,TURTLE20,1,
XRP,15m,20bar,1737693900000,1737749700000,1,3.10722132,3.0972607690533067,3.0601321341275707,,TRAIL,-1.412254714217194,0.38422079645118745,-0.290581371213231,False,-0.581162742426462,TURTLE20,63,
XRP,15m,20bar,1737760500000,1737764100000,-1,3.0585881600000002,3.086764588990953,3.086147359519049,,SL,-5.586537783419547,0.6464655883899286,-1.1561889023055014,False,-2.3123778046110033,TURTLE20,5,
XRP,15m,20bar,1737785700000,1737804600000,-1,3.06168754,3.0760617879361662,3.084247492837818,,TRAIL,-3.7779693363192477,0.7705054108881713,-0.8003960674358409,False,-1.6007921348716818,TURTLE20,22,
XRP,15m,20bar,1737806400000,1737815400000,1,3.08101608,3.063805780689172,3.061224565436627,,TRAIL,-4.904039915472569,0.8652201040845553,-1.0558662582556972,False,-2.1117325165113945,TURTLE20,11,
XRP,15m,20bar,1737842400000,1737846000000,1,3.09401868,3.0744663880523992,3.075081404333266,,SL,-5.5827010237872745,0.8885625267109836,-1.2279159577995544,False,-2.455831915599109,TURTLE20,5,
XRP,15m,20bar,1737849600000,1737852300000,-1,3.0652868200000003,3.084489652610373,3.083872878034766,,SL,-5.462440702982076,0.8804411413653821,-1.2317134946591604,False,-2.4634269893183207,TURTLE20,4,
XRP,15m,20bar,1737863100000,1737869400000,1,3.10142016,3.081071234026916,3.081687571541224,,SL,-5.273847736456736,0.8131585652000224,-1.2192227522385843,False,-2.438445504477169,TURTLE20,8,
XRP,15m,20bar,1737884700000,1737891000000,-1,3.07348518,3.0919345476966513,3.0913162844397633,,SL,-5.241935334318456,0.8755055313394607,-1.2421339131342908,False,-2.4842678262685816,TURTLE20,8,
XRP,15m,20bar,1737900900000,1737916200000,-1,3.06618664,3.0810254616337134,3.0804567052545404,,TRAIL,-5.342943214845479,1.0636565412840386,-1.298322647038944,False,-2.596645294077888,TURTLE20,18,
XRP,15m,20bar,1737918000000,1737925200000,1,3.085617,3.071230441374849,3.0718448103369163,,SL,-5.262393206938508,1.0751733436741508,-1.312838955336276,False,-2.6256779106725516,TURTLE20,9,
XRP,15m,20bar,1737927900000,1737934200000,-1,3.06208746,2.995599,3.0767184961108924,,TRAIL,16.767683871087463,0.969614824706293,4.295925978694435,False,8.591851957388869,TURTLE20,8,
XRP,15m,20bar,1737940500000,1737941400000,-1,2.9159167000000004,2.9594198262852855,2.958828060673151,,SL,-4.645161118741802,0.348197171816254,-1.0959412021274337,False,-2.1918824042548675,TURTLE20,2,
XRP,15m,20bar,1737956700000,1737963000000,-1,2.8837231400000003,2.6930719678975326,2.930669389675367,,TRAIL,16.540061314894334,0.29547685183891353,3.9897775931611785,False,7.979555186322357,TURTLE20,8,
XRP,15m,20bar,1737982800000,1737998100000,1,2.83666722,2.864337470742133,2.754724469948844,,TRAIL,1.3247223539153248,0.18686246603141113,0.2959340260431769,False,0.591868052086354,TURTLE20,18,
XRP,15m,20bar,1738012500000,1738095300000,1,3.0006,3.080416822946592,2.934208744105608,,TRAIL,5.166015648065128,0.24746250610493203,1.1472627204700592,False,2.294525440940119,TURTLE20,93,
XRP,15m,20bar,1738098000000,1738111500000,-1,3.04329122,3.056727679300078,3.0912925884784497,,TRAIL,-1.6405824953651627,0.3512157955352729,-0.35616631736934323,False,-0.7123326347386865,TURTLE20,16,
XRP,15m,20bar,1738122300000,1738153800000,1,3.06191226,3.0439725782108282,3.0222253205390883,,TRAIL,-2.489495054997233,0.4221752660890513,-0.5443406063946006,False,-1.0886812127892012,TURTLE20,36,
XRP,15m,20bar,1738156500000,1738159200000,-1,3.03629262,3.0518174982484663,3.066158150230499,,TRAIL,-2.904783855956621,0.5532864665487515,-0.6421364084750456,False,-1.2842728169500912,TURTLE20,4,
XRP,15m,20bar,1738175400000,1738176300000,-1,3.0027993200000003,3.037751857080012,3.037144428194373,,SL,-5.0157392425482685,0.4712331195996101,-1.123212877011134,False,-2.246425754022268,TURTLE20,2,
XRP,15m,20bar,1738179000000,1738179000000,-1,2.9553088200000004,3.0051653384697556,3.004564425584639,,SL,-4.735412501670178,0.31694355092478466,-1.0848065378674632,False,-2.169613075734926,TURTLE20,1,
XRP,15m,20bar,1738211400000,1738222200000,1,3.1216242,3.086837633320423,3.0874551243452917,,SL,-4.813246670923819,0.4655660779658586,-1.127090594101643,False,-2.2541811882032854,TURTLE20,13,
XRP,15m,20bar,1738224900000,1738248300000,-1,3.08498288,3.1127248446013818,3.1121024241165585,,SL,-4.842414377640043,0.5723707608033435,-1.1600707261496295,False,-2.3201414522992585,TURTLE20,27,
XRP,15m,20bar,1738250100000,1738256400000,1,3.13242636,3.1033260128722264,3.103946802232673,,SL,-4.701930400547831,0.5356601942427988,-1.1531709452726802,False,-2.3063418905453603,TURTLE20,8,
XRP,15m,20bar,1738279800000,1738281600000,1,3.13992786,3.1134377109085394,3.114060523013142,,SL,-4.657041237845384,0.5777796271969191,-1.1691256989217704,False,-2.338251397843541,TURTLE20,3,
XRP,15m,20bar,1738285200000,1738322100000,-1,3.0968805,3.092505581651395,3.1237999178464744,,TRAIL,0.09556469910559084,0.5366690292303411,0.024565416064547655,False,0.04913083212909531,TURTLE20,42,
XRP,15m,20bar,1738326600000,1738333800000,1,3.1001198999999997,3.077323199450996,3.0779387872084376,,SL,-4.650515817370385,0.6503742926845137,-1.194852875855551,False,-2.389705751711101,TURTLE20,9,
XRP,15m,20bar,1738338300000,1738340100000,1,3.1165231799999997,3.0890399613567823,3.089657892935369,,SL,-4.41302795326038,0.5265301908705767,-1.1615940098818516,False,-2.323188019763703,TURTLE20,3,
XRP,15m,20bar,1738348200000,1738361700000,-1,3.06298728,3.045770750354071,3.088956563777911,,TRAIL,1.9363950868633526,0.5237427114659581,0.5218193518006565,False,1.0436387036013133,TURTLE20,16,
XRP,15m,20bar,1738372500000,1738395000000,1,3.05071002,3.0350819678056937,3.024697555631963,,TRAIL,-2.7790582739148273,0.5263439368887002,-0.7411649705392459,False,-1.482329941078492,TURTLE20,26,
XRP,15m,20bar,1738396800000,1738403100000,-1,3.0323934,2.9747900842274184,3.0514530840862317,,TRAIL,10.465668289613353,0.6985594150116571,2.8331532378889017,False,5.6663064757778026,TURTLE20,8,
XRP,15m,20bar,1738437300000,1738444500000,-1,2.95120964,2.9462099252960723,2.979484517983745,,TRAIL,0.2017256230977008,0.48847907536528534,0.05168061080901337,False,0.10336122161802674,TURTLE20,9,
XRP,15m,20bar,1738448100000,1738452600000,-1,2.8949209000000002,2.8842051135526923,2.9362648881316953,,TRAIL,0.6850251715838391,0.32770505102856307,0.17531716621260376,False,0.3506343324252076,TURTLE20,6,
XRP,15m,20bar,1738494900000,1738503000000,-1,2.8584282,2.7993536729988286,2.8994825969554276,,TRAIL,5.317905932395405,0.32422013561403473,1.3562459080283857,False,2.7124918160567715,TURTLE20,10,
XRP,15m,20bar,1738515600000,1738520100000,-1,2.70905808,2.605300711505257,2.769499159735358,,TRAIL,6.701257825721576,0.21246890689249132,1.6639139085566044,False,3.3278278171132087,TURTLE20,6,
XRP,15m,20bar,1738542600000,1738543500000,-1,2.379524,2.3711507792399056,2.510748845721561,,TRAIL,0.1751407761993671,0.09039267842650603,0.042086663254829855,False,0.08417332650965971,TURTLE20,2,
XRP,15m,20bar,1738548000000,1738548900000,-1,2.0755848,2.07601512,2.2750859849306253,,TRAIL,-0.06098680474371697,0.05200312558645595,-0.014642920306541856,False,-0.02928584061308372,TURTLE20,2,
XRP,15m,20bar,1738567800000,1738592100000,1,2.37357462,2.2287387552792937,2.229184592197733,,SL,-4.2562002208075365,0.0796289910808119,-1.0222122330220709,False,-2.0444244660441417,TURTLE20,28,
XRP,15m,20bar,1738596600000,1738645200000,1,2.4984996,2.571100186705131,2.3614818750059827,,TRAIL,2.070549573580679,0.0905437151932318,0.5076629818232973,False,1.0153259636465948,TURTLE20,55,
XRP,15m,20bar,1738647000000,1738666800000,-1,2.5509897,2.5693285200029408,2.631716722733414,,TRAIL,-1.0927369880971916,0.156793001325144,-0.26522730815489737,False,-0.5304546163097947,TURTLE20,23,
XRP,15m,20bar,1738673100000,1738698300000,1,2.62822554,2.5993993522040935,2.556957513292348,,TRAIL,-1.8379644885179374,0.18036342462554306,-0.44848670866590895,False,-0.8969734173318179,TURTLE20,29,
XRP,15m,20bar,1738700100000,1738717200000,-1,2.5622874400000004,2.559198789625128,2.6482616098694955,,TRAIL,0.0007444321492036388,0.14516226158789708,0.00018329501897444396,False,0.000366590037948888,TURTLE20,20,
XRP,15m,20bar,1738757700000,1738766700000,1,2.54660922,2.506225260017776,2.5067266053388435,,SL,-4.421186558845989,0.3087299404259968,-1.0885861180139478,False,-2.177172236027895,TURTLE20,11,
XRP,15m,20bar,1738772100000,1738783800000,-1,2.4715056,2.4180734346112134,2.519889199096375,,TRAIL,4.146635521859552,0.24090222538890718,1.043709416230743,False,2.087418832461486,TURTLE20,14,
XRP,15m,20bar,1738813500000,1738845000000,1,2.43118614,2.417815180091015,2.3866431264179724,,TRAIL,-1.4824256196658474,0.264918594324663,-0.36549751334310987,False,-0.7309950266862197,TURTLE20,36,
XRP,15m,20bar,1738854000000,1738863000000,-1,2.37812428,2.373503612488858,2.4286668405907887,,TRAIL,0.1409750641511356,0.22711121836086728,0.035013872565277854,False,0.07002774513055572,TURTLE20,11,
XRP,15m,20bar,1738909800000,1738912500000,-1,2.31263738,2.3283806403733336,2.3519062295669264,,TRAIL,-1.9010061362444781,0.2857080658687231,-0.47182108439363823,False,-0.9436421687872765,TURTLE20,4,
XRP,15m,20bar,1738922400000,1738941300000,1,2.37127416,2.465111666087116,2.3231343920012897,,TRAIL,7.539088297435227,0.24057845249717508,1.8889927885381477,False,3.7779855770762953,TURTLE20,22,
XRP,15m,20bar,1738959300000,1739061900000,-1,2.39782034,2.449195657897512,2.4598118836872174,,TRAIL,-3.6268481827054626,0.1943063611486907,-0.875660199238492,False,-1.7513203984769836,TURTLE20,115,
XRP,15m,20bar,1739063700000,1739072700000,1,2.4627924599999997,2.4680063000000003,2.431817369362377,,TRAIL,0.296294725065923,0.38866589307347943,0.07281207891804926,False,0.14562415783609853,TURTLE20,11,
XRP,15m,20bar,1739081700000,1739114100000,-1,2.43531284,2.405521235702626,2.468666319741042,,TRAIL,3.2851510327056537,0.35488101248502224,0.8061258993275905,False,1.6122517986551808,TURTLE20,37,
XRP,15m,20bar,1739137500000,1739139300000,-1,2.31123766,2.348367748298632,2.347898168664899,,SL,-4.509768441181677,0.3157915076013053,-1.0890697646494665,False,-2.1781395292989334,TURTLE20,3,
XRP,15m,20bar,1739146500000,1739150100000,1,2.4086816399999997,2.360840024787391,2.3613122872448398,,SL,-4.3358422954916165,0.24471640611670126,-1.0703825419265038,False,-2.140765083853008,TURTLE20,5,
XRP,15m,20bar,1739175300000,1739201400000,1,2.4294857999999997,2.4103500995009153,2.3897660349381975,,TRAIL,-2.1995475438149756,0.2898087491729047,-0.5548774521826166,False,-1.1097549043652333,TURTLE20,30,
XRP,15m,20bar,1739234700000,1739266200000,1,2.45309052,2.4886575473846535,2.4271222463573583,,TRAIL,4.921422020165645,0.4475880699807533,1.2554542128163886,False,2.510908425632777,TURTLE20,36,
XRP,15m,20bar,1739282400000,1739286000000,-1,2.4415116,2.4742333659802944,2.473738618256643,,SL,-4.4479261105620145,0.36777337084059053,-1.106872893911902,False,-2.213745787823804,TURTLE20,5,
XRP,15m,20bar,1739295900000,1739308500000,-1,2.4260147,2.4235874866606566,2.461209570342815,,TRAIL,-0.05387642225769795,0.32487449538406915,-0.013710747275176708,False,-0.02742149455035342,TURTLE20,15,
XRP,15m,20bar,1739330100000,1739339100000,-1,2.3830233,2.4147798007398515,2.4142969413515813,,SL,-4.350684055969625,0.3616044245233895,-1.1074880027855878,False,-2.214976005571176,TURTLE20,11,
XRP,15m,20bar,1739362500000,1739367000000,1,2.4329865,2.4164597884830883,2.410010690502624,,TRAIL,-3.2496411568035493,0.48647826876488787,-0.8459497060254365,False,-1.691899412050873,TURTLE20,6,
XRP,15m,20bar,1739381400000,1739434500000,1,2.45559102,2.4236520155555525,2.408072746861815,,TRAIL,-2.770948780517283,0.23266080130369332,-0.7337503651361101,False,-1.4675007302722205,TURTLE20,60,
XRP,15m,20bar,1739474100000,1739486700000,1,2.4664932,2.55028984,2.434916852363008,,TRAIL,9.519999864668693,0.35471074282141335,2.5584520130301285,False,5.116904026060258,TURTLE20,14,
XRP,15m,20bar,1739505600000,1739512800000,1,2.59271844,2.553014696272116,2.5535254013523865,,SL,-4.270488840933112,0.3081213570159191,-1.0918057156625431,False,-2.1836114313250863,TURTLE20,9,
XRP,15m,20bar,1739520900000,1739521800000,1,2.61312252,2.683786916587289,2.5774645773998843,,TRAIL,7.241072121085716,0.34100548828788,1.8926008065624516,False,3.7852016131249036,TURTLE20,2,
XRP,15m,20bar,1739524500000,1739534400000,1,2.7625524,2.701431070253064,2.701971464545973,,SL,-4.2211160121530025,0.21488392972176018,-1.0630360747393635,False,-2.126072149478727,TURTLE20,12,
XRP,15m,20bar,1739560500000,1739566800000,1,2.77915572,2.7313418977867614,2.725937262064625,,TRAIL,-3.7331538492926795,0.2414493754463128,-0.9605712522897202,False,-1.9211425045794404,TURTLE20,8,
XRP,15m,20bar,1739584800000,1739600100000,1,2.780556,2.7692713475380906,2.7386978384420875,,TRAIL,-1.3308434313377941,0.3032300758379104,-0.3491445473593532,False,-0.6982890947187064,TURTLE20,18,
XRP,15m,20bar,1739602800000,1739608200000,-1,2.76204748,2.799715698643583,2.799155867470089,,SL,-4.182597708147222,0.34038474871082475,-1.1050137003075469,False,-2.2100274006150937,TURTLE20,7,
XRP,15m,20bar,1739630700000,1739631600000,-1,2.7602478400000003,2.796147674086342,2.795588556375067,,SL,-4.10919128780015,0.34917392983648504,-1.110154954936707,False,-2.220309909873414,TURTLE20,2,
XRP,15m,20bar,1739640600000,1739664900000,-1,2.74945,2.772076803985408,2.7883905433237426,,TRAIL,-2.410930503144236,0.30791428806933263,-0.6661365726754862,False,-1.3322731453509724,TURTLE20,28,
XRP,15m,20bar,1739669400000,1739691900000,1,2.79495888,2.764369885531646,2.764922870105667,,SL,-4.03337802099615,0.3965773495708075,-1.1294639949520668,False,-2.2589279899041337,TURTLE20,26,
XRP,15m,20bar,1739697300000,1739735100000,-1,2.7503498200000003,2.728319449677232,2.7761272600795155,,TRAIL,2.537913780277072,0.44510265306005836,0.7271152101661447,False,1.4542304203322893,TURTLE20,43,
XRP,15m,20bar,1739742300000,1739749500000,1,2.75975184,2.7292951774008807,2.7298411456300067,,SL,-3.9956942228461236,0.3899110123309115,-1.1283619962837945,False,-2.256723992567589,TURTLE20,9,
XRP,15m,20bar,1739762100000,1739772000000,-1,2.7150568799999997,2.6993997355616264,2.7450241943841323,,TRAIL,1.4331812363108332,0.3752226019607748,0.41406681659823186,False,0.8281336331964637,TURTLE20,12,
XRP,15m,20bar,1739778300000,1739782800000,-1,2.63837222,2.6775829493665824,2.6770475398586107,,SL,-3.8260219301992686,0.28781343349905186,-1.0963142030423931,False,-2.1926284060847863,TURTLE20,6,
XRP,15m,20bar,1739801700000,1739805300000,1,2.7235446,2.689954192657048,2.690492291115271,,SL,-3.8043828573900265,0.3354374087724419,-1.1145516867527179,False,-2.2291033735054353,TURTLE20,5,
XRP,15m,20bar,1739807100000,1739825100000,-1,2.6623674200000003,2.663145834599418,2.699902119516429,,TRAIL,-0.3533118454522253,0.28410140233846437,-0.10586797292565213,False,-0.21173594585130423,TURTLE20,21,
XRP,15m,20bar,1739826900000,1739837700000,1,2.66933376,2.6326575797309815,2.6331842165742962,,SL,-3.6717993891066554,0.29306267951695375,-1.1025692524934338,False,-2.2051385049868677,TURTLE20,13,
XRP,15m,20bar,1739856600000,1739863800000,-1,2.62357518,2.580803884267432,2.650495012757834,,TRAIL,4.796730863430206,0.37777822191825783,1.47284229626088,False,2.94568459252176,TURTLE20,9,
XRP,15m,20bar,1739882700000,1739889900000,1,2.6111221199999997,2.57814501470158,2.5772225060002136,,TRAIL,-3.5694178271910664,0.30793551169055944,-1.0646335258999746,False,-2.1292670517999497,TURTLE20,9,
XRP,15m,20bar,1739892600000,1739902500000,-1,2.55108968,2.5255028023416224,2.5887473488136736,,TRAIL,1.9641214505077291,0.26541179057292896,0.5985745501269097,False,1.1971491002538195,TURTLE20,12,
XRP,15m,20bar,1739917800000,1739940300000,1,2.5545107999999996,2.517507341032366,2.5157103369397693,,TRAIL,-3.427266433289586,0.2604434913753718,-1.0321183484353758,False,-2.064236696870751,TURTLE20,26,
XRP,15m,20bar,1739960100000,1739969100000,1,2.57961582,2.585910869630752,2.550562113928571,,TRAIL,0.35770805004820494,0.34691573849691715,0.10999400933970235,False,0.21998801867940473,TURTLE20,11,
XRP,15m,20bar,1739982600000,1740018600000,1,2.6510301,2.6796746758652965,2.6065616867683334,,TRAIL,1.8650244474869435,0.2344219512335196,0.572229840251123,False,1.144459680502246,TURTLE20,41,
XRP,15m,20bar,1740030300000,1740031200000,1,2.7281455199999995,2.6968482004976697,2.697387678033276,,SL,-3.7032021918644458,0.34885966181069195,-1.123366059686835,False,-2.24673211937367,TURTLE20,2,
XRP,15m,20bar,1740035700000,1740042000000,-1,2.6733652200000004,2.705406593938709,2.704865620814546,,SL,-3.6079458252867287,0.3301457433079865,-1.1196250242881258,False,-2.2392500485762517,TURTLE20,8,
XRP,15m,20bar,1740060900000,1740062700000,1,2.7292457399999996,2.697607315416008,2.698146944804969,,SL,-3.534807798103632,0.3298433130632248,-1.1220542853318343,False,-2.2441085706636685,TURTLE20,3,
XRP,15m,20bar,1740067200000,1740069000000,-1,2.6703658200000002,2.705019871189694,2.704478975394615,,SL,-3.419595436046594,0.29116144413638556,-1.1104010217239277,False,-2.2208020434478555,TURTLE20,3,
XRP,15m,20bar,1740087900000,1740129300000,-1,2.6699659000000002,2.6842358683280074,2.700159279117738,,TRAIL,-1.7435439522545173,0.3203875342212027,-0.5790173176984119,False,-1.158034635396824,TURTLE20,47,
XRP,15m,20bar,1740145500000,1740148200000,1,2.7026404200000003,2.6724302573219734,2.672964850292032,,SL,-3.3534176445704134,0.32345888361624586,-1.1266912619858542,False,-2.2533825239717085,TURTLE20,4,
XRP,15m,20bar,1740152700000,1740186900000,-1,2.5965805800000004,2.5862630101660575,2.6495338945477735,,TRAIL,0.3960024487275635,0.1708482993775781,0.13611732790287362,False,0.2722346558057473,TURTLE20,39,
XRP,15m,20bar,1740188700000,1740191400000,1,2.5959190800000003,2.5627685928417763,2.5632812490915944,,SL,-3.23966684117126,0.2766523395730131,-1.1105425438243155,False,-2.221085087648631,TURTLE20,4,
XRP,15m,20bar,1740246300000,1740250800000,1,2.6012201399999997,2.582689389888051,2.58320603109427,,SL,-3.4267058642544974,0.49250000994786014,-1.2013414564734917,False,-2.4026829129469833,TURTLE20,6,
XRP,15m,20bar,1740256200000,1740289500000,-1,2.5736851599999997,2.5662202454675236,2.590886455083936,,TRAIL,0.7090183965620874,0.49910678456892466,0.2546884561783303,False,0.5093769123566606,TURTLE20,38,
XRP,15m,20bar,1740295800000,1740301200000,1,2.57571504,2.577325051675956,2.561139205282584,,TRAIL,-0.2844556780023354,0.593521096371624,-0.10166226550847308,False,-0.20332453101694617,TURTLE20,7,
XRP,15m,20bar,1740312900000,1740329100000,-1,2.55838822,2.5450386832620713,2.575671280900766,,TRAIL,1.662108100819525,0.49472446350998645,0.5952348750628659,False,1.1904697501257318,TURTLE20,19,
XRP,15m,20bar,1740346200000,1740357000000,1,2.56761342,2.578321151706813,2.5499011576496327,,TRAIL,1.2156293813638377,0.49255188286475804,0.43022008216985336,False,0.8604401643397066,TURTLE20,13,
XRP,15m,20bar,1740366000000,1740368700000,-1,2.53709248,2.5129024799999997,2.5635805101344418,,TRAIL,2.276656094069648,0.32600473036788935,0.7988515158206043,False,1.5977030316412084,TURTLE20,4,
XRP,15m,20bar,1740372300000,1740375000000,-1,2.45630864,2.4944890287594688,2.4939902307133264,,SL,-3.16202299066936,0.22825087860545254,-1.0920682110739832,False,-2.1841364221479664,TURTLE20,4,
XRP,15m,20bar,1740409200000,1740415500000,-1,2.42881414,2.45419669387613,2.4636111476633706,,TRAIL,-2.304404582474242,0.23846332256804048,-0.8136435365463606,False,-1.6272870730927214,TURTLE20,8,
XRP,15m,20bar,1740426300000,1740427200000,-1,2.38182354,2.4241065677855853,2.423621843416902,,SL,-3.0106329403929233,0.1922070205575647,-1.0805841902184228,False,-2.1611683804368456,TURTLE20,2,
XRP,15m,20bar,1740434400000,1740435300000,-1,2.3635272,2.340280349669627,2.411459203143167,,TRAIL,1.1615494708818177,0.16050393111306663,0.42611542312483147,False,0.8522308462496628,TURTLE20,2,
XRP,15m,20bar,1740438000000,1740442500000,-1,2.2635471999999996,2.3183773632276714,2.3354086784769876,,TRAIL,-2.202755706787037,0.10517172661627362,-0.8012542906982748,False,-1.6025085813965496,TURTLE20,6,
XRP,15m,20bar,1740467700000,1740470400000,-1,2.2070585,2.1938453685270085,2.2757158905680885,,TRAIL,0.41655663462956877,0.10403652379568946,0.15399054733066564,False,0.3079810946613313,TURTLE20,4,
XRP,15m,20bar,1740488400000,1740494700000,1,2.27005392,2.18361804788351,2.1840548588552813,,SL,-2.811504842924318,0.08431236067933394,-1.0361517220201866,False,-2.072303444040373,TURTLE20,8,
XRP,15m,20bar,1740513600000,1740573900000,1,2.26155222,2.260871891370364,2.1932213273552295,,TRAIL,-0.13197388760723075,0.10551797939162869,-0.04966689245670115,False,-0.0993337849134023,TURTLE20,68,
XRP,15m,20bar,1740578400000,1740581100000,-1,2.22675456,2.2445301541084977,2.2601354410489076,,TRAIL,-1.626906268849859,0.21334142255091454,-0.6128767214678496,False,-1.2257534429356989,TURTLE20,4,
XRP,15m,20bar,1740594600000,1740602700000,-1,2.1880623,2.224749171099644,2.2375219462503657,,TRAIL,-2.085241696225429,0.14036174217987102,-0.7952858737240288,False,-1.5905717474480576,TURTLE20,10,
XRP,15m,20bar,1740638700000,1740666600000,1,2.22584508,2.196559752512023,2.186369954781973,,TRAIL,-2.0876828164770203,0.17344271800691966,-0.8090859803757827,False,-1.6181719607515652,TURTLE20,32,
XRP,15m,20bar,1740668400000,1740681000000,-1,2.18236344,2.2205153053892492,2.220071291131023,,SL,-2.746280540072222,0.17784469722747087,-1.0818328653822662,False,-2.1636657307645324,TURTLE20,15,
XRP,15m,20bar,1740687300000,1740696300000,-1,2.16176756,2.200826850051861,2.2003867726973216,,SL,-2.680256373666098,0.16833622118325364,-1.0791739081926683,False,-2.1583478163853367,TURTLE20,11,
XRP,15m,20bar,1740706200000,1740731400000,-1,2.13017388,2.0073659578792644,2.1674094747021857,,TRAIL,7.852495418975911,0.16201074637913676,3.2314617016428735,False,6.462923403285748,TURTLE20,29,
XRP,15m,20bar,1740736800000,1740835800000,1,2.05331058,2.1397913153015153,2.00131308869679,,TRAIL,4.177556348168706,0.1251731961649915,1.6147870226029564,False,3.229574045205913,TURTLE20,111,
XRP,15m,20bar,1740856500000,1740882600000,1,2.16233238,2.2260206658091595,2.1377714414618403,,TRAIL,6.638797586751291,0.28629848703070315,2.4858689291051808,False,4.9717378582103615,TURTLE20,30,
XRP,15m,20bar,1740894300000,1740922200000,1,2.2720543199999996,2.2494956384616507,2.2404117444751233,,TRAIL,-2.23895157186058,0.2403534427877428,-0.7986584876303194,False,-1.5973169752606389,TURTLE20,32,
XRP,15m,20bar,1740925800000,1740928500000,-1,2.2415516,2.2574056440785655,2.2665827615848495,,TRAIL,-2.0447182056225968,0.29749018447889797,-0.7412128423253772,False,-1.4824256846507544,TURTLE20,4,
XRP,15m,20bar,1740930300000,1740930300000,1,2.65623114,2.5495179852947247,2.5500279908929033,,SL,-2.8106964264457845,0.07992843864364413,-1.0342123101236043,False,-2.068424620247209,TURTLE20,1,
XRP,15m,20bar,1740932100000,1740933900000,1,2.72074404,2.796813918812761,2.581431778780105,,TRAIL,1.3900371685068826,0.06324639736876066,0.5222752355058536,False,1.0445504710117073,TURTLE20,3,
XRP,15m,20bar,1740965400000,1741003200000,-1,2.8219355,2.675337170132559,2.9209838261657883,,TRAIL,3.890799246556066,0.089555294061092,1.4467681768342393,False,2.8935363536684786,TURTLE20,43,
XRP,15m,20bar,1741009500000,1741012200000,1,2.7054409799999997,2.6394199492820576,2.6399479388698315,,SL,-2.924921848474848,0.1354941273665075,-1.0570275266027134,False,-2.1140550532054267,TURTLE20,4,
XRP,15m,20bar,1741014000000,1741014900000,-1,2.5564885999999998,2.6374832557327577,2.636955864559846,,SL,-2.8312750774808997,0.10490106842097216,-1.0452826911202042,False,-2.0905653822404084,TURTLE20,2,
XRP,15m,20bar,1741026600000,1741064400000,-1,2.50369916,2.334745626291071,2.5855353031885704,,TRAIL,5.3810595370119385,0.09407727647201622,2.029060270527827,False,4.058120541055653,TURTLE20,43,
XRP,15m,20bar,1741081500000,1741093200000,1,2.38007592,2.3157648572859513,2.3160151790180756,,TRAIL,-2.891773324001401,0.12137283124500484,-1.047889333646042,False,-2.095778667292084,TURTLE20,14,
XRP,15m,20bar,1741095000000,1741098600000,-1,2.30423906,2.362904218808827,2.3624317324623347,,SL,-2.853730594648691,0.13001226571638128,-1.056240282071524,False,-2.112480564143048,TURTLE20,5,
XRP,15m,20bar,1741123800000,1741134600000,1,2.5213041599999997,2.4396802266631084,2.4401682603151715,,SL,-2.7576399675123255,0.09702499356550792,-1.0427014958547265,False,-2.085402991709453,TURTLE20,13,
XRP,15m,20bar,1741155300000,1741163400000,-1,2.4243150399999998,2.4728228901761002,2.4723284244912023,,SL,-2.7746961012972693,0.15847336327205302,-1.0714956564587277,False,-2.142991312917455,TURTLE20,10,
XRP,15m,20bar,1741166100000,1741175100000,1,2.49819954,2.4755847948076486,2.4563111712079815,,TRAIL,-1.5486267791506325,0.18053511924403717,-0.6111246756907283,False,-1.2222493513814565,TURTLE20,11,
XRP,15m,20bar,1741188600000,1741193100000,-1,2.42671456,2.478927648378688,2.478431961986291,,SL,-2.6695365421623753,0.1424578867211984,-1.0664973797085897,False,-2.1329947594171794,TURTLE20,6,
XRP,15m,20bar,1741202100000,1741263300000,1,2.50560102,2.570723419116116,2.4568830561218507,,TRAIL,3.1214127539437406,0.15315242179040767,1.2742035896226924,False,2.5484071792453844,TURTLE20,69,
XRP,15m,20bar,1741272300000,1741273200000,-1,2.5574884,2.6155158429432106,2.6149928443743358,,SL,-2.6705648477053905,0.13559196948532104,-1.0630699271004398,False,-2.1261398542008796,TURTLE20,2,
XRP,15m,20bar,1741283100000,1741290300000,-1,2.5428913200000003,2.60438805404334,2.603867280587223,,SL,-2.60424422363379,0.12453125161500239,-1.0591895731659728,False,-2.1183791463319457,TURTLE20,9,
XRP,15m,20bar,1741307400000,1741310100000,-1,2.439512,2.4751718814798433,2.5070831138009386,,TRAIL,-1.375096491392693,0.10502554080631438,-0.5713786503870639,False,-1.142757300774128,TURTLE20,4,
XRP,15m,20bar,1741338900000,1741350600000,1,2.5347068399999997,2.509652900127659,2.496202428066736,,TRAIL,-1.7350534630483454,0.18700984249082814,-0.7292815110405213,False,-1.4585630220810426,TURTLE20,14,
XRP,15m,20bar,1741364100000,1741372200000,-1,2.43061378,2.4785651277457266,2.4938474732934597,,TRAIL,-1.887030627061379,0.10920640502668658,-0.8049008754584046,False,-1.6098017509168092,TURTLE20,10,
XRP,15m,20bar,1741385700000,1741598100000,-1,2.36372716,2.205366381680308,2.4457276876811114,,TRAIL,4.377591748806743,0.07711751692079738,1.8977843996305073,False,3.795568799261014,TURTLE20,237,
XRP,15m,20bar,1741616100000,1741620600000,-1,2.11297732,2.145263550157529,2.1653898908828224,,TRAIL,-1.5915655282961514,0.11671138144641663,-0.6647484390246189,False,-1.3294968780492376,TURTLE20,6,
XRP,15m,20bar,1741626900000,1741634100000,-1,2.05928806,2.078181084773379,2.1170535257071412,,TRAIL,-0.8741836330120916,0.10152483214436812,-0.37003953830498404,False,-0.740079076609968,TURTLE20,9,
XRP,15m,20bar,1741653000000,1741656600000,-1,1.97190554,1.9895130036123456,2.0317036983600767,,TRAIL,-0.7836640377598219,0.0932057353508702,-0.3341961573160267,False,-0.6683923146320534,TURTLE20,5,
XRP,15m,20bar,1741667400000,1741703400000,1,2.0779155,2.073249832343917,2.0180799121133464,,TRAIL,-0.2785793774008599,0.09695666058975315,-0.11960051046954934,False,-0.23920102093909867,TURTLE20,41,
XRP,15m,20bar,1741716900000,1741752000000,1,2.1580315199999998,2.1588757657008957,2.100558445834524,,TRAIL,-0.0705879314909438,0.10472138877713236,-0.030377680259417405,False,-0.06075536051883482,TURTLE20,40,
XRP,15m,20bar,1741753800000,1741765500000,-1,2.1509697200000004,2.1906317416031564,2.190193702862584,,SL,-2.5024272744533276,0.15422736057535408,-1.0775800771735808,False,-2.1551601543471617,TURTLE20,14,
XRP,15m,20bar,1741767300000,1741775400000,1,2.21634318,2.1755441012151713,2.175979297074586,,SL,-2.4450561595907603,0.1483403625478375,-1.07606622568541,False,-2.15213245137082,TURTLE20,10,
XRP,15m,20bar,1741783500000,1741787100000,1,2.23724736,2.193196060427716,2.193634787385193,,SL,-2.381196999081012,0.1355151789950875,-1.0710114727027626,False,-2.1420229454055253,TURTLE20,5,
XRP,15m,20bar,1741792500000,1741794300000,-1,2.14097172,2.193667083235934,2.1932284375484246,,SL,-2.3022377876991587,0.10828279955035335,-1.0581634115582288,False,-2.116326823116457,TURTLE20,3,
XRP,15m,20bar,1741859100000,1741869900000,1,2.25555102,2.299463591669147,2.2284279807331338,,TRAIL,3.2333377687392146,0.21459043869989472,1.518250314685454,False,3.036500629370908,TURTLE20,13,
XRP,15m,20bar,1741887000000,1741920300000,-1,2.2460507,2.287488177767206,2.29452818363904,,TRAIL,-1.9987763378067693,0.12312530587174725,-0.9108888865325689,False,-1.8217777730651377,TURTLE20,38,
XRP,15m,20bar,1741931100000,1741933800000,1,2.30726136,2.281506945654263,2.2819633383219275,,SL,-2.4276674953846245,0.23446324958187723,-1.1268737015052332,False,-2.2537474030104665,TURTLE20,4,
XRP,15m,20bar,1741944600000,1741956300000,1,2.32206432,2.2958278903191385,2.2962871477486884,,SL,-2.3696493619754273,0.22634653184190934,-1.1253043865421353,False,-2.2506087730842705,TURTLE20,14,
XRP,15m,20bar,1741960800000,1741961700000,1,2.33616714,2.3082538125883882,2.308715555699528,,SL,-2.301965529921101,0.2089505650198713,-1.11833181091253,False,-2.2366636218250595,TURTLE20,2,
XRP,15m,20bar,1741965300000,1741976100000,1,2.36627316,2.3359039182489734,2.3315136711506455,,TRAIL,-1.9215212581717154,0.16333565597219069,-0.9548629481239501,False,-1.9097258962479005,TURTLE20,13,
XRP,15m,20bar,1741993200000,1742017500000,1,2.36827356,2.435479639838314,2.3427130043810642,,TRAIL,4.967429263826873,0.22258287474445182,2.5165269831129193,False,5.03305396622584,TURTLE20,28,
XRP,15m,20bar,1742023800000,1742027400000,-1,2.37942402,2.412127162715952,2.4116448337492025,,SL,-2.2892963505338986,0.1849894541186844,-1.104195372050846,False,-2.2083907441016914,TURTLE20,5,
XRP,15m,20bar,1742040000000,1742048100000,1,2.4240847199999997,2.4156321258654683,2.3997567546700282,,TRAIL,-0.9464409137725358,0.24200431067239275,-0.4668053447141283,False,-0.9336106894282566,TURTLE20,10,
XRP,15m,20bar,1742064300000,1742137200000,-1,2.4010197,2.302731450674143,2.4245289948503688,,TRAIL,8.156298994562652,0.24112375921872395,4.060776779698,False,8.121553559396,TURTLE20,82,
XRP,15m,20bar,1742172300000,1742192100000,1,2.32286448,2.325004819700874,2.294305378444232,,TRAIL,-0.04930405349129813,0.2120591003673889,-0.022703160940826528,False,-0.045406321881653056,TURTLE20,23,
XRP,15m,20bar,1742237100000,1742244300000,1,2.3713741799999997,2.3433506732630733,2.3438194371505032,,SL,-2.4304731388494965,0.22284879851257233,-1.1196744537736858,False,-2.2393489075473716,TURTLE20,9,
XRP,15m,20bar,1742256900000,1742281200000,-1,2.32893412,2.271173784298145,2.348076717627998,,TRAIL,6.097153093059947,0.30597189775157674,2.873187434020559,False,5.746374868041118,TURTLE20,28,
XRP,15m,20bar,1742302800000,1742308200000,-1,2.2465506,2.2569724558252773,2.268693604909759,,TRAIL,-1.3300173026388682,0.27383926096219047,-0.5926914487106516,False,-1.1853828974213032,TURTLE20,7,
XRP,15m,20bar,1742328000000,1742348700000,1,2.26185228,2.2693969129917937,2.2369478888967076,,TRAIL,0.42968552642109153,0.24207118193207805,0.1937764089867952,False,0.38755281797359037,TURTLE20,24,
XRP,15m,20bar,1742376600000,1742382000000,1,2.3144628,2.3070670678521177,2.2958781328543627,,TRAIL,-1.2179745234789605,0.33213291443234644,-0.5471526602498507,False,-1.0943053204997013,TURTLE20,7,
XRP,15m,20bar,1742384700000,1742391000000,1,2.33866764,2.48790232,2.3149586430066464,,TRAIL,13.58930076156426,0.26892282270090806,6.172287172883055,False,12.34457434576611,TURTLE20,8,
XRP,15m,20bar,1742424300000,1742434200000,1,2.5472093399999998,2.4920203702235706,2.49251887399837,,SL,-2.632738798295402,0.13674355685420753,-1.0643995536777562,False,-2.1287991073555124,TURTLE20,12,
XRP,15m,20bar,1742437800000,1742459400000,-1,2.48510288,2.4938440480749082,2.526791459948872,,TRAIL,-0.6810589727226737,0.17347210665018442,-0.28133690920000964,False,-0.5626738184000193,TURTLE20,25,
XRP,15m,20bar,1742461200000,1742465700000,1,2.5099018799999997,2.477281679767398,2.477777235214441,,SL,-2.668527602426487,0.22422070530685081,-1.1085728918151854,False,-2.2171457836303707,TURTLE20,6,
XRP,15m,20bar,1742485500000,1742501700000,-1,2.44990992,2.448010017207628,2.4895156726682575,,TRAIL,-0.06173968094601459,0.1746525037332784,-0.02622975451707118,False,-0.05245950903414236,TURTLE20,19,
XRP,15m,20bar,1742512500000,1742515200000,-1,2.41571676,2.442539792183154,2.442051381906773,,SL,-2.6566034549228545,0.2604035342222536,-1.129235354877678,False,-2.2584707097553562,TURTLE20,4,
XRP,15m,20bar,1742522400000,1742523300000,1,2.4612921599999997,2.4348365867127675,2.435323651443056,,SL,-2.6026873715856382,0.2601228287447864,-1.1318805803115768,False,-2.2637611606231536,TURTLE20,2,
XRP,15m,20bar,1742535900000,1742549400000,-1,2.40981794,2.4182539901251205,2.43332686130047,,TRAIL,-1.083390730256691,0.2769295488840166,-0.4820677707134464,False,-0.9641355414268927,TURTLE20,16,
XRP,15m,20bar,1742553000000,1742575500000,-1,2.3782242599999996,2.3952699649884095,2.4046796390571292,,TRAIL,-1.6750294885605386,0.24095901451143126,-0.7525804669216206,False,-1.505160933843241,TURTLE20,26,
XRP,15m,20bar,1742579100000,1742596200000,1,2.4037806600000002,2.3784422007075756,2.3748535319341983,,TRAIL,-2.137700110611166,0.2174496601367157,-0.9751328560748858,False,-1.9502657121497715,TURTLE20,20,
XRP,15m,20bar,1742629500000,1742632200000,1,2.40858162,2.394032983026548,2.3945118854036287,,SL,-2.6628458062214797,0.44022276095195767,-1.238843960835154,False,-2.477687921670308,TURTLE20,4,
XRP,15m,20bar,1742642100000,1742665500000,-1,2.38742242,2.3880056779716585,2.402171584468482,,TRAIL,-0.4901150962633043,0.40722041522485336,-0.23381086012098398,False,-0.46762172024196796,TURTLE20,27,
XRP,15m,20bar,1742679900000,1742681700000,-1,2.35962798,2.375319200637765,2.3748442317914065,,SL,-2.5410710876878078,0.38954396862919927,-1.217920760000424,False,-2.435841520000848,TURTLE20,3,
XRP,15m,20bar,1742698800000,1742730300000,1,2.3859771,2.405464642676316,2.371804820672702,,TRAIL,2.3860965826971583,0.41291992859444676,1.1721951880183428,False,2.344390376036686,TURTLE20,36,
XRP,15m,20bar,1742754600000,1742760000000,-1,2.3850229,2.4041159193099437,2.4036351922714894,,SL,-2.4587432487717633,0.3216332509460754,-1.1802147892969783,False,-2.3604295785939566,TURTLE20,7,
XRP,15m,20bar,1742768100000,1742778000000,1,2.41568304,2.431547727544413,2.3988357607987743,,TRAIL,1.5643389378325878,0.3511503949716924,0.7690469736468729,False,1.538093947293746,TURTLE20,12,
XRP,15m,20bar,1742793300000,1742801400000,1,2.46069204,2.4389571881728935,2.439445077188331,,SL,-2.3986174339606245,0.28577641033832335,-1.1613255778119354,False,-2.322651155623871,TURTLE20,10,
XRP,15m,20bar,1742825700000,1742826600000,1,2.48139618,2.4710270926918074,2.460206207500397,,TRAIL,-1.2701175465100811,0.28290424960568883,-0.6295685976967504,False,-1.2591371953935009,TURTLE20,2,
XRP,15m,20bar,1742854500000,1742861700000,-1,2.44771036,2.4559053674006575,2.4671160011245594,,TRAIL,-1.1432597025931082,0.30202122172282053,-0.5739143976543247,False,-1.1478287953086495,TURTLE20,9,
XRP,15m,20bar,1742871600000,1742892300000,-1,2.42411508,2.4354905471476243,2.4434469104860326,,TRAIL,-1.455729338910744,0.29700467605519104,-0.7392590440019734,False,-1.4785180880039468,TURTLE20,24,
XRP,15m,20bar,1742895900000,1742910300000,1,2.4369873,2.434084872470786,2.4218988074570116,,TRAIL,-0.7489801060742498,0.375789712147785,-0.3860604905427381,False,-0.7721209810854762,TURTLE20,17,
XRP,15m,20bar,1742925600000,1742940000000,1,2.46339258,2.4390871313435007,2.4395750463527714,,SL,-2.2022647358255685,0.23774911046621472,-1.1439864801650368,False,-2.2879729603300736,TURTLE20,17,
XRP,15m,20bar,1742952600000,1742956200000,1,2.47109412,2.450823807202944,2.4513140700169473,,SL,-2.208494194020145,0.2808373645219739,-1.174085180435622,False,-2.3481703608712445,TURTLE20,5,
XRP,15m,20bar,1742975100000,1742991300000,1,2.46239238,2.4488969545491104,2.4469805195212504,,TRAIL,-1.9596651669679663,0.3512115114384138,-1.0668536140909344,False,-2.1337072281818688,TURTLE20,19,
XRP,15m,20bar,1742994900000,1743018300000,-1,2.4417115600000003,2.3815756927069542,2.45737474194522,,TRAIL,6.569679560472936,0.3321425858891538,3.6545508531803876,False,7.309101706360776,TURTLE20,27,
XRP,15m,20bar,1743025500000,1743037200000,-1,2.35512888,2.3705763430272397,2.3840579747321433,,TRAIL,-1.2191486118709007,0.18907311171810873,-0.6319895707189892,False,-1.2639791414379784,TURTLE20,14,
XRP,15m,20bar,1743043500000,1743054300000,1,2.38177626,2.3593373615854873,2.359809323450177,,SL,-2.192255656164415,0.2466519061102464,-1.1509828204819907,False,-2.3019656409639815,TURTLE20,13,
XRP,15m,20bar,1743075000000,1743084000000,-1,2.34913008,2.3281538209167816,2.3668520570689857,,TRAIL,1.90786781470225,0.2946734415768443,1.0252743625578293,False,2.050548725115659,TURTLE20,11,
XRP,15m,20bar,1743111900000,1743120000000,1,2.3560711199999997,2.3314892632491544,2.3319556543800304,,SL,-2.157195759858833,0.22147565868496671,-1.1359678229936503,False,-2.271935645987301,TURTLE20,10,
XRP,15m,20bar,1743121800000,1743125400000,-1,2.32043582,2.338366360754934,2.34156411416169,,TRAIL,-1.8204977882989315,0.24552963082229556,-0.9809510367839906,False,-1.9619020735679813,TURTLE20,5,
XRP,15m,20bar,1743131700000,1743163200000,-1,2.3043390400000003,2.23174138113001,2.3293307887207786,,TRAIL,5.087086922102746,0.19814040770856234,2.795963235626502,False,5.591926471253003,TURTLE20,36,
XRP,15m,20bar,1743171300000,1743201900000,-1,2.18296332,2.2039736234060423,2.216845153492875,,TRAIL,-1.3405847562810782,0.1492499360990506,-0.6977917997577526,False,-1.3955835995155053,TURTLE20,35,
XRP,15m,20bar,1743207300000,1743212700000,1,2.2129425,2.188878065006266,2.1893159281919043,,SL,-2.1412394188813075,0.21176181824530632,-1.1303174895473829,False,-2.2606349790947657,TURTLE20,7,
XRP,15m,20bar,1743216300000,1743219000000,-1,2.16786634,2.165267017285738,2.192817382443698,,TRAIL,-4.1355638370071945e-05,0.19292961877344972,-2.233574452122055e-05,False,-4.46714890424411e-05,TURTLE20,4,
XRP,15m,20bar,1743241500000,1743253200000,-1,2.09448102,2.110981333109669,2.1281804262807755,,TRAIL,-1.0452118896820104,0.13863626579129135,-0.5645081804419589,False,-1.1290163608839177,TURTLE20,14,
XRP,15m,20bar,1743292800000,1743309000000,1,2.13422676,2.1743543359400377,2.109347981105038,,TRAIL,2.7624615648128397,0.19022141941211065,1.5090140654000057,False,3.018028130800011,TURTLE20,19,
XRP,15m,20bar,1743331500000,1743359400000,-1,2.15326926,2.1497441245279103,2.176807392548827,,TRAIL,0.07557995922867866,0.20685600475463334,0.040076562548718546,False,0.08015312509743709,TURTLE20,32,
XRP,15m,20bar,1743361200000,1743366600000,1,2.15933178,2.133230663126125,2.133657394605046,,SL,-2.1081066382038975,0.18933546307140597,-1.1169363510990449,False,-2.2338727021980898,TURTLE20,7,
XRP,15m,20bar,1743381900000,1743383700000,-1,2.0815836,2.115488598684221,2.1150655855671077,,SL,-2.0073354628601217,0.13878388744982306,-1.0878459382412975,False,-2.175691876482595,TURTLE20,3,
XRP,15m,20bar,1743395400000,1743398100000,-1,2.0753848400000003,2.110559132422975,2.1101371050019746,,SL,-1.95746790051218,0.13045504948868558,-1.0844144634684305,False,-2.168828926936861,TURTLE20,4,
XRP,15m,20bar,1743406200000,1743418800000,-1,2.06628666,2.0735572250354424,2.099775025331224,,TRAIL,-0.5143827420653302,0.13098388437295197,-0.2912794121177584,False,-0.5825588242355167,TURTLE20,15,
XRP,15m,20bar,1743425100000,1743428700000,1,2.09981988,2.062266736382532,2.0621985387276176,,TRAIL,-1.8690103914299185,0.11653792211506898,-1.0645658616296705,False,-2.129131723259341,TURTLE20,5,
XRP,15m,20bar,1743435000000,1743443100000,1,2.12822556,2.084849065938861,2.0852661191626938,,SL,-1.8360636759883722,0.10110774032623471,-1.068550659459201,False,-2.137101318918402,TURTLE20,10,
XRP,15m,20bar,1743460200000,1743465600000,-1,2.07778436,2.102760825499811,2.1023403574283255,,SL,-1.8821125149337932,0.1717660349315041,-1.1192700557708557,False,-2.238540111541711,TURTLE20,7,
XRP,15m,20bar,1743476400000,1743503400000,1,2.10972186,2.1622460141047393,2.0862361970164436,,TRAIL,3.497087044760525,0.179413360037489,2.127296700768289,False,4.254593401536579,TURTLE20,31,
XRP,15m,20bar,1743516900000,1743518700000,-1,2.1170765,2.1479737614995535,2.1531654491989958,,TRAIL,-1.5888289305929482,0.12152754971449026,-0.9270508673437333,False,-1.8541017346874669,TURTLE20,3,
XRP,15m,20bar,1743555600000,1743579000000,-1,2.1135772,2.1043671362393077,2.13866974513368,,TRAIL,0.44774606760491603,0.16964970519965555,0.2661865156908134,False,0.5323730313816267,TURTLE20,27,
XRP,15m,20bar,1743585300000,1743600600000,1,2.12952582,2.0987715092491253,2.099191347518629,,SL,-1.855862638090171,0.14142688799651965,-1.097473811976413,False,-2.194947623952826,TURTLE20,18,
XRP,15m,20bar,1743608700000,1743614100000,1,2.1903379800000002,2.152699283237604,2.153129909219448,,SL,-1.788885494697423,0.11582987993825639,-1.0816072501499685,False,-2.1632145002999366,TURTLE20,7,
XRP,15m,20bar,1743626700000,1743642900000,-1,2.10597872,2.065357047103293,2.160330552986651,,TRAIL,1.1348565465091198,0.07451219080623885,0.7013355270981813,False,1.4026710541963627,TURTLE20,19,
XRP,15m,20bar,1743655500000,1743662700000,1,2.075415,2.039216893699852,2.039624818663585,,SL,-1.7727186584183248,0.11318343303064843,-1.0803769076471816,False,-2.1607538152943633,TURTLE20,9,
XRP,15m,20bar,1743676200000,1743687000000,-1,2.02689454,2.002312448343113,2.0530973423444943,,TRAIL,1.357966763511072,0.14811556821199914,0.8458853817419243,False,1.6917707634838484,TURTLE20,13,
XRP,15m,20bar,1743705900000,1743763500000,1,2.04630918,2.048009279648262,2.010648024822425,,TRAIL,-0.03463155835959866,0.11246072871567472,-0.02121331807004315,False,-0.0424266361400863,TURTLE20,65,
XRP,15m,20bar,1743765300000,1743769800000,-1,2.03549282,2.056253546578825,2.0625823197517223,,TRAIL,-1.3984963096195822,0.1478897605206485,-0.8570026988887685,False,-1.714005397777537,TURTLE20,6,
XRP,15m,20bar,1743775200000,1743922800000,1,2.11902372,2.1015070846004384,2.069565477058984,,TRAIL,-0.6501653273135033,0.08212027843794861,-0.4053713332726421,False,-0.8107426665452842,TURTLE20,165,
XRP,15m,20bar,1743924600000,1743948900000,-1,2.09798032,2.07231438,2.1156912451875893,,TRAIL,2.0806703483753517,0.22475644718476578,1.3078799065918822,False,2.6157598131837645,TURTLE20,28,
XRP,15m,20bar,1743961500000,1743972300000,-1,2.0358927400000004,1.980396,2.0615375046529105,,TRAIL,3.3793927616069297,0.1534005567754005,2.070089839953978,False,4.140179679907957,TURTLE20,13,
XRP,15m,20bar,1743979500000,1743988500000,-1,1.91391714,1.9397900650004691,1.9655749294177622,,TRAIL,-0.927582017895838,0.07609602059374238,-0.5456127651056248,False,-1.0912255302112497,TURTLE20,11,
XRP,15m,20bar,1743997500000,1744010100000,-1,1.8018395600000001,1.7043472067985423,1.8623650561575569,,TRAIL,2.6500918283275876,0.05844542990508637,1.5760075868369232,False,3.1520151736738464,TURTLE20,15,
XRP,15m,20bar,1744034400000,1744036200000,1,1.870374,1.8781243,1.7867324764704964,,TRAIL,0.1140816820241994,0.04664090509408529,0.06577117187564917,False,0.1315423437512983,TURTLE20,3,
XRP,15m,20bar,1744058700000,1744072200000,1,1.94708934,1.8821344470766137,1.882510949266467,,SL,-1.808722687778362,0.06179111353217478,-1.0414076044900693,False,-2.0828152089801386,TURTLE20,16,
XRP,15m,20bar,1744074000000,1744075800000,-1,1.8661267000000001,1.9116704673938554,1.911288209751905,,SL,-1.8003813292730657,0.08535551660965171,-1.0586547251617282,False,-2.117309450323456,TURTLE20,3,
XRP,15m,20bar,1744095600000,1744108200000,-1,1.8594280399999998,1.8932946833387272,1.8929161001187036,,SL,-1.7953663956360102,0.1119241475673195,-1.0785419294131529,False,-2.1570838588263053,TURTLE20,15,
XRP,15m,20bar,1744110900000,1744115400000,1,1.8982795799999999,1.9264200383118848,1.8690106603144276,,TRAIL,1.438222306011284,0.12769895306269177,0.8830403998012262,False,1.7660807996024523,TURTLE20,6,
XRP,15m,20bar,1744130700000,1744135200000,-1,1.86542684,1.8692104678020078,1.907709515414549,,TRAIL,-0.2361568629227594,0.08783866338120663,-0.1424793991303627,False,-0.28495879826072534,TURTLE20,6,
XRP,15m,20bar,1744147800000,1744164000000,-1,1.8011397000000002,1.7930119989081277,1.8485658583472282,,TRAIL,0.2080911318842154,0.07515171157320455,0.12590541339675662,False,0.25181082679351324,TURTLE20,19,
XRP,15m,20bar,1744179300000,1744198200000,1,1.8238647,1.778344073249427,1.7786998132120693,,SL,-1.7492605243013153,0.07929039824650533,-1.0557305775703754,False,-2.1114611551407507,TURTLE20,22,
XRP,15m,20bar,1744218000000,1744220700000,1,1.86267246,2.0070984999999997,1.8189522459993899,,TRAIL,5.271786420109647,0.08613655009589002,3.2503083681616247,False,6.50061673632325,TURTLE20,4,
XRP,15m,20bar,1744234200000,1744244100000,1,2.085417,2.0264930995739805,2.0268984792698346,,SL,-1.8121621747083292,0.07282607195800495,-1.0490874635885643,False,-2.0981749271771286,TURTLE20,12,
XRP,15m,20bar,1744245900000,1744288200000,-1,2.01279736,2.034224222600119,2.055067210410984,,TRAIL,-0.9543907844669022,0.09714763036306984,-0.5643520220142607,False,-1.1287040440285212,TURTLE20,48,
XRP,15m,20bar,1744292700000,1744294500000,-1,1.97640464,2.0162152858852176,2.0158121234605257,,SL,-1.7907877407487094,0.1016428647132821,-1.0710203782240144,False,-2.142040756448029,TURTLE20,3,
XRP,15m,20bar,1744299000000,1744317900000,-1,1.9565086200000001,1.9873325268247934,2.0000566685125833,,TRAIL,-1.247049966678773,0.08890874893324063,-0.7621515233523691,False,-1.524303046704738,TURTLE20,22,
XRP,15m,20bar,1744333200000,1744334100000,-1,1.9505098200000002,1.9786101504936162,1.9782145075920978,,SL,-1.7714010789430419,0.1371086576689201,-1.0993736123052202,False,-2.1987472246104405,TURTLE20,2,
XRP,15m,20bar,1744338600000,1744380900000,1,2.0017002600000002,1.986483006258735,1.970881018941113,,TRAIL,-0.9004455735135526,0.12235463665526528,-0.5714016015959706,False,-1.1428032031919413,TURTLE20,48,
XRP,15m,20bar,1744393500000,1744410600000,1,2.03400672,2.022873754734397,2.006786884065709,,TRAIL,-0.7764716827091787,0.13930999135761332,-0.49842672024897067,False,-0.9968534404979412,TURTLE20,20,
XRP,15m,20bar,1744413300000,1744435800000,-1,2.014597,2.034634683402475,2.035744661511561,,TRAIL,-1.6385524111192047,0.17718821355477743,-1.06239748542571,False,-2.12479497085142,TURTLE20,26,
XRP,15m,20bar,1744438500000,1744466400000,1,2.04110814,2.15116968,2.0249130902684285,,TRAIL,10.024406377754335,0.23445797404118196,6.640681880608522,False,13.281363761217044,TURTLE20,32,
XRP,15m,20bar,1744511400000,1744533000000,-1,2.1375724,2.1650217932495504,2.1645888754744553,,SL,-1.9008368089244634,0.16340201319484587,-1.1115791100839676,False,-2.2231582201679356,TURTLE20,25,
XRP,15m,20bar,1744534800000,1744539300000,1,2.1763351799999997,2.20817254514417,2.1513396939009124,,TRAIL,1.9537130508567708,0.1759749964197157,1.1684773960107275,False,2.336954792021455,TURTLE20,6,
XRP,15m,20bar,1744551900000,1744567200000,-1,2.1440711,2.1827239538632917,2.182287496364019,,SL,-1.8468682531861491,0.11623603690354284,-1.0793516610699103,False,-2.1587033221398206,TURTLE20,18,
XRP,15m,20bar,1744573500000,1744589700000,-1,2.10697852,2.138117216723619,2.1450306939014028,,TRAIL,-1.4820469214969223,0.1120609805046766,-0.8852517665071266,False,-1.7705035330142533,TURTLE20,19,
XRP,15m,20bar,1744597800000,1744610400000,1,2.15933178,2.127257520627973,2.124513522567246,,TRAIL,-1.636386198067386,0.1214767497613774,-0.9950587854466095,False,-1.9901175708932188,TURTLE20,15,
XRP,15m,20bar,1744614000000,1744621200000,-1,2.1172764600000002,2.1428234147514384,2.1436011511847552,,TRAIL,-1.7206659420476673,0.1565001231784069,-1.0675534417119275,False,-2.135106883423855,TURTLE20,9,
XRP,15m,20bar,1744627500000,1744638300000,1,2.15183028,2.1299162643169858,2.126786827500066,,TRAIL,-1.5420747424902983,0.16181242605144036,-0.9776233372642479,False,-1.9552466745284955,TURTLE20,13,
XRP,15m,20bar,1744646400000,1744650900000,-1,2.114577,2.1488969546957053,2.1484672612434568,,SL,-1.6828721579416615,0.11673421573964848,-1.0881603657051386,False,-2.1763207314102773,TURTLE20,6,
XRP,15m,20bar,1744674300000,1744682400000,-1,2.1239751200000003,2.1448599298732725,2.1444310436645395,,SL,-1.7340193345249926,0.18942781281570578,-1.1461770823793411,False,-2.292354164758682,TURTLE20,10,
XRP,15m,20bar,1744687800000,1744713000000,1,2.14832958,2.150385414032895,2.1253353668425032,,TRAIL,-0.033646643823979305,0.16580671468181413,-0.022762029730680804,False,-0.0455240594613616,TURTLE20,29,
XRP,15m,20bar,1744727400000,1744792200000,-1,2.13897212,2.076937161632353,2.1666478219262992,,TRAIL,3.176807057603617,0.13504449155327394,2.1500958840043856,False,4.300191768008771,TURTLE20,73,
XRP,15m,20bar,1744802100000,1744821000000,1,2.08411674,2.085683199158355,2.061445819550701,,TRAIL,-0.06358519243909705,0.17006519211918802,-0.041260821642931204,False,-0.08252164328586241,TURTLE20,22,
XRP,15m,20bar,1744826400000,1744826400000,-1,2.0516895799999997,2.0896878032071,2.0892699492172566,,SL,-1.6587149596049433,0.101810975415439,-1.0772392735948537,False,-2.154478547189708,TURTLE20,1,
XRP,15m,20bar,1744856100000,1744866900000,-1,2.0715856,2.0953766803205065,2.09495768878275,,SL,-1.6947840560980483,0.16116614850459798,-1.1248997867962771,False,-2.2497995735925542,TURTLE20,13,
XRP,15m,20bar,1744868700000,1744899300000,1,2.10062004,2.0856708027029147,2.0818082919406917,,TRAIL,-1.3669683016550997,0.19663901318467897,-0.9281971961168757,False,-1.8563943922337511,TURTLE20,35,
XRP,15m,20bar,1744902000000,1744902000000,-1,2.06448702,2.0845167047162483,2.0840998847393006,,SL,-1.6595484859661715,0.18345698112661388,-1.148179383807924,False,-2.296358767615848,TURTLE20,1,
XRP,15m,20bar,1744938000000,1744938900000,-1,2.0467905600000003,2.065721590714617,2.0653085290088153,,SL,-1.6318555004161162,0.1881724509989255,-1.1555553416715953,False,-2.3111106833431907,TURTLE20,2,
XRP,15m,20bar,1744964100000,1744988400000,1,2.07551502,2.0585658954550956,2.057963304354329,,TRAIL,-1.5271433528550813,0.1949605632486353,-1.1069899653353403,False,-2.2139799306706807,TURTLE20,28,
XRP,15m,20bar,1744990200000,1744997400000,-1,2.05638864,2.0735432560391502,2.0731286303130876,,SL,-1.5821037479805786,0.19968793720015426,-1.1727948947153455,False,-2.3455897894306914,TURTLE20,9,
XRP,15m,20bar,1745001000000,1745008200000,1,2.08801752,2.0724507247078185,2.072865297767372,,SL,-1.570435621511032,0.21703105652221108,-1.1921073992770326,False,-2.384214798554065,TURTLE20,9,
XRP,15m,20bar,1745018100000,1745026200000,-1,2.06538684,2.072904636779522,2.0774445204826812,,TRAIL,-1.066582727804196,0.2648093782766436,-0.8294109036936187,False,-1.6588218073872372,TURTLE20,10,
XRP,15m,20bar,1745037000000,1745043300000,1,2.0919182999999997,2.0788893037553318,2.0793051647882894,,SL,-1.557220190827076,0.2509045683420734,-1.2313735281693852,False,-2.46274705633877,TURTLE20,8,
XRP,15m,20bar,1745078400000,1745083800000,-1,2.07568478,2.0810551259651175,2.0867752269105675,,TRAIL,-0.8746750188825525,0.2773867978025381,-0.7091138862224733,False,-1.4182277724449468,TURTLE20,7,
XRP,15m,20bar,1745120700000,1745150400000,-1,2.0798839399999998,2.051896888621791,2.089206469323513,,TRAIL,3.3271295620037247,0.3233568926890304,2.736165475682597,False,5.472330951365195,TURTLE20,34,
XRP,15m,20bar,1745178300000,1745182800000,1,2.06581308,2.074217802344284,2.054832703623893,,TRAIL,0.6915474871111851,0.2901372582820666,0.5392077295056085,False,1.078415459011217,TURTLE20,6,
XRP,15m,20bar,1745195400000,1745234100000,1,2.10021996,2.1149305716086793,2.08351904871041,,TRAIL,0.9455525777428523,0.1963127439970328,0.7293926108874531,False,1.4587852217749062,TURTLE20,44,
XRP,15m,20bar,1745245800000,1745250300000,1,2.1344268,2.115196312614612,2.1156194365019125,,SL,-1.5231727029957203,0.17831493886995314,-1.158070946795462,False,-2.3161418935909244,TURTLE20,6,
XRP,15m,20bar,1745253000000,1745262900000,-1,2.1015796,2.0889110472844252,2.1216378199633197,,TRAIL,0.6504180784309062,0.16104992329301399,0.5062392548178811,False,1.0124785096357622,TURTLE20,12,
XRP,15m,20bar,1745285400000,1745302500000,1,2.0916182400000003,2.0733663687235127,2.0731352941156618,,TRAIL,-1.4570577469141064,0.1754709682243654,-1.1227031757586392,False,-2.2454063515172784,TURTLE20,20,
XRP,15m,20bar,1745307900000,1745334900000,1,2.0929184999999997,2.169953194961551,2.0780403732470116,,TRAIL,6.3507167717453825,0.21809928676320078,5.005803027562973,False,10.011606055125945,TURTLE20,31,
XRP,15m,20bar,1745358300000,1745359200000,1,2.1934386,2.212929086860876,2.1685481303769074,,TRAIL,0.9446444432493077,0.1482471613852805,0.6768319964975708,False,1.3536639929951415,TURTLE20,2,
XRP,15m,20bar,1745380800000,1745402400000,1,2.23524696,2.25988304897654,2.2081982953486263,,TRAIL,1.1473559231167803,0.14105049806740552,0.8110940504428887,False,1.6221881008857777,TURTLE20,25,
XRP,15m,20bar,1745416800000,1745427600000,-1,2.24535084,2.242396772311599,2.28017612863903,,TRAIL,0.010790911069861006,0.11114768927514006,0.007506588781612317,False,0.015013177563224636,TURTLE20,13,
XRP,15m,20bar,1745457300000,1745489700000,-1,2.2012596600000003,2.15177609860937,2.2238856868517285,,TRAIL,2.9784030069970937,0.16596475587455006,2.071585092805832,False,4.143170185611664,TURTLE20,37,
XRP,15m,20bar,1745499600000,1745502300000,1,2.1684336,2.18576276,2.1488688393796034,,TRAIL,1.1262781800504589,0.19993839453085194,0.7522014947965808,False,1.5044029895931617,TURTLE20,4,
XRP,15m,20bar,1745548200000,1745562600000,-1,2.18346322,2.195112065595043,2.2044411108951043,,TRAIL,-1.034286355670349,0.19033497916621456,-0.6805255512951399,False,-1.36105110259028,TURTLE20,17,
XRP,15m,20bar,1745575200000,1745577000000,1,2.20734138,2.18896368016527,2.1894015604773656,,SL,-1.7561681590825282,0.22042751085179518,-1.171443382934507,False,-2.3428867658690136,TURTLE20,3,
XRP,15m,20bar,1745583300000,1745585100000,1,2.2120423199999997,2.191590874833263,2.192029280689401,,SL,-1.6893815231986136,0.19328493973603234,-1.153928932293967,False,-2.3078578645879344,TURTLE20,3,
XRP,15m,20bar,1745587800000,1745589600000,-1,2.17716448,2.200433146947339,2.1999931483176756,,SL,-1.6223607455176317,0.16455641700860918,-1.1343292198720902,False,-2.2686584397441805,TURTLE20,3,
XRP,15m,20bar,1745618400000,1745631000000,-1,2.1797639600000003,2.198351297310165,2.1979117149671716,,SL,-1.6339774363118573,0.20232879950437327,-1.1689713963477428,False,-2.3379427926954857,TURTLE20,15,
XRP,15m,20bar,1745632800000,1745637300000,1,2.20254042,2.1865664388017048,2.1870038395696185,,SL,-1.6349307133319158,0.23138755976292139,-1.19765384647897,False,-2.39530769295794,TURTLE20,6,
XRP,15m,20bar,1745649900000,1745653500000,1,2.2184436,2.222223662065372,2.201619032895769,,TRAIL,0.08835423363913247,0.2110057645213323,0.06631146591891124,False,0.13262293183782248,TURTLE20,5,
XRP,15m,20bar,1745667900000,1745757000000,-1,2.1910617,2.1892279315581056,2.2118509903257975,,TRAIL,-0.050981993927559074,0.16866646457513332,-0.0382122393112504,False,-0.07642447862250082,TURTLE20,100,
XRP,15m,20bar,1745779500000,1745791200000,1,2.24854962,2.259116082369427,2.2253903197118765,,TRAIL,0.4525664220904514,0.15568967450026694,0.3394689325755349,False,0.6789378651510698,TURTLE20,14,
XRP,15m,20bar,1745799300000,1745811000000,-1,2.24045182,2.2571924956351452,2.2668073127841217,,TRAIL,-0.9899871472620172,0.13743145230533793,-0.7375791598265088,False,-1.4751583196530174,TURTLE20,14,
XRP,15m,20bar,1745813700000,1745829900000,1,2.265453,2.3246653268720356,2.2417351593421415,,TRAIL,3.147885849315949,0.15355595000600347,2.3804129849066293,False,4.76082596981326,TURTLE20,19,
XRP,15m,20bar,1745847000000,1745867700000,-1,2.30463898,2.2896837911890575,2.331717527207105,,TRAIL,0.6240940416404622,0.14103047598665988,0.45048927680390444,False,0.9009785536078089,TURTLE20,24,
XRP,15m,20bar,1745877600000,1745894700000,1,2.2984596,2.282794948219489,2.2780899259059364,,TRAIL,-1.2636039361754952,0.18863077526320743,-0.9039616649934021,False,-1.8079233299868043,TURTLE20,20,
XRP,15m,20bar,1745902800000,1745910900000,-1,2.26614668,2.2844303032964266,2.2839735085947077,,SL,-1.6179735224668068,0.21022338713351474,-1.178783392388861,False,-2.3575667847777226,TURTLE20,10,
XRP,15m,20bar,1745920800000,1745923500000,1,2.30015994,2.282402231794315,2.282858803555026,,SL,-1.58857855175567,0.2129908663283663,-1.1853120501063605,False,-2.370624100212721,TURTLE20,4,
XRP,15m,20bar,1745931600000,1745937000000,-1,2.27164558,2.2889534014337984,2.2887726221019205,,TRAIL,-1.5313076592661887,0.20904860756045096,-1.1703235563606855,False,-2.340647112721371,TURTLE20,7,
XRP,15m,20bar,1745945100000,1745946000000,1,2.30326056,2.283884551229021,2.2843414195129235,,SL,-1.4945722597523203,0.18589284647079007,-1.1696247962655586,False,-2.339249592531117,TURTLE20,2,
XRP,15m,20bar,1745961300000,1745971200000,-1,2.26614668,2.245411540869034,2.282518437233126,,TRAIL,1.3741925183751191,0.20633501213172128,1.1011771028442907,False,2.2023542056885814,TURTLE20,12,
XRP,15m,20bar,1745989200000,1745996400000,1,2.25205032,2.2339775589305537,2.2344244438193175,,SL,-1.5025174144059137,0.1947662985781597,-1.1780621617869709,False,-2.3561243235739417,TURTLE20,9,
XRP,15m,20bar,1745998200000,1746005400000,-1,2.22685454,2.230909630394665,2.24282703665306,,TRAIL,-0.5247136599344401,0.2085411912515156,-0.42133356125089355,False,-0.8426671225017872,TURTLE20,9,
XRP,15m,20bar,1746017100000,1746021600000,-1,2.19216148,2.1533785027488563,2.21272264238906,,TRAIL,2.172650511605767,0.15659161035975544,1.7594167380703478,False,3.518833476140696,TURTLE20,6,
XRP,15m,20bar,1746066600000,1746072000000,1,2.2189437,2.201284530174457,2.2017248751494867,,SL,-1.5079081179459437,0.19689421588717754,-1.179598894813191,False,-2.359197789626382,TURTLE20,7,
XRP,15m,20bar,1746095400000,1746106200000,1,2.2394477999999998,2.22308319202169,2.22352789760121,,SL,-1.4929556542808293,0.20992490049528129,-1.1961208113292676,False,-2.392241622658535,TURTLE20,13,
XRP,15m,20bar,1746112500000,1746120600000,1,2.25355062,2.232180129394656,2.232626654725601,,SL,-1.4010145693776477,0.15670998247515,-1.1499698426866207,False,-2.2999396853732414,TURTLE20,10,
XRP,15m,20bar,1746128700000,1746155700000,-1,2.21975596,2.233332320663665,2.2374095909108394,,TRAIL,-1.0955258009619684,0.18014804147336977,-0.9203893360026348,False,-1.8407786720052697,TURTLE20,31,
XRP,15m,20bar,1746171900000,1746173700000,-1,2.19476096,2.210917864990589,2.2104757698366218,,SL,-1.3977775788385354,0.1965337273421065,-1.1963436071476825,False,-2.3926872142953646,TURTLE20,3,
XRP,15m,20bar,1746186300000,1746198900000,1,2.21824356,2.2201372770709815,2.2052952330855473,,TRAIL,-0.06775682120995782,0.2345452553691203,-0.05941396416259879,False,-0.11882792832519756,TURTLE20,15,
XRP,15m,20bar,1746213300000,1746282600000,-1,2.20375916,2.2085378007158654,2.2208198681621822,,TRAIL,-0.49580068081829237,0.17675310570771785,-0.4352702608649893,False,-0.8705405217299786,TURTLE20,78,
XRP,15m,20bar,1746284400000,1746289800000,1,2.21114214,2.2001540239868365,2.2005941428153997,,SL,-1.4595958262627484,0.28333375846885356,-1.2926523844225155,False,-2.585304768845031,TURTLE20,7,
XRP,15m,20bar,1746292500000,1746296100000,-1,2.18236344,2.1957091733803766,2.1961407635550896,,TRAIL,-1.2752210371766726,0.2097223378633603,-1.15933816060407,False,-2.3186763212081405,TURTLE20,5,
XRP,15m,20bar,1746324000000,1746327600000,1,2.20314054,2.194712884347606,2.187772076742332,,TRAIL,-0.7736802789926787,0.18447963529162467,-0.7200698938770755,False,-1.4401397877541513,TURTLE20,5,
XRP,15m,20bar,1746350100000,1746370800000,-1,2.18486294,2.192611192821741,2.199375209145622,,TRAIL,-0.7570572743328584,0.19165778597584981,-0.7148942179427634,False,-1.4297884358855268,TURTLE20,24,
XRP,15m,20bar,1746386100000,1746389700000,-1,2.164567,2.180098343612174,2.179662411129948,,SL,-1.2542396111442518,0.1802583018239446,-1.201566665670798,False,-2.403133331341596,TURTLE20,5,
XRP,15m,20bar,1746397800000,1746411300000,-1,2.1605678,2.1540240035502816,2.175893590824216,,TRAIL,0.2629036723342684,0.17208245239696485,0.25806442309906036,False,0.5161288461981207,TURTLE20,16,
XRP,15m,20bar,1746424800000,1746438300000,1,2.17753542,2.1752548974286148,2.161992335628526,,TRAIL,-0.32230792311854195,0.17206243435547172,-0.3147507048743166,False,-0.6295014097486332,TURTLE20,16,
XRP,15m,20bar,1746441900000,1746453600000,-1,2.15676856,2.1465539789694943,2.1733817393785912,,TRAIL,0.46749909771934894,0.15814815635870372,0.4594296692516329,False,0.9188593385032658,TURTLE20,14,
XRP,15m,20bar,1746459900000,1746462600000,-1,2.11167758,2.1361125525794487,2.1356854154963494,,SL,-1.154201693050512,0.10901728646328496,-1.1239516641597986,False,-2.247903328319597,TURTLE20,4,
XRP,15m,20bar,1746470700000,1746475200000,1,2.15783148,2.1360008793968834,2.1364281650298893,,SL,-1.1447001326194783,0.12083018656536973,-1.1403327032676038,False,-2.280665406535208,TURTLE20,6,
XRP,15m,20bar,1746496800000,1746504900000,-1,2.1107777600000004,2.1225564988688457,2.1304618706932428,,TRAIL,-0.7135585951980044,0.12657812775042568,-0.7274262803796534,False,-1.4548525607593068,TURTLE20,10,
XRP,15m,20bar,1746520200000,1746524700000,-1,2.08528286,2.1033570527527847,2.1029364654596927,,SL,-1.1273103468445769,0.13761531199122481,-1.1661853861774807,False,-2.3323707723549614,TURTLE20,6,
XRP,15m,20bar,1746541800000,1746596700000,1,2.1127224599999996,2.1339471182191514,2.088433598544239,,TRAIL,0.725969737345811,0.09904193299951045,0.7689391495866305,False,1.537878299173261,TURTLE20,62,
XRP,15m,20bar,1746600300000,1746606600000,-1,2.1300739,2.1433682793647373,2.1429396914264522,,SL,-1.1816223942744486,0.19105007145788916,-1.2326054532293322,False,-2.4652109064586645,TURTLE20,8,
XRP,15m,20bar,1746621900000,1746626400000,-1,2.13067378,2.140484754336747,2.141509441093034,,TRAIL,-1.067719746869986,0.2211340940458824,-1.14193950430065,False,-2.2838790086013003,TURTLE20,6,
XRP,15m,20bar,1746635400000,1746642600000,-1,2.11147762,2.1268329079455883,2.1264076264203045,,SL,-1.0952961481310768,0.15561964671440698,-1.1988122281055797,False,-2.3976244562111595,TURTLE20,9,
XRP,15m,20bar,1746666900000,1746682200000,1,2.13652722,2.176856623295675,2.1175181400855734,,TRAIL,1.770505919376043,0.12140848658336817,1.9854392300730825,False,3.9708784601461655,TURTLE20,18,
XRP,15m,20bar,1746693000000,1746719100000,1,2.2074414,2.245258236252576,2.1883091594691115,,TRAIL,1.7031499577167448,0.12946766516867744,1.8369629220416286,False,3.6739258440832567,TURTLE20,30,
XRP,15m,20bar,1746737100000,1746743400000,1,2.2871573400000003,2.287334081964454,2.2592128457470477,,TRAIL,-0.08833093752436197,0.09441040396965451,-0.09189477059344527,False,-0.18378954118689053,TURTLE20,8,
XRP,15m,20bar,1746775800000,1746779400000,1,2.3469692999999996,2.3844155610728133,2.3198922453924298,,TRAIL,1.226283966828152,0.1005914863342021,1.2781091096405717,False,2.556218219281144,TURTLE20,5,
XRP,15m,20bar,1746831600000,1746836100000,-1,2.33893212,2.363281165871594,2.362808604150764,,SL,-1.119722370679106,0.11627017217274166,-1.1379553903981143,False,-2.2759107807962287,TURTLE20,6,
XRP,15m,20bar,1746858600000,1746867600000,1,2.38707732,2.3693116008238135,2.363929730031325,,TRAIL,-0.8565647630806364,0.1185521890473,-0.890786149080077,False,-1.7815722981601543,TURTLE20,11,
XRP,15m,20bar,1746872100000,1746875700000,1,2.4171833400000002,2.3856099924947705,2.3860872099367576,,SL,-1.0464679531259582,0.0875222617204718,-1.1080164456044055,False,-2.216032891208811,TURTLE20,5,
XRP,15m,20bar,1746897300000,1746902700000,1,2.42778546,2.4092137097935242,2.4008438387020625,,TRAIL,-0.7360979085930796,0.09948346776746078,-0.7970548420556836,False,-1.5941096841113673,TURTLE20,7,
XRP,15m,20bar,1746918000000,1746922500000,1,2.44918974,2.4449868895866635,2.422901806653718,,TRAIL,-0.24681473938637016,0.10151796855386903,-0.2715830224097148,False,-0.5431660448194295,TURTLE20,6,
XRP,15m,20bar,1746932400000,1747009800000,-1,2.3930213,2.3859575675823526,2.431800523595838,,TRAIL,0.09780818297587945,0.0668329074996627,0.10821116845537786,False,0.21642233691075569,TURTLE20,87,
XRP,15m,20bar,1747012500000,1747012500000,1,2.39927976,2.375487615787578,2.375962808349248,,SL,-1.0355750402431738,0.11129449803907501,-1.143245696829101,False,-2.286491393658202,TURTLE20,1,
XRP,15m,20bar,1747034100000,1747035900000,1,2.4300859200000002,2.4095042788337677,2.399604008896136,,TRAIL,-0.6819496155371559,0.08431682674257913,-0.7704699093671723,False,-1.5409398187343446,TURTLE20,3,
XRP,15m,20bar,1747048500000,1747056600000,1,2.4620923199999996,2.6030122638876336,2.4271739847172173,,TRAIL,3.4411437267079292,0.07584700382038301,3.9486670833728983,False,7.897334166745797,TURTLE20,10,
XRP,15m,20bar,1747074600000,1747081800000,-1,2.51759638,2.544209740608705,2.593448540139028,,TRAIL,-0.3675583213359976,0.03764885833714869,-0.3908978231697611,False,-0.7817956463395224,TURTLE20,9,
XRP,15m,20bar,1747098900000,1747113300000,-1,2.48970196,2.4905742191466156,2.5358102057767025,,TRAIL,-0.07811076189497268,0.06046171312782246,-0.0837252597463598,False,-0.1674505194927196,TURTLE20,17,
XRP,15m,20bar,1747116900000,1747188000000,1,2.50830156,2.541150783010257,2.4661325377707937,,TRAIL,0.6586187798179451,0.06691577764179171,0.7071435387419922,False,1.4142870774839844,TURTLE20,80,
XRP,15m,20bar,1747209600000,1747212300000,1,2.61922374,2.587602292946939,2.584496740609141,,TRAIL,-0.9450559356207991,0.08497334857335978,-1.0005339730554093,False,-2.0010679461108185,TURTLE20,4,
XRP,15m,20bar,1747273500000,1747278000000,-1,2.5300938800000004,2.545162167651951,2.552591537571433,,TRAIL,-0.745264926009176,0.1252907251885105,-0.8051256546611376,False,-1.6102513093222752,TURTLE20,6,
XRP,15m,20bar,1747288800000,1747297800000,-1,2.4965006,2.485966187401221,2.521808266509192,,TRAIL,0.27151893786189296,0.10758220185467124,0.29812833686574386,False,0.5962566737314877,TURTLE20,11,
XRP,15m,20bar,1747320300000,1747323000000,-1,2.41371716,2.4541107962878557,2.453620072273401,,SL,-0.9945021522877355,0.06705953947308929,-1.0854930277984174,False,-2.1709860555968348,TURTLE20,4,
XRP,15m,20bar,1747330200000,1747332900000,1,2.50019994,2.464314879853552,2.4648078414218366,,SL,-0.984203639703663,0.0754341692938719,-1.0980916814675263,False,-2.1961833629350522,TURTLE20,4,
XRP,15m,20bar,1747344600000,1747365300000,-1,2.4110177000000004,2.408355342088442,2.4525252417210055,,TRAIL,-0.004841886951190588,0.06106845732813761,-0.005523476076599481,False,-0.011046952153198963,TURTLE20,24,
XRP,15m,20bar,1747373400000,1747383300000,1,2.42438478,2.3929794848455197,2.3934581764808156,,SL,-0.9719900238422359,0.08191863354894013,-1.1089389008435213,False,-2.2178778016870426,TURTLE20,12,
XRP,15m,20bar,1747393200000,1747413000000,1,2.4289857,2.401635740463003,2.402116163695742,,SL,-0.9648391397922985,0.09245017358541321,-1.1257482101200773,False,-2.251496420240155,TURTLE20,23,
XRP,15m,20bar,1747428300000,1747451700000,-1,2.3890221,2.3524493248456007,2.4159360021826513,,TRAIL,1.0498718663128674,0.08855467296330446,1.2531773382617477,False,2.5063546765234954,TURTLE20,27,
XRP,15m,20bar,1747466100000,1747472400000,1,2.3859771,2.362048809128571,2.362521313391249,,SL,-0.9803659010732935,0.10430109869787796,-1.1415991654236886,False,-2.2831983308473767,TURTLE20,8,
XRP,15m,20bar,1747480500000,1747493100000,-1,2.34953,2.351626148287796,2.3735624706139693,,TRAIL,-0.17168471393753582,0.09849207914039146,-0.2045916150589422,False,-0.40918323011788443,TURTLE20,15,
XRP,15m,20bar,1747500300000,1747502100000,-1,2.30743842,2.331711221113263,2.3312449721188395,,SL,-0.9498058732496427,0.0977138720004728,-1.136506066181685,False,-2.27301213236337,TURTLE20,3,
XRP,15m,20bar,1747515600000,1747520100000,1,2.35837158,2.3320646383971853,2.3325311446261106,,SL,-0.9204222231262597,0.08894924461896193,-1.1269625651616841,False,-2.2539251303233683,TURTLE20,6,
XRP,15m,20bar,1747527300000,1747588500000,1,2.36267244,2.413582113352713,2.339511092882165,,TRAIL,1.6559665423246634,0.09877609032477527,2.0743146059801907,False,4.1486292119603805,TURTLE20,69,
XRP,15m,20bar,1747592100000,1747595700000,-1,2.37842422,2.405227596202505,2.4058498316958374,,TRAIL,-0.8995885671496305,0.08701316779410573,-1.0819655591029258,False,-2.163931118205851,TURTLE20,5,
XRP,15m,20bar,1747599300000,1747602000000,-1,2.34723046,2.3814807113509553,2.3810045104488657,,SL,-0.8932512640589456,0.06833455580434067,-1.0981057220222086,False,-2.196211444044417,TURTLE20,4,
XRP,15m,20bar,1747611900000,1747614600000,1,2.41328256,2.3928747426556027,2.382178616013958,,TRAIL,-0.5957545651715878,0.07375966457672463,-0.7488282430177665,False,-1.4976564860355333,TURTLE20,4,
XRP,15m,20bar,1747626300000,1747662300000,-1,2.35262938,2.3275238612741322,2.3831955652628656,,TRAIL,0.5716697755868766,0.07199491258118121,0.7294801948410727,False,1.4589603896821455,TURTLE20,41,
XRP,15m,20bar,1747666800000,1747720800000,1,2.34356862,2.3679219242836065,2.316960368349979,,TRAIL,0.6432464552787693,0.08447250417710919,0.8090125664840279,False,1.6180251329680553,TURTLE20,61,
XRP,15m,20bar,1747722600000,1747761300000,-1,2.36012788,2.3491757196157637,2.3799279048162636,,TRAIL,0.33161553695023105,0.11530153518831317,0.4104327292454522,False,0.8208654584909044,TURTLE20,44,
XRP,15m,20bar,1747763100000,1747765800000,1,2.3499699,2.329876977803741,2.3303430464130237,,SL,-0.9504819019694652,0.1165401349719142,-1.1668110846935407,False,-2.333622169387081,TURTLE20,4,
XRP,15m,20bar,1747767600000,1747768500000,-1,2.31643662,2.3388988171985536,2.338431130972359,,SL,-0.9135415429644916,0.10103603769873948,-1.1482591494128362,False,-2.2965182988256725,TURTLE20,2,
XRP,15m,20bar,1747771200000,1747792800000,1,2.35487088,2.330557422134333,2.331023626859705,,SL,-0.8841485655539623,0.09163483713755993,-1.137435606833667,False,-2.2748712136673346,TURTLE20,25,
XRP,15m,20bar,1747802700000,1747811700000,1,2.37487488,2.35429868342467,2.353116954186407,,TRAIL,-0.8174425679148555,0.09906578620245952,-1.076099850416692,False,-2.152199700833384,TURTLE20,11,
XRP,15m,20bar,1747820700000,1747829700000,-1,2.33613268,2.3581294105077526,2.3576578789319664,,SL,-0.8568264877536693,0.09725840778960451,-1.1527553283239553,False,-2.305510656647911,TURTLE20,11,
XRP,15m,20bar,1747835100000,1747847700000,1,2.3689737,2.3994614771453695,2.3500642291543636,,TRAIL,1.0609030560920114,0.1098685948424791,1.4609988965109875,False,2.9219977930219745,TURTLE20,15,
XRP,15m,20bar,1747867500000,1747911600000,1,2.3964792,2.4151316513390624,2.3700837714991865,,TRAIL,0.44638812663967925,0.08174233691304496,0.5972808824745218,False,1.1945617649490436,TURTLE20,50,
XRP,15m,20bar,1747949400000,1747953000000,-1,2.40441902,2.4227904882048534,2.4223060269994536,,SL,-0.8992407112189337,0.12246187817436685,-1.1890079715642927,False,-2.3780159431285854,TURTLE20,5,
XRP,15m,20bar,1747959300000,1747960200000,1,2.4384876,2.4211854193486415,2.4216697532993012,,SL,-0.8875775178249097,0.1280049410618941,-1.2021743819395954,False,-2.4043487638791903,TURTLE20,2,
XRP,15m,20bar,1747963800000,1747973700000,1,2.4477894599999996,2.4486603233605355,2.427418822281261,,TRAIL,-0.07311500426087503,0.1039195411717109,-0.10146989691829736,False,-0.20293979383659472,TURTLE20,12,
XRP,15m,20bar,1747983600000,1747990800000,-1,2.4191160800000002,2.4457990459769516,2.4453099839801555,,SL,-0.8126557553590228,0.08013335494223878,-1.1301070308177255,False,-2.260214061635451,TURTLE20,9,
XRP,15m,20bar,1748001600000,1748003400000,-1,2.36162758,2.3448989628121635,2.391308360520963,,TRAIL,0.3292643923246225,0.06687054570373006,0.46847491939534114,False,0.9369498387906824,TURTLE20,3,
XRP,15m,20bar,1748030400000,1748050200000,-1,2.3385322,2.319562095964473,2.362992824435966,,TRAIL,0.46912868940520625,0.08105887756732602,0.6612769637296895,False,1.3225539274593792,TURTLE20,23,
XRP,15m,20bar,1748060100000,1748124900000,1,2.33756742,2.329405585196477,2.318344615880187,,TRAIL,-0.4099100076790264,0.10470912387827647,-0.5702611616034899,False,-1.1405223232069799,TURTLE20,73,
XRP,15m,20bar,1748133900000,1748142000000,-1,2.30393912,2.319402511439938,2.3223612506336395,,TRAIL,-0.7034869075481587,0.1070040996691998,-0.9899721580249586,False,-1.979944316049917,TURTLE20,10,
XRP,15m,20bar,1748160900000,1748175300000,-1,2.2980403000000003,2.2980790261316777,2.3119838455538573,,TRAIL,-0.13969269762093495,0.1377581524203381,-0.2005514104397023,False,-0.40110282087940463,TURTLE20,17,
XRP,15m,20bar,1748180700000,1748183400000,1,2.30656122,2.2908833369869863,2.2913416053080478,,SL,-0.8403762955002452,0.1257380168594623,-1.211354565825819,False,-2.422709131651638,TURTLE20,4,
XRP,15m,20bar,1748187000000,1748187000000,-1,2.2681462800000003,2.2862836606054433,2.2858264953063823,,SL,-0.7990739478033659,0.10462825836552131,-1.1804176707210308,False,-2.360835341442062,TURTLE20,1,
XRP,15m,20bar,1748201400000,1748256300000,1,2.30686128,2.3338598868187965,2.291275998346443,,TRAIL,1.0269051465829426,0.11808572351137014,1.553656498288462,False,3.107312996576924,TURTLE20,62,
XRP,15m,20bar,1748268000000,1748273400000,-1,2.3226353800000004,2.3337592778897283,2.3371608872279883,,TRAIL,-0.6529832485975383,0.13107942259550145,-0.958158256783275,False,-1.9163165135665503,TURTLE20,7,
XRP,15m,20bar,1748279700000,1748296800000,-1,2.3091380800000003,2.3221890382663375,2.327284245592671,,TRAIL,-0.5831105134841247,0.10236073570246292,-0.8723470783100788,False,-1.7446941566201575,TURTLE20,20,
XRP,15m,20bar,1748308500000,1748312100000,-1,2.28414308,2.29102973768798,2.3007208460257567,,TRAIL,-0.3815902606268372,0.10875527243405494,-0.5810047845787983,False,-1.1620095691575967,TURTLE20,5,
XRP,15m,20bar,1748326500000,1748328300000,1,2.30436078,2.2873155710459954,2.2877731256711296,,SL,-0.7748656411443919,0.10781495903880983,-1.1936717737221205,False,-2.387343547444241,TURTLE20,3,
XRP,15m,20bar,1748336400000,1748353500000,1,2.3149629,2.327669831433331,2.2979164637444938,,TRAIL,0.3687948620525248,0.1035451095708736,0.582019117999892,False,1.164038235999784,TURTLE20,20,
XRP,15m,20bar,1748378700000,1748430000000,-1,2.32913408,2.3059567350760704,2.3441281712144613,,TRAIL,0.8719765538769821,0.11889487047873093,1.3602885392089141,False,2.7205770784178283,TURTLE20,58,
XRP,15m,20bar,1748432700000,1748439000000,1,2.30726136,2.2938188742284584,2.2940438702135793,,TRAIL,-0.8072001927058452,0.13752868569292065,-1.2258858659172254,False,-2.4517717318344507,TURTLE20,8,
XRP,15m,20bar,1748440800000,1748455200000,-1,2.28044382,2.2581356290614467,2.2955635236163667,,TRAIL,0.8320163531407766,0.11568539123737707,1.2953324857450266,False,2.5906649714900536,TURTLE20,17,
XRP,15m,20bar,1748461500000,1748465100000,-1,2.23075376,2.253133782944481,2.2526832462952218,,SL,-0.7533390556744115,0.08084179607331263,-1.143225843630929,False,-2.286451687261858,TURTLE20,5,
XRP,15m,20bar,1748474100000,1748491200000,1,2.2674534,2.285485095993393,2.2500114352714484,,TRAIL,0.5648164752262544,0.1008465079190777,0.8771909090466109,False,1.7543818180932216,TURTLE20,20,
XRP,15m,20bar,1748515500000,1748525400000,1,2.30015994,2.2869361402516293,2.2862195651328125,,TRAIL,-0.7508643999628025,0.1293543354427269,-1.1460278183857244,False,-2.292055636771449,TURTLE20,12,
XRP,15m,20bar,1748528100000,1748529900000,-1,2.28044382,2.292430986444962,2.2984886049387945,,TRAIL,-0.5226049825640027,0.09733859703978254,-0.8163517259304592,False,-1.6327034518609185,TURTLE20,3,
XRP,15m,20bar,1748546100000,1748555100000,-1,2.25334924,2.276573546631164,2.2761183229665707,,SL,-0.7174790750468231,0.07516981418751621,-1.139363422814639,False,-2.278726845629278,TURTLE20,11,
XRP,15m,20bar,1748561400000,1748566800000,-1,2.24964998,2.156199308375284,2.267558500742258,,TRAIL,3.1203008674586905,0.09083584408408679,5.070612104629002,False,10.141224209258004,TURTLE20,7,
XRP,15m,20bar,1748588400000,1748601900000,-1,2.1846629799999997,2.2022486491064175,2.2064641438609582,,TRAIL,-0.6285510333517283,0.08183073264463567,-0.9273732454296936,False,-1.854746490859387,TURTLE20,16,
XRP,15m,20bar,1748613600000,1748618100000,-1,2.16846622,2.194066418156286,2.1936276926177625,,SL,-0.7460039259650144,0.06920048967737097,-1.121465272237662,False,-2.242930544475324,TURTLE20,6,
XRP,15m,20bar,1748623500000,1748628000000,-1,2.15146962,2.1823969905207528,2.1819605984010724,,SL,-0.715048888062958,0.055457321202512934,-1.099593789548114,False,-2.199187579096228,TURTLE20,6,
XRP,15m,20bar,1748631600000,1748643300000,1,2.20174026,2.174749948033488,2.175184985030494,,SL,-0.7092911492119761,0.06288865818122938,-1.115266406593068,False,-2.230532813186136,TURTLE20,14,
XRP,15m,20bar,1748645100000,1748651400000,-1,2.14627066,2.1386131660605203,2.1687231878992925,,TRAIL,0.14086672125856717,0.07119905434958138,0.2265474812750879,False,0.45309496255017584,TURTLE20,8,
XRP,15m,20bar,1748661300000,1748666700000,-1,2.0914816199999997,2.1305800912036883,2.13015406039161,,SL,-0.6724115157637417,0.040915394090960046,-1.0765213627284422,False,-2.1530427254568845,TURTLE20,7,
XRP,15m,20bar,1748673900000,1748736900000,1,2.14122816,2.163594348876046,2.113707426491846,,TRAIL,0.43933767299503174,0.0573596259348784,0.7188505845914075,False,1.4377011691828152,TURTLE20,71,
XRP,15m,20bar,1748743200000,1748752200000,-1,2.1590681,2.171288324178127,2.1742345016778586,,TRAIL,-0.605730006274141,0.1062066117175128,-0.9770569412168084,False,-1.9541138824336168,TURTLE20,11,
XRP,15m,20bar,1748766600000,1748776500000,-1,2.1475704,2.1421763548413586,2.160999717092842,,TRAIL,0.12764803202575054,0.11649775755683481,0.21000301699928023,False,0.4200060339985604,TURTLE20,12,
XRP,15m,20bar,1748788200000,1748802600000,1,2.1519303,2.151525800767153,2.136097928829303,,TRAIL,-0.11514258859660392,0.09954776120774886,-0.18863711955131257,False,-0.37727423910262514,TURTLE20,17,
XRP,15m,20bar,1748816100000,1748828700000,1,2.1792357599999996,2.162836888755196,2.1632695426637287,,SL,-0.7237904727691062,0.0992232737809488,-1.19027033353006,False,-2.38054066706012,TURTLE20,15,
XRP,15m,20bar,1748833200000,1748840400000,-1,2.15846822,2.174335093164825,2.1745318820263897,,TRAIL,-0.6824093680471748,0.09606812574482929,-1.1495856375953895,False,-2.299171275190779,TURTLE20,9,
XRP,15m,20bar,1748855700000,1748877300000,-1,2.1500699,2.162100180242625,2.1681115220693035,,TRAIL,-0.4698961261760314,0.08317129231682414,-0.8102144161217859,False,-1.6204288322435718,TURTLE20,25,
XRP,15m,20bar,1748884500000,1748919600000,1,2.16463284,2.192251042665911,2.1454887323320957,,TRAIL,0.7452164655911309,0.07791102739651212,1.3060975611953987,False,2.6121951223907978,TURTLE20,40,
XRP,15m,20bar,1748939400000,1748943900000,-1,2.18576276,2.1985201656221984,2.198080549512296,,SL,-0.7313992422329983,0.12503248013545187,-1.2492481189267388,False,-2.498496237853478,TURTLE20,6,
XRP,15m,20bar,1748949300000,1748957400000,1,2.20754142,2.212587594168439,2.196159277499015,,TRAIL,0.12007007892061569,0.13300846860950657,0.21033797105690366,False,0.4206759421138073,TURTLE20,10,
XRP,15m,20bar,1748961900000,1748967300000,1,2.23164624,2.2480465753037766,2.2142402758757336,,TRAIL,0.45160571978499636,0.08852005124358592,0.7878058070611057,False,1.5756116141222114,TURTLE20,7,
XRP,15m,20bar,1748980800000,1748981700000,1,2.28055602,2.2589035485055846,2.2593554195895025,,SL,-0.6694938716889669,0.07480608807939812,-1.1497857024581521,False,-2.2995714049163047,TURTLE20,2,
XRP,15m,20bar,1749017700000,1749026700000,-1,2.2335532000000002,2.24979848005472,2.2493486103326537,,SL,-0.6819730987784535,0.09688338757596038,-1.1987843724204306,False,-2.3975687448408607,TURTLE20,11,
XRP,15m,20bar,1749028500000,1749039300000,1,2.25285048,2.2420165715356593,2.2388910650409857,,TRAIL,-0.538200361825999,0.10727232431861039,-0.9692976915572465,False,-1.9385953831144929,TURTLE20,13,
XRP,15m,20bar,1749046500000,1749048300000,-1,2.2265546,2.243729620360781,2.2432809641679476,,SL,-0.6463997494949111,0.08731115944193148,-1.187179155829281,False,-2.374358311658562,TURTLE20,3,
XRP,15m,20bar,1749065400000,1749116700000,-1,2.21335724,2.2074048222752545,2.229596277935613,,TRAIL,0.10801828099515218,0.08682342479220911,0.2032115757389476,False,0.4064231514778952,TURTLE20,58,
XRP,15m,20bar,1749125700000,1749131100000,1,2.21054202,2.204302405772339,2.1967014887427445,,TRAIL,-0.34275756666243234,0.10214666888687018,-0.6422095162326144,False,-1.2844190324652287,TURTLE20,7,
XRP,15m,20bar,1749133800000,1749134700000,-1,2.18886214,2.2072957901341113,2.206854419250261,,SL,-0.6170240510779476,0.07723859646666267,-1.1711326063309149,False,-2.34226521266183,TURTLE20,2,
XRP,15m,20bar,1749141000000,1749151800000,-1,2.17026586,2.141290182533126,2.1903698451527154,,TRAIL,0.6753660559707061,0.06620728785837116,1.3126125810827094,False,2.6252251621654183,TURTLE20,13,
XRP,15m,20bar,1749155400000,1749174300000,-1,2.1021794799999998,2.1042425661768367,2.132987851637407,,TRAIL,-0.0786160190026775,0.0432565760761523,-0.14888613583762247,False,-0.2977722716752449,TURTLE20,22,
XRP,15m,20bar,1749178800000,1749209400000,1,2.1095218200000003,2.1287143194702014,2.0880776303528013,,TRAIL,0.40874712925317436,0.06242929250078351,0.7764134742528678,False,1.5528269485057355,TURTLE20,35,
XRP,15m,20bar,1749217500000,1749254400000,1,2.17063404,2.1564338211387617,2.1488731514776216,,TRAIL,-0.4126622998042003,0.06378550551213244,-0.7718646028928736,False,-1.5437292057857472,TURTLE20,42,
XRP,15m,20bar,1749267000000,1749317400000,1,2.1734346,2.1728361947681507,2.160412562071817,,TRAIL,-0.12959979993643234,0.10541104707802249,-0.2462109023481976,False,-0.4924218046963952,TURTLE20,57,
XRP,15m,20bar,1749319200000,1749321000000,-1,2.17146562,2.1808756267723064,2.1804395388645337,,SL,-0.7016597001241575,0.152421158640498,-1.3395944070633654,False,-2.6791888141267304,TURTLE20,3,
XRP,15m,20bar,1749336300000,1749338100000,1,2.18453682,2.1755056840823297,2.175940872256781,,SL,-0.6906933201755279,0.15513405153202126,-1.3549595423387186,False,-2.709919084677437,TURTLE20,3,
XRP,15m,20bar,1749341700000,1749358800000,-1,2.16986594,2.1786828721001283,2.1783623888073773,,TRAIL,-0.6669397472476913,0.15229500073423996,-1.3448043584358798,False,-2.6896087168717595,TURTLE20,20,
XRP,15m,20bar,1749360600000,1749365100000,1,2.1868372799999998,2.20867440175883,2.177846298832554,,TRAIL,1.0305680208646817,0.14155992128864417,2.135452671093662,False,4.270905342187324,TURTLE20,6,
XRP,15m,20bar,1749383100000,1749390300000,1,2.22564504,2.264165635661154,2.2093874953899353,,TRAIL,1.1089240969259535,0.08338235945701725,2.203697428797349,False,4.407394857594698,TURTLE20,9,
XRP,15m,20bar,1749420000000,1749461400000,-1,2.2720455,2.2496010303288525,2.2906092532325446,,TRAIL,0.5584380846276032,0.07678266617910794,1.062903686866418,False,2.125807373732836,TURTLE20,47,
XRP,15m,20bar,1749465000000,1749475800000,1,2.2639527,2.24858474657649,2.2490345534871876,,SL,-0.6501169518515703,0.0973809079495758,-1.2116435427103287,False,-2.4232870854206574,TURTLE20,13,
XRP,15m,20bar,1749486600000,1749497400000,1,2.27525496,2.2867106130643915,2.2581635735220402,,TRAIL,0.2670705312186033,0.08384723804078703,0.5101092138894786,False,1.0202184277789572,TURTLE20,13,
XRP,15m,20bar,1749504600000,1749518100000,1,2.3259651,2.3049925285789383,2.305453619302799,,SL,-0.6124331100924294,0.07164669317574987,-1.1579439996962255,False,-2.315887999392451,TURTLE20,16,
XRP,15m,20bar,1749525300000,1749555000000,-1,2.3015396,2.2955378716830923,2.3190553334271513,,TRAIL,0.09567053027451736,0.08135791016294017,0.1851753366416229,False,0.3703506732832458,TURTLE20,34,
XRP,15m,20bar,1749559500000,1749562200000,1,2.315463,2.293201258627967,2.293659990626092,,SL,-0.5952395633553642,0.06576735251539058,-1.1478663104718065,False,-2.2957326209436126,TURTLE20,4,
XRP,15m,20bar,1749582900000,1749586500000,1,2.29785948,2.2837770759476697,2.279011659677842,,TRAIL,-0.4524522569913687,0.0738966524392953,-0.8930149851922745,False,-1.7860299703845492,TURTLE20,5,
XRP,15m,20bar,1749629700000,1749635100000,1,2.31026196,2.303978675826383,2.2941517811012524,,TRAIL,-0.27959103091265736,0.085514233178075,-0.5618701450805367,False,-1.1237402901610734,TURTLE20,7,
XRP,15m,20bar,1749645900000,1749648600000,1,2.3338666800000003,2.3101806814959884,2.310642810058,,SL,-0.5608393481478026,0.05903269472278797,-1.139880088332483,False,-2.2797601766649667,TURTLE20,4,
XRP,15m,20bar,1749664800000,1749736800000,-1,2.30093972,2.2508363934249513,2.320926599265658,,TRAIL,1.139575112832878,0.06569782415363391,2.3701679625588574,False,4.740335925117716,TURTLE20,81,
XRP,15m,20bar,1749750300000,1749752100000,1,2.25305052,2.237524073268817,2.2379716676023373,,SL,-0.6085226435230939,0.0899834562410175,-1.2083672554529794,False,-2.4167345109059593,TURTLE20,3,
XRP,15m,20bar,1749758400000,1749762900000,-1,2.2020595000000003,2.197623087805511,2.220778189563388,,TRAIL,0.04716607467330183,0.06930272258755965,0.09597908206779691,False,0.19195816413559386,TURTLE20,6,
XRP,15m,20bar,1749773700000,1749775500000,-1,2.14937004,2.134612228213645,2.1763549027047935,,TRAIL,0.22237074872527005,0.04689912163154139,0.45163922302491,False,0.9032784460498201,TURTLE20,3,
XRP,15m,20bar,1749777300000,1749786300000,-1,2.09048182,2.1281273315106572,2.1277017911524267,,SL,-0.5362771160955642,0.033785923354762756,-1.079438692658541,False,-2.1588773853170826,TURTLE20,11,
XRP,15m,20bar,1749802500000,1749807900000,1,2.15233038,2.124751756788256,2.1251767921466853,,SL,-0.5396335470591668,0.04593929541440624,-1.1101616720656355,False,-2.220323344131271,TURTLE20,7,
XRP,15m,20bar,1749817800000,1749823200000,1,2.15833158,2.1358476631127794,2.1362749180963987,,SL,-0.5400201233372683,0.05552044525079071,-1.1361839131694127,False,-2.2723678263388254,TURTLE20,7,
XRP,15m,20bar,1749840300000,1749846600000,-1,2.11837624,2.1424849424701233,2.1420565311638904,,SL,-0.5230422891503785,0.05014646018741147,-1.1260511534700546,False,-2.252102306940109,TURTLE20,8,
XRP,15m,20bar,1749858300000,1749915900000,1,2.1489296999999996,2.1490035157995284,2.1301482127736797,,TRAIL,-0.060555580872668865,0.06234003529007347,-0.1333730444115544,False,-0.26674608882310874,TURTLE20,65,
XRP,15m,20bar,1749917700000,1749921300000,-1,2.14177156,2.13720823794913,2.155622710397614,,TRAIL,0.06525089413698998,0.08393280551425714,0.14409880152946666,False,0.28819760305893327,TURTLE20,5,
XRP,15m,20bar,1749932100000,1749933000000,-1,2.10877816,2.1282107093222193,2.1277851522917612,,SL,-0.5250326645095007,0.06073948418732508,-1.1561399250599782,False,-2.3122798501199564,TURTLE20,2,
XRP,15m,20bar,1749944700000,1750018500000,1,2.1456290399999998,2.151540828940777,2.130273451620034,,TRAIL,0.09630486017881237,0.07448746750467458,0.2170862448854155,False,0.43417248977083095,TURTLE20,83,
XRP,15m,20bar,1750020300000,1750023900000,-1,2.1420715,2.154741598199469,2.154310736052259,,SL,-0.5550872806947867,0.09385141114622556,-1.245844593018873,False,-2.491689186037746,TURTLE20,5,
XRP,15m,20bar,1750039200000,1750077000000,1,2.17283448,2.2488688208041934,2.1577772588520063,,TRAIL,2.1172869513723267,0.07654821296513137,4.873496782870129,False,9.746993565740256,TURTLE20,43,
XRP,15m,20bar,1750085100000,1750109400000,1,2.28285648,2.2967675986196747,2.2566692729581908,,TRAIL,0.20325292389950325,0.05002920110441969,0.4262899878814959,False,0.8525799757629917,TURTLE20,28,
XRP,15m,20bar,1750113900000,1750121100000,-1,2.2600479,2.2443101940845236,2.2888830796772024,,TRAIL,0.2173752474102621,0.045069234301116534,0.4520551355999183,False,0.9041102711998367,TURTLE20,9,
XRP,15m,20bar,1750145400000,1750167000000,-1,2.2260547,2.222028354379945,2.2489061538432775,,TRAIL,0.02882386360507197,0.056667994310227135,0.059405226325530434,False,0.11881045265106087,TURTLE20,25,
XRP,15m,20bar,1750174200000,1750186800000,-1,2.1675664,2.178998666058963,2.1926700139183843,,TRAIL,-0.2716942361012829,0.05046664206089018,-0.5592901940033577,False,-1.1185803880067153,TURTLE20,15,
XRP,15m,20bar,1750230900000,1750233600000,-1,2.14887014,2.1631493113852946,2.1627167680316886,,SL,-0.585107744863962,0.08975235420471192,-1.2180859497002923,False,-2.4361718994005845,TURTLE20,4,
XRP,15m,20bar,1750240800000,1750254300000,-1,2.1455708,2.1391895359471156,2.16014240748912,,TRAIL,0.12254927446847788,0.08268316006019505,0.26149536721744665,False,0.5229907344348934,TURTLE20,16,
XRP,15m,20bar,1750280400000,1750344300000,1,2.17223436,2.145941637270044,2.146370911452334,,SL,-0.5261110973711824,0.04719296938892448,-1.1167740556749701,False,-2.2335481113499402,TURTLE20,72,
XRP,15m,20bar,1750353300000,1750383000000,1,2.1634325999999997,2.1572664431387216,2.1508954148878767,,TRAIL,-0.3217625383659509,0.09523733397220141,-0.6986078779910736,False,-1.3972157559821472,TURTLE20,34,
XRP,15m,20bar,1750392000000,1750399200000,-1,2.1535692,2.154031634239483,2.1635678092492405,,TRAIL,-0.1383959200457529,0.11739194153762528,-0.3047418559994303,False,-0.6094837119988606,TURTLE20,9,
XRP,15m,20bar,1750406400000,1750427100000,1,2.16633318,2.15982043556933,2.154232417709171,,TRAIL,-0.3397560786651491,0.09682256479407064,-0.7527159348394878,False,-1.5054318696789757,TURTLE20,24,
XRP,15m,20bar,1750428900000,1750441500000,-1,2.15736844,2.10612114,2.1704962785436845,,TRAIL,1.648875532409499,0.08663066242764311,3.7088516963383693,False,7.417703392676739,TURTLE20,15,
XRP,15m,20bar,1750476600000,1750482000000,1,2.1303259800000003,2.11805251524918,2.118476210491278,,SL,-0.5973592401399997,0.10272799644400102,-1.2508675242214533,False,-2.501735048442906,TURTLE20,7,
XRP,15m,20bar,1750492800000,1750509900000,1,2.1329265,2.1312460435608935,2.1245730816747384,,TRAIL,-0.2362741666385324,0.1426076899608115,-0.5074521351844499,False,-1.0149042703688997,TURTLE20,20,
XRP,15m,20bar,1750511700000,1750530600000,-1,2.1267745600000003,2.103988601245308,2.1351514760601606,,TRAIL,1.1139821338345777,0.13966151992323622,2.4170590599849957,False,4.834118119969991,TURTLE20,22,
XRP,15m,20bar,1750532400000,1750538700000,-1,2.08098372,2.0929491848057657,2.098533995022865,,TRAIL,-0.3983574541123358,0.06894557484109995,-0.824478507020383,False,-1.648957014040766,TURTLE20,8,
XRP,15m,20bar,1750541400000,1750542300000,-1,2.04549082,2.04930978,2.0721002011295404,,TRAIL,-0.11207524401389099,0.04387547325373914,-0.2358506697111134,False,-0.47170133942222686,TURTLE20,2,
XRP,15m,20bar,1750584600000,1750599000000,-1,2.05478896,1.9779756754224798,2.0753716155724824,,TRAIL,1.7094384916223202,0.05559962715883947,3.6143842340599535,False,7.228768468119908,TURTLE20,17,
XRP,15m,20bar,1750602600000,1750611600000,-1,1.9308137600000002,1.9710467280264854,1.970652597506984,,SL,-0.5419623738960045,0.029802095897242836,-1.0686577968505675,False,-2.137315593701135,TURTLE20,11,
XRP,15m,20bar,1750624200000,1750624200000,-1,1.9109177400000001,1.9471121682791817,1.9467228237144387,,SL,-0.5337869187495589,0.0320863080808771,-1.0755245409081304,False,-2.151049081816261,TURTLE20,1,
XRP,15m,20bar,1750632300000,1750695300000,1,2.00220036,1.973501420966793,1.9595893062979173,,TRAIL,-0.35426107294652603,0.02718607764217244,-0.7294905288922158,False,-1.4589810577844315,TURTLE20,71,
XRP,15m,20bar,1750704300000,1750865400000,1,2.0543107800000002,2.1741487849821604,2.018426072308566,,TRAIL,1.5642741344378648,0.033833337734124024,3.2688277762165336,False,6.537655552433068,TURTLE20,180,
XRP,15m,20bar,1750929300000,1750947300000,-1,2.1800639,2.1324091406170083,2.192849838346254,,TRAIL,1.7970189578276878,0.10317369816193006,3.5247530793720894,False,7.049506158744179,TURTLE20,21,
XRP,15m,20bar,1750951800000,1750966200000,-1,2.11187754,2.1296541657268193,2.135091776265863,,TRAIL,-0.47776127605236823,0.05983126652177782,-0.8753914846700687,False,-1.7507829693401373,TURTLE20,17,
XRP,15m,20bar,1750970700000,1750971600000,1,2.14472886,2.1238858217838352,2.124310683920619,,SL,-0.6146313564192423,0.06726032877081578,-1.1462437650770159,False,-2.292487530154032,TURTLE20,2,
XRP,15m,20bar,1750979700000,1750995000000,-1,2.10347922,2.1079628269082726,2.123902680253877,,TRAIL,-0.17983889527999064,0.064821404651245,-0.3432558464272512,False,-0.6865116928545024,TURTLE20,18,
XRP,15m,20bar,1751010300000,1751013900000,-1,2.0830832999999997,2.099766053748562,2.0993461845116594,,SL,-0.6140547027529153,0.08029709167466877,-1.180138944419772,False,-2.360277888839544,TURTLE20,5,
XRP,15m,20bar,1751036400000,1751038200000,-1,2.07028586,2.091135862765929,2.0907177192220847,,SL,-0.5805250540403462,0.06208483723626515,-1.1426691788456096,False,-2.285338357691219,TURTLE20,3,
XRP,15m,20bar,1751041800000,1751045400000,1,2.10602112,2.0900167627880077,2.0855735978186067,,TRAIL,-0.449683454232573,0.06112377235583703,-0.9058300451934286,False,-1.811660090386857,TURTLE20,5,
XRP,15m,20bar,1751059800000,1751265000000,1,2.14732938,2.1836196044141114,2.123895637986927,,TRAIL,0.7008108306037252,0.054052125719960625,1.4377411428643116,False,2.875482285728623,TURTLE20,229,
XRP,15m,20bar,1751266800000,1751269500000,-1,2.1772644600000004,2.186598799243353,2.187436803077721,,TRAIL,-0.5892172509620588,0.12907239639179108,-1.175015147206045,False,-2.3500302944120897,TURTLE20,4,
XRP,15m,20bar,1751290200000,1751292000000,1,2.18623716,2.1747711095768323,2.1752061508069938,,SL,-0.6251344123579422,0.11615208640881122,-1.2766425209619365,False,-2.553285041923873,TURTLE20,3,
XRP,15m,20bar,1751298300000,1751314500000,1,2.18923776,2.3001751917460433,2.171857830582378,,TRAIL,2.9718457344038685,0.07395441423429494,6.228091114411788,False,12.456182228823574,TURTLE20,19,
XRP,15m,20bar,1751335200000,1751427900000,-1,2.229554,2.185834268562008,2.255546926457572,,TRAIL,0.8478703258307585,0.05469147191448963,1.5800644280625178,False,3.1601288561250356,TURTLE20,103,
XRP,15m,20bar,1751438700000,1751449500000,1,2.19173826,2.1832262133436164,2.179111032347993,,TRAIL,-0.48823365552062364,0.11507587523466839,-0.8819849968112125,False,-1.763969993622425,TURTLE20,13,
XRP,15m,20bar,1751456700000,1751463000000,-1,2.17786434,2.183946032009463,2.188668398851604,,TRAIL,-0.43783314625328057,0.13172506120675936,-0.8051398416232418,False,-1.6102796832464839,TURTLE20,8,
XRP,15m,20bar,1751468400000,1751474700000,1,2.19633918,2.2693120061654004,2.1822470016994284,,TRAIL,2.66884704616464,0.10172904397522872,4.988117092646499,False,9.976234185292999,TURTLE20,8,
XRP,15m,20bar,1751499000000,1751517000000,-1,2.2365526,2.2551061970240935,2.2573186232784703,,TRAIL,-0.6020918058635811,0.07636433278818833,-1.0232383936667264,False,-2.046476787333453,TURTLE20,21,
XRP,15m,20bar,1751519700000,1751541300000,1,2.26225236,2.286910152341892,2.2462942529281595,,TRAIL,0.7920077623232656,0.09858419131190231,1.3741162868358745,False,2.7482325736717494,TURTLE20,25,
XRP,15m,20bar,1751557500000,1751569200000,-1,2.25194952,2.28231865189102,2.281862279435133,,SL,-0.6551135283140196,0.05386197639648556,-1.1062066295124242,False,-2.212413259024849,TURTLE20,14,
XRP,15m,20bar,1751584500000,1751620500000,-1,2.25744842,2.22800594544948,2.2714192475174233,,TRAIL,1.1088816792177667,0.1115577127696232,1.9147900793913382,False,3.829580158782676,TURTLE20,41,
XRP,15m,20bar,1751628600000,1751635800000,1,2.23914774,2.227242721519651,2.2276882591714853,,SL,-0.765283313681268,0.14061386081054095,-1.2727324191659017,False,-2.545464838331803,TURTLE20,9,
XRP,15m,20bar,1751637600000,1751639400000,-1,2.21865618,2.2234445999999997,2.232120329910597,,TRAIL,-0.32439863961213317,0.11599730814101507,-0.5535945839501538,False,-1.1071891679003079,TURTLE20,3,
XRP,15m,20bar,1751669100000,1751678100000,1,2.22634518,2.213488032866662,2.2139308190304683,,SL,-0.7245169652777946,0.12434990267363363,-1.2502493764399751,False,-2.50049875287995,TURTLE20,11,
XRP,15m,20bar,1751695200000,1751704200000,1,2.22754542,2.2180225440054375,2.218121027000226,,TRAIL,-0.7308232366444319,0.1599113992155924,-1.293475003987834,False,-2.586950007975668,TURTLE20,11,
XRP,15m,20bar,1751706900000,1751714100000,-1,2.2136571800000002,2.2227193398097773,2.2222748848328107,,SL,-0.7487815142285427,0.17000413376756718,-1.3604533862689738,False,-2.7209067725379477,TURTLE20,9,
XRP,15m,20bar,1751726700000,1751733000000,1,2.22524496,2.216902766343457,2.2172741898917954,,TRAIL,-0.739398685041584,0.1790337572417501,-1.380981027293526,False,-2.761962054587052,TURTLE20,8,
XRP,15m,20bar,1751735700000,1751745600000,-1,2.20775836,2.215305246510001,2.217597907733586,,TRAIL,-0.5397380526635245,0.14041918475995138,-1.0367066607226472,False,-2.0734133214452948,TURTLE20,12,
XRP,15m,20bar,1751757300000,1751770800000,1,2.21864364,2.209239077914656,2.2096810141174794,,SL,-0.6860982617141004,0.15112623294477281,-1.3457319176532199,False,-2.6914638353064393,TURTLE20,16,
XRP,15m,20bar,1751779800000,1751792400000,1,2.2244448,2.24135164,2.2171752780669522,,TRAIL,0.9709508363846164,0.18286181572210664,1.9571248655735407,False,3.9142497311470814,TURTLE20,15,
XRP,15m,20bar,1751795100000,1751799600000,1,2.2569513,2.264654254457995,2.244086911578907,,TRAIL,0.1999698130084776,0.10871978661064563,0.38789182679981526,False,0.7757836535996305,TURTLE20,6,
XRP,15m,20bar,1751825700000,1751832900000,-1,2.26214748,2.2693858518370833,2.2777657326739424,,TRAIL,-0.3312217039876388,0.09044279608597942,-0.6375419865500186,False,-1.2750839731000372,TURTLE20,9,
XRP,15m,20bar,1751850900000,1751853600000,-1,2.25734844,2.2703678784992425,2.2699138957200984,,SL,-0.6423248975839286,0.11088913190675484,-1.2523277023030948,False,-2.504655404606189,TURTLE20,4,
XRP,15m,20bar,1751870700000,1751874300000,-1,2.2601478800000003,2.2715060179815403,2.271180211505661,,TRAIL,-0.6380687500990323,0.1232427351073476,-1.2759886985906306,False,-2.5519773971812607,TURTLE20,5,
XRP,15m,20bar,1751881500000,1751887800000,1,2.27775546,2.2804904559343204,2.266717683061617,,TRAIL,2.1360954615967653e-06,0.12074275111969585,4.383560238913776e-06,False,8.767120477827555e-06,TURTLE20,8,
XRP,15m,20bar,1751896800000,1751896800000,1,2.34286848,2.3167992960026873,2.3172627485523978,,SL,-0.5493230986003773,0.05320626020184491,-1.127286081320575,False,-2.25457216264115,TURTLE20,1,
XRP,15m,20bar,1751920200000,1751970600000,-1,2.2654468199999998,2.2925665991238637,2.295512923901912,,TRAIL,-0.4729596429336878,0.04332512896329544,-0.9929649439360582,False,-1.9859298878721163,TURTLE20,57,
XRP,15m,20bar,1751975100000,1751981400000,1,2.2998598799999996,2.285255046339398,2.285712188777153,,SL,-0.572717197474172,0.0907809024542898,-1.2267657204999103,False,-2.453531440999821,TURTLE20,8,
XRP,15m,20bar,1751995800000,1752007500000,1,2.3064612,2.2950001755116327,2.2891639194790527,,TRAIL,-0.37442942905432147,0.072687435427149,-0.8222044671387171,False,-1.644408934277434,TURTLE20,14,
XRP,15m,20bar,1752027300000,1752031800000,1,2.31486288,2.3006574901114787,2.3011177136542096,,SL,-0.5531480143635615,0.09024250009274162,-1.2349579251026463,False,-2.469915850205293,TURTLE20,6,
XRP,15m,20bar,1752037200000,1752067800000,1,2.32156422,2.3813459324149395,2.3079096875557927,,TRAIL,1.8223033995112285,0.09027529029427016,4.171506168829361,False,8.343012337658724,TURTLE20,35,
XRP,15m,20bar,1752085800000,1752092100000,1,2.3970793199999996,2.394536719042527,2.3758188835542673,,TRAIL,-0.12060383114561876,0.06400144600514128,-0.25481934929824507,False,-0.5096386985964901,TURTLE20,8,
XRP,15m,20bar,1752111900000,1752141600000,1,2.4194838,2.4262705090001178,2.399050287562791,,TRAIL,0.08939539961187129,0.06700069754046681,0.1898477526386265,False,0.379695505277253,TURTLE20,34,
XRP,15m,20bar,1752147900000,1752151500000,1,2.4588916800000002,2.43771317827369,2.4382008184373776,,SL,-0.5509226797138238,0.06711557544142577,-1.165561161785545,False,-2.3311223235710896,TURTLE20,5,
XRP,15m,20bar,1752156000000,1752160500000,-1,2.42541482,2.4478248370849847,2.4473353700109826,,SL,-0.5335356326775323,0.0615785352166502,-1.1557173915135817,False,-2.3114347830271638,TURTLE20,6,
XRP,15m,20bar,1752165000000,1752192900000,1,2.46929376,2.5278232016560707,2.443707888802028,,TRAIL,0.978795891998089,0.052847697143350705,2.1703842346974436,False,4.340768469394886,TURTLE20,32,
XRP,15m,20bar,1752200100000,1752217200000,1,2.56781346,2.5541584329942535,2.539187313827334,,TRAIL,-0.2749768507203235,0.05051671477210375,-0.5843682219968585,False,-1.1687364439937171,TURTLE20,20,
XRP,15m,20bar,1752227100000,1752232500000,1,2.60532096,2.614850095427476,2.5746969497969996,,TRAIL,0.09714498979360492,0.04756393911489318,0.20888945477142828,False,0.41777890954285657,TURTLE20,7,
XRP,15m,20bar,1752238800000,1752242400000,1,2.6956390199999998,2.7630225878565486,2.6544143119851435,,TRAIL,0.726225767731323,0.037101745015230246,1.5550958145957505,False,3.1101916291915015,TURTLE20,5,
XRP,15m,20bar,1752246900000,1752248700000,1,2.84026794,2.866696655057426,2.7668333287340388,,TRAIL,0.15084425668139864,0.022452862887755897,0.3132655828608554,False,0.6265311657217107,TURTLE20,3,
XRP,15m,20bar,1752270300000,1752282900000,-1,2.71325724,2.7824950370798636,2.7933336544134155,,TRAIL,-0.43890758085015835,0.019952732404386053,-0.9058253791388428,False,-1.8116507582776855,TURTLE20,15,
XRP,15m,20bar,1752285600000,1752326100000,1,2.82526494,2.7534642798545454,2.7540150828711196,,SL,-0.501789297119939,0.022350698028081047,-1.0547094507352608,False,-2.1094189014705216,TURTLE20,46,
XRP,15m,20bar,1752333300000,1752340500000,-1,2.7062586399999997,2.7405298581782245,2.7574363102890014,,TRAIL,-0.34161349605114194,0.02973998279366517,-0.7335091860404462,False,-1.4670183720808927,TURTLE20,9,
XRP,15m,20bar,1752372000000,1752417900000,1,2.76185226,2.8401252772378998,2.7263074297361785,,TRAIL,0.9671304419580963,0.04339375737859063,2.107530973127324,False,4.215061946254648,TURTLE20,52,
XRP,15m,20bar,1752443100000,1752452100000,-1,2.7997399400000003,2.8441214938780366,2.8435527833213725,,SL,-0.5214059984816022,0.03696304433171593,-1.0902709597726927,False,-2.1805419195453855,TURTLE20,11,
XRP,15m,20bar,1752456600000,1752471900000,1,2.87047398,2.919874853648048,2.8302385648174817,,TRAIL,0.533977856765774,0.04039376389321906,1.1414487495537002,False,2.2828974991074005,TURTLE20,18,
XRP,15m,20bar,1752482700000,1752496200000,1,2.9880975,2.944810295438995,2.9352198434594134,,TRAIL,-0.42391517950347046,0.032211911946999176,-0.885949800031528,False,-1.7718996000630562,TURTLE20,16,
XRP,15m,20bar,1752524100000,1752533100000,-1,2.89332122,2.951767983719175,2.951177748169541,,SL,-0.5032934752221768,0.028490208248449764,-1.0708180943705987,False,-2.1416361887411974,TURTLE20,11,
XRP,15m,20bar,1752546600000,1752555600000,-1,2.85832822,2.8835554862862174,2.9105037098200097,,TRAIL,-0.25275572896267995,0.030369850695159944,-0.5495376585615288,False,-1.0990753171230576,TURTLE20,11,
XRP,15m,20bar,1752572700000,1752582600000,1,2.8916782199999997,2.8708426377985305,2.852548343044669,,TRAIL,-0.28240882403201667,0.0401938104122012,-0.6208323819643092,False,-1.2416647639286187,TURTLE20,12,
XRP,15m,20bar,1752602400000,1752604200000,1,2.9408880600000002,2.8961618212093168,2.8967411694432053,,SL,-0.49077339881201776,0.035638728145024196,-1.0924544879862683,False,-2.1849089759725366,TURTLE20,3,
XRP,15m,20bar,1752626700000,1752632100000,1,2.9309860800000003,2.895860558204434,2.896439846173669,,SL,-0.49126227295074,0.04447005380203843,-1.1179693269212854,False,-2.2359386538425707,TURTLE20,7,
XRP,15m,20bar,1752648300000,1752675300000,1,2.93598708,2.955618631732683,2.9091883037881106,,TRAIL,0.2580367922115304,0.056667326391058065,0.6006463943865523,False,1.2012927887731046,TURTLE20,31,
XRP,15m,20bar,1752687000000,1752706800000,1,3.02900568,3.042605183889672,2.988940219613556,,TRAIL,0.10804060587721269,0.03953064154253021,0.24850675058527807,False,0.49701350117055615,TURTLE20,23,
XRP,15m,20bar,1752717600000,1752727500000,-1,3.02169554,3.0721275062619564,3.0715132036212323,,SL,-0.47437482347810617,0.03206710173796583,-1.0857245434260214,False,-2.171449086852043,TURTLE20,12,
XRP,15m,20bar,1752730200000,1752758100000,1,3.11882364,3.230167470447827,3.0713565706007313,,TRAIL,0.9683285533841725,0.034302924450643285,2.2654534426179422,False,4.5309068852358845,TURTLE20,32,
XRP,15m,20bar,1752773400000,1752781500000,1,3.29245836,3.3089639190095834,3.23052987289817,,TRAIL,0.09050703127043958,0.02857660353353486,0.20256761030752388,False,0.4051352206150478,TURTLE20,10,
XRP,15m,20bar,1752786900000,1752819300000,1,3.4501899,3.5382379298483744,3.3667370254239803,,TRAIL,0.4507707878380481,0.02254019529377863,1.0048182711079634,False,2.0096365422159272,TURTLE20,37,
XRP,15m,20bar,1752822900000,1752841800000,-1,3.53409304,3.5144082275072197,3.6054824168751036,,TRAIL,0.09907517734844269,0.027109648208332487,0.21649876226424952,False,0.432997524528499,TURTLE20,22,
XRP,15m,20bar,1752852600000,1752859800000,-1,3.37852416,3.4609726619202816,3.460280605799122,,SL,-0.48656624142073307,0.02306955752482972,-1.0586590349841711,False,-2.1173180699683423,TURTLE20,9,
XRP,15m,20bar,1752896700000,1752906600000,1,3.47309448,3.420037494917094,3.420721639244943,,SL,-0.4912781416042319,0.03552658300808255,-1.0920328827558186,False,-2.184065765511637,TURTLE20,12,
XRP,15m,20bar,1752923700000,1752939000000,-1,3.40311924,3.4208407380053147,3.446281743548433,,TRAIL,-0.22241666389238363,0.04174288172157943,-0.5054357879782865,False,-1.010871575956573,TURTLE20,18,
XRP,15m,20bar,1752942600000,1752958800000,1,3.4346868,3.3923459690047437,3.389227425889541,,TRAIL,-0.4449692605730533,0.03925080960364221,-1.021506599361107,False,-2.043013198722214,TURTLE20,19,
XRP,15m,20bar,1752996600000,1753002900000,1,3.455691,3.4917363468890845,3.4258415872150847,,TRAIL,0.4556846605080441,0.059588674256604746,1.0679235370774447,False,2.1358470741548894,TURTLE20,8,
XRP,15m,20bar,1753022700000,1753030800000,1,3.53980782,3.4932035208527563,3.493902301313019,,SL,-0.48251108473808146,0.0400617683380956,-1.1071458814856812,False,-2.2142917629713623,TURTLE20,10,
XRP,15m,20bar,1753038900000,1753041600000,1,3.55040994,3.5047753817220637,3.505476477017467,,SL,-0.4729628324769135,0.04014834222826966,-1.1098114002554085,False,-2.219622800510817,TURTLE20,4,
XRP,15m,20bar,1753049700000,1753063200000,-1,3.45020982,3.4801325394608384,3.5002242498666574,,TRAIL,-0.28395242984224756,0.03464496740750644,-0.6814218410042341,False,-1.3628436820084682,TURTLE20,16,
XRP,15m,20bar,1753072200000,1753099200000,1,3.5027003999999997,3.524985929220735,3.4630865237651385,,TRAIL,0.18747997019130264,0.043750836621486114,0.4561259624298496,False,0.9122519248596993,TURTLE20,31,
XRP,15m,20bar,1753107300000,1753113600000,1,3.60282042,3.5883983392983123,3.5592891571755496,,TRAIL,-0.17852885231229465,0.041111797505965705,-0.4304219712813533,False,-0.8608439425627067,TURTLE20,8,
XRP,15m,20bar,1753127100000,1753147800000,-1,3.5397919000000004,3.5491166378810326,3.596918443398958,,TRAIL,-0.09773715902956537,0.030616241523388942,-0.2376843091824136,False,-0.47536861836482713,TURTLE20,24,
XRP,15m,20bar,1753160400000,1753161300000,-1,3.4236151400000003,3.483511886988866,3.4828153239240813,,SL,-0.44271575990320755,0.028649392256366563,-1.0817706797530613,False,-2.163541359506123,TURTLE20,2,
XRP,15m,20bar,1753183800000,1753191900000,1,3.50350056,3.4732697394155307,3.460201590152306,,TRAIL,-0.3182617665401708,0.03870959358152985,-0.794866087696354,False,-1.5897321753927083,TURTLE20,10,
XRP,15m,20day_equiv,1729898100000,1730874600000,-1,0.49970004,0.5406134730461344,0.5405053719717401,,SL,-20.35891837994564,0.3059345814218423,-1.017945918997282,False,-2.035891837994564,TURTLE20,1086,
XRP,15m,20day_equiv,1730949300000,1731405600000,1,0.5618123399999999,0.6350695342323862,0.5204017752412032,,TRAIL,34.32083025955992,0.33977261426130567,1.751704318218403,False,3.503408636436806,TURTLE20,508,
XRP,15m,20day_equiv,1731442500000,1731473100000,1,0.71604318,0.6482504611532293,0.6483801371806653,,SL,-20.56343817477827,0.24533483528535116,-1.0140143300185287,False,-2.0280286600370574,TURTLE20,35,
XRP,15m,20day_equiv,1731609000000,1731770100000,1,0.7681536,1.12457504,0.6841134908343491,,TRAIL,83.99331646529241,0.2684766253800048,4.227574265946022,False,8.455148531892045,TURTLE20,180,
XRP,15m,20day_equiv,1732234500000,1732451400000,1,1.27735542,1.3452706326171118,1.0898777590088917,,TRAIL,7.62500819103555,0.18085967764938016,0.35386422379511095,False,0.7077284475902218,TURTLE20,242,
XRP,15m,20day_equiv,1732875300000,1733233500000,1,1.6548309,2.4545403212466974,1.3611263891851346,,TRAIL,58.90429883946588,0.18217235247973973,2.7144417915204806,False,5.428883583040962,TURTLE20,399,
XRP,15m,20day_equiv,1736625600000,1737326700000,1,2.5297058399999997,2.8701899508092117,2.195281704300442,,TRAIL,23.07134465510949,0.22164864524039932,1.0084325182728515,False,2.016865036545703,TURTLE20,780,
XRP,15m,20day_equiv,1738542600000,1738595700000,-1,2.379524,2.437117720322718,2.822722272110014,,TRAIL,-3.18521219266354,0.15219331400321956,-0.13647098637581787,False,-0.27294197275163573,TURTLE20,60,
XRP,15m,20day_equiv,1740438000000,1740929400000,-1,2.2635471999999996,2.520527118552587,2.642753419538009,,TRAIL,-15.949935189653319,0.1761914227871107,-0.6852481572171903,False,-1.3704963144343807,TURTLE20,547,
XRP,15m,20day_equiv,1740933900000,1741026600000,1,2.9015801999999997,2.451273174837386,2.4517635275428944,,SL,-23.146086952155276,0.16391509258180353,-1.0082301634356694,False,-2.016460326871339,TURTLE20,104,
XRP,15m,20day_equiv,1741653900000,1742006700000,-1,1.92091574,2.4082251186269037,2.4077435699129213,,SL,-22.63649305817386,0.12001860888290239,-1.0063246861415236,False,-2.012649372283047,TURTLE20,393,
XRP,15m,20day_equiv,1743412500000,1744464600000,-1,2.0519895200000002,2.102344734753802,2.377740590009232,,TRAIL,-3.5758741153131677,0.16865835881842983,-0.1622337427937114,False,-0.3244674855874228,TURTLE20,1170,
XRP,15m,20day_equiv,1745396100000,1747987200000,1,2.26905372,2.43211348,2.0057286764367714,,TIME,13.369212351018383,0.23533925892958996,0.6085219146333258,False,1.2170438292666514,TURTLE20,2880,
XRP,15m,20day_equiv,1748461500000,1751053500000,-1,2.23075376,2.0930185199999998,2.475546325002818,,TIME,12.276429598742574,0.2356671706211973,0.5520632402803743,False,1.1041264805607487,TURTLE20,2880,
XRP,15m,20day_equiv,1751896800000,1752272100000,1,2.34286848,2.6870918932089682,2.14964945665107,,TRAIL,39.70253059648144,0.3511705277284411,1.7658998118879206,False,3.5317996237758416,TURTLE20,418,
XRP,15m,20day_equiv,1752482700000,1753278300000,1,2.9880975,3.241525359701482,2.7067571061461777,,TRAIL,20.658324724934666,0.3092479337533158,0.8875017290101413,False,1.775003458020283,TURTLE20,885,
XRP,15m,20day_equiv,1754160300000,1754601300000,-1,2.7610476800000003,3.154362283502379,3.1537315371949397,,SL,-23.94228025443224,0.21412139707575095,-1.010644675631433,False,-2.0212893512628662,TURTLE20,491,
XRP,15m,20day_equiv,1756519200000,1757706300000,-1,2.7634472,3.0920629292962833,3.0914446403682097,,SL,-23.503640046721408,0.24862469891677938,-1.0125964245361585,False,-2.025192849072317,TURTLE20,1320,
XRP,15m,20day_equiv,1757753100000,1758508200000,1,3.13952778,2.891770969441539,2.892349439329405,,SL,-23.127348528976512,0.33293912515654855,-1.016980650999371,False,-2.0339613019987426,TURTLE20,840,
XRP,15m,20day_equiv,1760124600000,1760131800000,-1,2.63667256,1.9188837,2.8831771354293454,,TRAIL,64.625435877653,0.24703380212787307,2.900779934808768,False,5.801559869617536,TURTLE20,9,
XRP,15m,20day_equiv,1762281000000,1762764300000,-1,2.1846629799999997,2.4938037648345532,2.4933051038137903,,SL,-23.823611157013183,0.2143780774052963,-1.010710595905756,False,-2.0214211918115126,TURTLE20,538,
XRP,15m,20day_equiv,1763577000000,1764016200000,-1,2.04169158,2.282409394037416,2.349465348557361,,TRAIL,-18.2576267970905,0.19468271037196097,-0.7905555946574809,False,-1.5811111893149619,TURTLE20,489,
XRP,15m,20day_equiv,1765810800000,1767528900000,-1,1.9394120400000001,2.1049010954522887,2.1613544422483497,,TRAIL,-17.196546628777476,0.2485112811449977,-0.7565730641487141,False,-1.513146128297428,TURTLE20,1910,
XRP,15m,20day_equiv,1767575700000,1767813300000,1,2.1309261,2.1730291905874206,1.9683361774271775,,TRAIL,5.441264356810246,0.3555445353565535,0.24306990733307657,False,0.48613981466615314,TURTLE20,265,
XRP,15m,20day_equiv,1769361300000,1770373800000,-1,1.83793234,1.3858986157761755,2.015977718119723,,TRAIL,56.865982645517015,0.2443810919132227,2.5280039864202397,False,5.0560079728404785,TURTLE20,1126,
XRP,15m,20day_equiv,1772262000000,1773636300000,-1,1.2959407600000001,1.4851348504147042,1.4848378828381366,,SL,-23.877644901387345,0.20875380078048214,-1.0104057325664009,False,-2.0208114651328017,TURTLE20,1528,
XRP,15m,20day_equiv,1773673200000,1774175400000,1,1.5099019200000001,1.386717528331769,1.3633358975351308,,TRAIL,-19.734967511928,0.27456104341988397,-0.8523282629654012,False,-1.7046565259308022,TURTLE20,559,
XRP,15m,20day_equiv,1774636200000,1776367800000,-1,1.3187362,1.4576211831386896,1.4573297171952506,,SL,-23.08090687048361,0.27355595546075584,-1.0141224525716075,False,-2.028244905143215,TURTLE20,1925,
XRP,15m,20day_equiv,1776431700000,1777385700000,1,1.47749544,1.3684168176304992,1.3686905557416476,,SL,-22.70390260039975,0.3499352754993735,-1.0182095268905587,False,-2.0364190537811173,TURTLE20,1061,
XRP,15m,20day_equiv,1778430600000,1778905800000,1,1.46939382,1.4263077865324707,1.3872394625163549,,TRAIL,-11.917982151975378,0.4619579704667346,-0.54560045023019,False,-1.0912009004603798,TURTLE20,529,
XRP,15m,20day_equiv,1779229800000,1781521200000,-1,1.35492896,1.2015169811357846,1.456159860296979,,TRAIL,32.41492552279279,0.32736911491425696,1.500313746632425,False,3.0006274932648505,TURTLE20,2547,
XRP,15m,20day_equiv,1782396000000,1783103400000,-1,1.0149969600000002,1.125113560050269,1.1248885823338024,,SL,-22.559320473546318,0.26003133004756046,-1.013732111661006,False,-2.027464223322012,TURTLE20,787,
XRP,15m,20day_equiv,1785237300000,1787172300000,-1,1.0498899800000001,1.0979958060333455,1.1243259236886882,,TRAIL,-14.467835409621877,0.3774738708150938,-0.6635847556598093,False,-1.3271695113196185,TURTLE20,2151,
XRP,15m,20day_equiv,1787174100000,1787250600000,1,1.10632122,1.2528424955740887,1.0458378685465113,,TRAIL,51.61234616704358,0.5034753677532285,2.3991027920522825,False,4.798205584104565,TURTLE20,86,
XRP,15m,20day_equiv,1787300100000,1787374800000,1,1.3455690599999999,1.543763363033082,1.2589998679360463,,TRAIL,51.16475777884126,0.4514856891186805,2.269406689554474,False,4.538813379108948,TURTLE20,84,
XRP,15m,20day_equiv,1789417800000,1789497000000,1,1.4867972999999999,1.3463420149846739,1.3466113372521242,,SL,-23.89980095805202,0.28579248878261043,-1.014047097283078,False,-2.0280941945661555,TURTLE20,89,
XRP,15m,20day_equiv,1789503300000,1789794900000,-1,1.2855428400000002,1.432946593046517,1.4326600610343103,,SL,-23.39171298985906,0.2560077431115912,-1.0130346784594808,False,-2.026069356918962,TURTLE20,325,
XRP,15m,20day_equiv,1790014500000,1790854200000,1,1.50970188,1.4911,1.3418594837048237,,END,-2.7499639793255235,0.24268064938132972,-0.12155666016659546,False,-0.24311332033319094,TURTLE20,934,
