signal_day,entry_time,exit_time,stop_kind,target_kind,entry,stop,target,exit,exit_reason,gross_return_pct,net_return_pct,risk_pct,gross_R,net_R,entry_fee_bps,exit_fee_bps,stop_slippage_bps,cost_case
2024-10-04 00:00:00+00:00,2024-10-05 00:00:00+00:00,2024-10-05 23:59:00+00:00,prior_high,signal_high,62070.0,61414.6,62478.3,62042.5,next_day_close,-0.04430481714193652,-0.1643048171419365,1.0559046238118277,-0.04195910894110457,-0.15560573695453123,5.999999999999999,5.999999999999999,0.0,taker
2024-10-06 00:00:00+00:00,2024-10-07 00:00:00+00:00,2024-10-07 00:22:00+00:00,prior_high,signal_high,62817.9,62357.0,62972.6,62972.6,TP,0.24626738557003194,0.12626738557003198,0.7337080672865559,0.33564764591016844,0.17209485788673654,5.999999999999999,5.999999999999999,0.0,taker
2024-10-11 00:00:00+00:00,2024-10-12 00:00:00+00:00,2024-10-12 15:13:00+00:00,prior_high,signal_high,62570.0,61221.4,63459.5,63459.5,TP,1.4216077992648233,1.3016077992648234,2.155346012466036,0.659572890404865,0.6038973750556138,5.999999999999999,5.999999999999999,0.0,taker
2024-10-14 00:00:00+00:00,2024-10-15 00:00:00+00:00,2024-10-15 13:45:00+00:00,prior_high,signal_high,66143.8,63327.4,66580.0,66580.0,TP,0.6594722407844682,0.5394722407844682,4.257995458380077,0.15487856838517144,0.12669629314017786,5.999999999999999,5.999999999999999,0.0,taker
2024-10-15 00:00:00+00:00,2024-10-16 00:00:00+00:00,2024-10-16 11:26:00+00:00,prior_high,signal_high,67062.6,66580.0,68006.9,68006.9,TP,1.4080873691148097,1.2880873691148096,0.7196261403524554,1.956692913385779,1.7899396601740114,5.999999999999999,5.999999999999999,0.0,taker
2024-10-18 00:00:00+00:00,2024-10-19 00:00:00+00:00,2024-10-19 23:59:00+00:00,prior_high,signal_high,68419.5,67961.3,69087.1,68359.0,next_day_close,-0.08842508349227925,-0.20842508349227926,0.6696921199365635,-0.1320384111741606,-0.31122522915757506,5.999999999999999,5.999999999999999,0.0,taker
2024-10-20 00:00:00+00:00,2024-10-21 00:00:00+00:00,2024-10-21 00:23:00+00:00,prior_high,signal_high,69036.6,68717.1,69472.8,69472.8,TP,0.6318387637861613,0.5118387637861613,0.46279799410747335,1.3652582159624322,1.1059658215962351,5.999999999999999,5.999999999999999,0.0,taker
2024-10-24 00:00:00+00:00,2024-10-25 00:00:00+00:00,2024-10-25 07:14:00+00:00,prior_high,signal_high,68163.0,67388.1,68837.2,67388.1,SL,-1.1368337661194403,-1.2768337661194404,1.1368337661194403,-1.0,-1.1231490514905158,5.999999999999999,5.999999999999999,2.0,taker
2024-10-27 00:00:00+00:00,2024-10-28 00:00:00+00:00,2024-10-28 07:12:00+00:00,prior_high,signal_high,67989.7,67415.7,68301.9,68301.9,TP,0.4591872004141761,0.33918720041417616,0.8442455254251748,0.5439024390243851,0.40176369337978585,5.999999999999999,5.999999999999999,0.0,taker
2024-10-28 00:00:00+00:00,2024-10-29 00:00:00+00:00,2024-10-29 01:55:00+00:00,prior_high,signal_high,69993.5,68301.9,70373.2,70373.2,TP,0.5424789444734113,0.4224789444734113,2.4167958453285032,0.2244620477654267,0.17480952943958153,5.999999999999999,5.999999999999999,0.0,taker
2024-10-29 00:00:00+00:00,2024-10-30 00:00:00+00:00,2024-10-30 23:59:00+00:00,prior_high,signal_high,72756.6,70373.2,73723.7,72359.2,next_day_close,-0.5462047429374225,-0.6662047429374225,3.2758540118697255,-0.16673659478056863,-0.203368263824791,5.999999999999999,5.999999999999999,0.0,taker
2024-11-06 00:00:00+00:00,2024-11-07 00:00:00+00:00,2024-11-07 17:56:00+00:00,prior_high,signal_high,75608.7,70552.5,76449.8,76449.8,TP,1.112438118893733,0.9924381188937329,6.687325664903638,0.16635022348799616,0.14840583046556824,5.999999999999999,5.999999999999999,0.0,taker
2024-11-10 00:00:00+00:00,2024-11-11 00:00:00+00:00,2024-11-11 01:53:00+00:00,prior_high,signal_high,80358.7,76891.9,81661.5,81661.5,TP,1.6212308063719336,1.5012308063719337,4.314156401235962,0.3757932387215882,0.3479778354678672,5.999999999999999,5.999999999999999,0.0,taker
2024-11-11 00:00:00+00:00,2024-11-12 00:00:00+00:00,2024-11-12 06:45:00+00:00,prior_high,signal_high,88710.3,81661.5,89785.0,89785.0,TP,1.2114714976727585,1.0914714976727584,7.945864234480103,0.15246566791510563,0.1373634717966174,5.999999999999999,5.999999999999999,0.0,taker
2024-11-13 00:00:00+00:00,2024-11-14 00:00:00+00:00,2024-11-14 00:16:00+00:00,prior_high,signal_high,90337.7,90015.4,93459.8,90015.4,SL,-0.3567724217021276,-0.49677242170212754,0.3567724217021276,-1.0,-1.3924070121005239,5.999999999999999,5.999999999999999,2.0,taker
2024-11-20 00:00:00+00:00,2024-11-21 00:00:00+00:00,2024-11-21 00:41:00+00:00,prior_high,signal_high,94341.8,94062.8,94976.5,94976.5,TP,0.6727664725498105,0.5527664725498105,0.295733174478333,2.274910394265223,1.8691392114695238,5.999999999999999,5.999999999999999,0.0,taker
2024-11-21 00:00:00+00:00,2024-11-22 00:00:00+00:00,2024-11-22 03:15:00+00:00,prior_high,signal_high,98398.0,94976.5,99124.9,99124.9,TP,0.7387345271245291,0.6187345271245291,3.477204821236204,0.21245067952652175,0.1779402016659343,5.999999999999999,5.999999999999999,0.0,taker
2024-11-27 00:00:00+00:00,2024-11-28 00:00:00+00:00,2024-11-28 03:32:00+00:00,prior_high,signal_high,95873.2,94972.6,97254.8,94972.6,SL,-0.9393657455889564,-1.0793657455889565,0.9393657455889564,-1.0,-1.1490367310681782,5.999999999999999,5.999999999999999,2.0,taker
2024-11-29 00:00:00+00:00,2024-11-30 00:00:00+00:00,2024-11-30 01:46:00+00:00,prior_high,signal_high,97510.3,96592.9,98738.5,96592.9,SL,-0.9408236873438074,-1.0808236873438075,0.9408236873438074,-1.0,-1.1488057771964233,5.999999999999999,5.999999999999999,2.0,taker
2024-12-04 00:00:00+00:00,2024-12-05 00:00:00+00:00,2024-12-05 02:29:00+00:00,prior_high,signal_high,98675.9,96371.9,99073.5,99073.5,TP,0.40293526585519446,0.2829352658551945,2.3349166311125615,0.17256944444444697,0.12117574652778032,5.999999999999999,5.999999999999999,0.0,taker
2024-12-08 00:00:00+00:00,2024-12-09 00:00:00+00:00,2024-12-09 00:16:00+00:00,prior_high,signal_high,101177.6,100498.0,101447.7,100498.0,SL,-0.6716901764817566,-0.8116901764817566,0.6716901764817566,-1.0,-1.2084294290759252,5.999999999999999,5.999999999999999,2.0,taker
2024-12-11 00:00:00+00:00,2024-12-12 00:00:00+00:00,2024-12-12 16:00:00+00:00,prior_high,signal_high,101118.5,98297.1,101895.7,101895.7,TP,0.7686031735043509,0.6486031735043509,2.790191705770946,0.2754660806691709,0.23245828312185385,5.999999999999999,5.999999999999999,0.0,taker
2024-12-15 00:00:00+00:00,2024-12-16 00:00:00+00:00,2024-12-16 00:30:00+00:00,prior_high,signal_high,104497.1,102659.2,105379.9,105379.9,TP,0.8448081334314428,0.7248081334314429,1.7588047897980026,0.4803308123401622,0.4121026606452934,5.999999999999999,5.999999999999999,0.0,taker
2024-12-16 00:00:00+00:00,2024-12-17 00:00:00+00:00,2024-12-17 14:31:00+00:00,prior_high,signal_high,106052.6,105379.9,107829.0,107829.0,TP,1.6750178684916672,1.5550178684916673,0.6343078811834991,2.6407016500668403,2.4515190723947757,5.999999999999999,5.999999999999999,0.0,taker
2024-12-24 00:00:00+00:00,2024-12-25 00:00:00+00:00,2024-12-25 21:04:00+00:00,prior_high,signal_high,98658.2,96476.7,99477.5,99477.5,TP,0.8304428825987125,0.7104428825987126,2.21116947197496,0.37556727022690944,0.32129734586293973,5.999999999999999,5.999999999999999,0.0,taker
2025-01-02 00:00:00+00:00,2025-01-03 00:00:00+00:00,2025-01-03 16:22:00+00:00,prior_high,signal_high,96982.0,95129.3,97823.2,97823.2,TP,0.8673774514858398,0.7473774514858398,1.9103544987729653,0.45404004965725614,0.39122448318669956,5.999999999999999,5.999999999999999,0.0,taker
2025-01-03 00:00:00+00:00,2025-01-04 00:00:00+00:00,2025-01-04 01:11:00+00:00,prior_high,signal_high,98165.1,97823.2,98963.6,97823.2,SL,-0.34829078766283406,-0.488290787662834,0.34829078766283406,-1.0,-1.4019629716291209,5.999999999999999,5.999999999999999,2.0,taker
2025-01-06 00:00:00+00:00,2025-01-07 00:00:00+00:00,2025-01-07 00:35:00+00:00,prior_high,signal_high,102214.8,98845.1,102494.7,102494.7,TP,0.273835100200748,0.15383510020074803,3.296685020173201,0.08306377422322296,0.04666357242484326,5.999999999999999,5.999999999999999,0.0,taker
2025-01-14 00:00:00+00:00,2025-01-15 00:00:00+00:00,2025-01-15 01:55:00+00:00,prior_high,signal_high,96508.4,95882.2,97393.7,97393.7,TP,0.9173294759834407,0.7973294759834407,0.6488554364179668,1.4137655701054088,1.2288245289045137,5.999999999999999,5.999999999999999,0.0,taker
2025-01-15 00:00:00+00:00,2025-01-16 00:00:00+00:00,2025-01-16 00:01:00+00:00,prior_high,signal_high,100500.6,97393.7,100700.5,100700.5,TP,0.19890428514854058,0.07890428514854061,3.0914243298050046,0.06434066110914212,0.02552360230454601,5.999999999999999,5.999999999999999,0.0,taker
2025-01-17 00:00:00+00:00,2025-01-18 00:00:00+00:00,2025-01-18 23:59:00+00:00,prior_high,signal_high,104070.1,100893.1,105823.6,104529.0,next_day_close,0.44095278086596834,0.32095278086596835,3.0527500213798198,0.1444444444444426,0.1051356248032717,5.999999999999999,5.999999999999999,0.0,taker
2025-02-10 00:00:00+00:00,2025-02-11 00:00:00+00:00,2025-02-11 05:55:00+00:00,prior_high,signal_high,97355.3,97256.0,98318.7,98318.7,TP,0.9895711892418739,0.8695711892418739,0.1019975286399435,9.70191339375595,8.525414300100396,5.999999999999999,5.999999999999999,0.0,taker
2025-02-20 00:00:00+00:00,2025-02-21 00:00:00+00:00,2025-02-21 09:18:00+00:00,prior_high,signal_high,98317.9,96827.5,98719.6,98719.6,TP,0.4085725996995579,0.28857259969955795,1.5158989360024921,0.2695249597423599,0.1903640096618443,5.999999999999999,5.999999999999999,0.0,taker
2025-03-01 00:00:00+00:00,2025-03-02 00:00:00+00:00,2025-03-02 06:49:00+00:00,prior_high,signal_high,85990.3,85066.7,86507.4,86507.4,TP,0.6013468961033875,0.48134689610338754,1.074074633999423,0.5598744045041013,0.4481503248159253,5.999999999999999,5.999999999999999,0.0,taker
2025-03-02 00:00:00+00:00,2025-03-03 00:00:00+00:00,2025-03-03 19:18:00+00:00,prior_high,signal_high,94227.0,86507.4,94981.7,86507.4,SL,-8.192556273679525,-8.332556273679524,8.192556273679525,-1.0,-1.017088683351469,5.999999999999999,5.999999999999999,2.0,taker
2025-03-05 00:00:00+00:00,2025-03-06 00:00:00+00:00,2025-03-06 01:46:00+00:00,prior_high,signal_high,90576.0,88891.9,91012.9,91012.9,TP,0.4823573573573509,0.362357357357351,1.859322557851976,0.2594263998574863,0.1948867644439125,5.999999999999999,5.999999999999999,0.0,taker
2025-03-12 00:00:00+00:00,2025-03-13 00:00:00+00:00,2025-03-13 00:01:00+00:00,prior_high,signal_high,83625.2,83565.9,84442.0,83565.9,SL,-0.07091163907530613,-0.21091163907530613,0.07091163907530613,-1.0,-2.974288026981353,5.999999999999999,5.999999999999999,2.0,taker
2025-03-19 00:00:00+00:00,2025-03-20 00:00:00+00:00,2025-03-20 00:02:00+00:00,prior_high,signal_high,86853.7,83981.6,87044.8,87044.8,TP,0.22002516876080794,0.10002516876080796,3.3068251554049986,0.06653668047770148,0.030248097211102026,5.999999999999999,5.999999999999999,0.0,taker
2025-03-23 00:00:00+00:00,2025-03-24 00:00:00+00:00,2025-03-24 00:20:00+00:00,prior_high,signal_high,86084.1,84525.6,86150.3,86150.3,TP,0.07690154163195885,-0.043098458368041145,1.8104388615319205,0.042476740455564384,-0.02380553095925756,5.999999999999999,5.999999999999999,0.0,taker
2025-03-24 00:00:00+00:00,2025-03-25 00:00:00+00:00,2025-03-25 23:59:00+00:00,prior_high,signal_high,87531.1,86150.3,88825.1,87425.7,next_day_close,-0.12041434415882896,-0.24041434415882895,1.5774964555455178,-0.07633256083430513,-0.15240246234067809,5.999999999999999,5.999999999999999,0.0,taker
2025-04-01 00:00:00+00:00,2025-04-02 00:00:00+00:00,2025-04-02 06:11:00+00:00,prior_high,signal_high,85136.8,83905.1,85560.0,83905.1,SL,-1.4467304385412618,-1.5867304385412617,1.4467304385412618,-1.0,-1.0967699277421452,5.999999999999999,5.999999999999999,2.0,taker
2025-04-09 00:00:00+00:00,2025-04-10 00:00:00+00:00,2025-04-10 13:43:00+00:00,prior_high,signal_high,82617.6,80828.6,83591.0,80828.6,SL,-2.165398171818111,-2.305398171818111,2.165398171818111,-1.0,-1.0646532364449413,5.999999999999999,5.999999999999999,2.0,taker
2025-04-11 00:00:00+00:00,2025-04-12 00:00:00+00:00,2025-04-12 13:43:00+00:00,prior_high,signal_high,83380.2,82765.5,84278.6,84278.6,TP,1.0774740286063222,0.9574740286063224,0.7372253844437854,1.4615259476167448,1.2987534732389987,5.999999999999999,5.999999999999999,0.0,taker
2025-04-12 00:00:00+00:00,2025-04-13 00:00:00+00:00,2025-04-13 01:30:00+00:00,prior_high,signal_high,85271.7,84278.6,85900.0,85900.0,TP,0.7368212431557046,0.6168212431557046,1.1646302348844826,0.6326653911992836,0.529628395931938,5.999999999999999,5.999999999999999,0.0,taker
2025-04-21 00:00:00+00:00,2025-04-22 00:00:00+00:00,2025-04-22 01:19:00+00:00,prior_high,signal_high,87534.9,85285.1,88500.0,88500.0,TP,1.1025316759372616,0.9825316759372615,2.570174867395734,0.42897146413014975,0.38228203395857874,5.999999999999999,5.999999999999999,0.0,taker
2025-04-22 00:00:00+00:00,2025-04-23 00:00:00+00:00,2025-04-23 07:58:00+00:00,prior_high,signal_high,93495.1,88500.0,94126.5,94126.5,TP,0.6753295092470024,0.5553295092470024,5.342632929426254,0.126403875798281,0.1039430401793745,5.999999999999999,5.999999999999999,0.0,taker
2025-04-25 00:00:00+00:00,2025-04-26 00:00:00+00:00,2025-04-26 11:52:00+00:00,prior_high,signal_high,94659.4,94018.9,95812.2,94018.9,SL,-0.676636446037055,-0.816636446037055,0.676636446037055,-1.0,-1.2069057923497266,5.999999999999999,5.999999999999999,2.0,taker
2025-05-01 00:00:00+00:00,2025-05-02 00:00:00+00:00,2025-05-02 14:35:00+00:00,prior_high,signal_high,96483.4,95200.0,97433.9,97433.9,TP,0.9851435583737722,0.8651435583737722,1.3301770045417078,0.7406108773570238,0.6503973196197631,5.999999999999999,5.999999999999999,0.0,taker
2025-05-06 00:00:00+00:00,2025-05-07 00:00:00+00:00,2025-05-07 00:00:00+00:00,prior_high,signal_high,96828.6,95176.4,96874.0,96874.0,TP,0.046886973476838636,-0.07311302652316136,1.7063140435780457,0.02747851349715159,-0.04284851712868013,5.999999999999999,5.999999999999999,0.0,taker
2025-05-07 00:00:00+00:00,2025-05-08 00:00:00+00:00,2025-05-08 00:37:00+00:00,prior_high,signal_high,97011.3,96874.0,97745.5,96874.0,SL,-0.141529904248271,-0.281529904248271,0.141529904248271,-1.0,-1.9891902403495785,5.999999999999999,5.999999999999999,2.0,taker
2025-05-08 00:00:00+00:00,2025-05-09 00:00:00+00:00,2025-05-09 07:49:00+00:00,prior_high,signal_high,103258.7,97745.5,104263.3,104263.3,TP,0.9728962305355441,0.8528962305355442,5.339211127004308,0.18221722411666663,0.1597419937604307,5.999999999999999,5.999999999999999,0.0,taker
2025-05-10 00:00:00+00:00,2025-05-11 00:00:00+00:00,2025-05-11 00:17:00+00:00,prior_high,signal_high,104756.6,104340.3,104965.3,104340.3,SL,-0.3973973954863015,-0.5373973954863014,0.3973973954863015,-1.0,-1.3522921931299519,5.999999999999999,5.999999999999999,2.0,taker
2025-05-18 00:00:00+00:00,2025-05-19 00:00:00+00:00,2025-05-19 00:05:00+00:00,prior_high,signal_high,106382.9,103640.7,106635.1,106635.1,TP,0.23706817543046077,0.11706817543046082,2.577669907475729,0.09196995113413023,0.045416278900157474,5.999999999999999,5.999999999999999,0.0,taker
2025-05-21 00:00:00+00:00,2025-05-22 00:00:00+00:00,2025-05-22 02:33:00+00:00,prior_high,signal_high,109621.3,107273.2,110757.1,110757.1,TP,1.0361125073320632,0.9161125073320632,2.142010722368742,0.483710233806056,0.42768810527660683,5.999999999999999,5.999999999999999,0.0,taker
2025-05-22 00:00:00+00:00,2025-05-23 00:00:00+00:00,2025-05-23 04:25:00+00:00,prior_high,signal_high,111666.9,110757.1,111968.0,110757.1,SL,-0.8147445662053736,-0.9547445662053736,0.8147445662053736,-1.0,-1.1718329962629173,5.999999999999999,5.999999999999999,2.0,taker
2025-05-26 00:00:00+00:00,2025-05-27 00:00:00+00:00,2025-05-27 00:36:00+00:00,prior_high,signal_high,109392.6,109244.3,110406.9,109244.3,SL,-0.13556675680073688,-0.2755667568007369,0.13556675680073688,-1.0,-2.032701550910297,5.999999999999999,5.999999999999999,2.0,taker
2025-06-01 00:00:00+00:00,2025-06-02 00:00:00+00:00,2025-06-02 03:12:00+00:00,prior_high,signal_high,105576.7,104818.5,105771.9,104818.5,SL,-0.7181508798816378,-0.8581508798816377,0.7181508798816378,-1.0,-1.1949451068319712,5.999999999999999,5.999999999999999,2.0,taker
2025-06-07 00:00:00+00:00,2025-06-08 00:00:00+00:00,2025-06-08 09:11:00+00:00,prior_high,signal_high,105584.2,105303.4,105919.6,105303.4,SL,-0.26594888250325605,-0.40594888250325606,0.26594888250325605,-1.0,-1.5264169515669461,5.999999999999999,5.999999999999999,2.0,taker
2025-06-09 00:00:00+00:00,2025-06-10 00:00:00+00:00,2025-06-10 23:59:00+00:00,prior_high,signal_high,110254.5,106480.0,110672.8,110232.8,next_day_close,-0.01968173634635964,-0.13968173634635964,3.423443034071172,-0.0057491058418325846,-0.04080153662736709,5.999999999999999,5.999999999999999,0.0,taker
2025-06-16 00:00:00+00:00,2025-06-17 00:00:00+00:00,2025-06-17 10:05:00+00:00,prior_high,signal_high,106839.0,106040.0,108921.0,106040.0,SL,-0.7478542479806063,-0.8878542479806064,0.7478542479806063,-1.0,-1.1872022528160202,5.999999999999999,5.999999999999999,2.0,taker
2025-06-23 00:00:00+00:00,2025-06-24 00:00:00+00:00,2025-06-24 16:59:00+00:00,prior_high,signal_high,105228.3,103391.8,105955.4,105955.4,TP,0.6909738159791532,0.5709738159791532,1.7452529405112505,0.39591614484072485,0.3271582031037252,5.999999999999999,5.999999999999999,0.0,taker
2025-06-24 00:00:00+00:00,2025-06-25 00:00:00+00:00,2025-06-25 00:10:00+00:00,prior_high,signal_high,106033.1,105955.4,106190.9,106190.9,TP,0.14882145292365154,0.02882145292365155,0.07327900438637712,2.030888030887577,0.3933111969109883,5.999999999999999,5.999999999999999,0.0,taker
2025-06-25 00:00:00+00:00,2025-06-26 00:00:00+00:00,2025-06-26 03:04:00+00:00,prior_high,signal_high,107310.7,106190.9,108094.6,108094.6,TP,0.7304956542078365,0.6104956542078365,1.0435119703813347,0.7000357206644103,0.5850394356135087,5.999999999999999,5.999999999999999,0.0,taker
2025-06-29 00:00:00+00:00,2025-06-30 00:00:00+00:00,2025-06-30 00:24:00+00:00,prior_high,signal_high,108310.0,107491.0,108497.9,108497.9,TP,0.17348351952727742,0.05348351952727744,0.7561628658480288,0.2294261294261223,0.07073015873015163,5.999999999999999,5.999999999999999,0.0,taker
2025-07-02 00:00:00+00:00,2025-07-03 00:00:00+00:00,2025-07-03 09:19:00+00:00,prior_high,signal_high,108866.9,107479.8,109726.2,109726.2,TP,0.7893124540149513,0.6693124540149513,1.2741246421088424,0.6194939081537081,0.5253115997404713,5.999999999999999,5.999999999999999,0.0,taker
2025-07-06 00:00:00+00:00,2025-07-07 00:00:00+00:00,2025-07-07 03:27:00+00:00,prior_high,signal_high,109149.5,108307.0,109642.6,109642.6,TP,0.4517656975066361,0.33176569750663615,0.7718771043385448,0.5852818991097991,0.42981673590505143,5.999999999999999,5.999999999999999,0.0,taker
2025-07-09 00:00:00+00:00,2025-07-10 00:00:00+00:00,2025-07-10 16:24:00+00:00,prior_high,signal_high,111290.8,109163.9,112098.1,112098.1,TP,0.7253968881524824,0.6053968881524824,1.9111193378069065,0.37956650524237134,0.31677607785979606,5.999999999999999,5.999999999999999,0.0,taker
2025-07-10 00:00:00+00:00,2025-07-11 00:00:00+00:00,2025-07-11 05:30:00+00:00,prior_high,signal_high,115983.3,112098.1,117649.6,117649.6,TP,1.4366723485191426,1.3166723485191427,3.349792599451815,0.4288839699371986,0.3930608565839606,5.999999999999999,5.999999999999999,0.0,taker
2025-07-13 00:00:00+00:00,2025-07-14 00:00:00+00:00,2025-07-14 00:25:00+00:00,prior_high,signal_high,119060.1,118187.0,119413.0,119413.0,TP,0.2964049249076678,0.17640492490766782,0.7333271179849553,0.40419195968387567,0.2405542091398383,5.999999999999999,5.999999999999999,0.0,taker
2025-07-14 00:00:00+00:00,2025-07-15 00:00:00+00:00,2025-07-15 00:41:00+00:00,prior_high,signal_high,119817.4,119413.0,123265.8,119413.0,SL,-0.3375135831690507,-0.4775135831690508,0.3375135831690507,-1.0,-1.4147981206726075,5.999999999999999,5.999999999999999,2.0,taker
2025-07-22 00:00:00+00:00,2025-07-23 00:00:00+00:00,2025-07-23 00:56:00+00:00,prior_high,signal_high,120011.7,119597.7,120246.0,119597.7,SL,-0.34496636577933654,-0.48496636577933655,0.34496636577933654,-1.0,-1.4058366666666666,5.999999999999999,5.999999999999999,2.0,taker
2025-07-27 00:00:00+00:00,2025-07-28 00:00:00+00:00,2025-07-28 02:33:00+00:00,prior_high,signal_high,119364.7,118250.4,119727.5,119727.5,TP,0.3039424553490294,0.18394245534902945,0.9335255733060134,0.3255855694157785,0.19704061742798382,5.999999999999999,5.999999999999999,0.0,taker
2025-08-03 00:00:00+00:00,2025-08-04 00:00:00+00:00,2025-08-04 00:47:00+00:00,prior_high,signal_high,114058.9,113932.3,114638.1,114638.1,TP,0.5078078080711033,0.3878078080711033,0.11099528401553169,4.575039494471182,3.493912480253098,5.999999999999999,5.999999999999999,0.0,taker
2025-08-04 00:00:00+00:00,2025-08-05 00:00:00+00:00,2025-08-05 02:13:00+00:00,prior_high,signal_high,114987.7,114638.1,115622.5,114638.1,SL,-0.30403251826064115,-0.4440325182606411,0.30403251826064115,-1.0,-1.4604770594965788,5.999999999999999,5.999999999999999,2.0,taker
2025-08-07 00:00:00+00:00,2025-08-08 00:00:00+00:00,2025-08-08 00:38:00+00:00,prior_high,signal_high,117415.1,115655.0,117560.6,117560.6,TP,0.12391932553819737,0.00391932553819739,1.4990405833661988,0.08266575762740726,0.0026145559911368607,5.999999999999999,5.999999999999999,0.0,taker
2025-08-10 00:00:00+00:00,2025-08-11 00:00:00+00:00,2025-08-11 00:00:00+00:00,prior_high,signal_high,119288.3,117877.4,119301.6,119301.6,TP,0.011149458915922944,-0.10885054108407703,1.1827647807873938,0.009426607130202585,-0.09203059040328603,5.999999999999999,5.999999999999999,0.0,taker
2025-08-13 00:00:00+00:00,2025-08-14 00:00:00+00:00,2025-08-14 00:05:00+00:00,prior_high,signal_high,123322.3,120261.6,123715.0,123715.0,TP,0.3184338923292844,0.1984338923292844,2.481870675457721,0.1283039827490435,0.07995335707517802,5.999999999999999,5.999999999999999,0.0,taker
2025-08-22 00:00:00+00:00,2025-08-23 00:00:00+00:00,2025-08-23 13:34:00+00:00,prior_high,signal_high,116882.7,114812.4,117291.6,114812.4,SL,-1.7712629841713128,-1.9112629841713125,1.7712629841713128,-1.0,-1.0790396464280536,5.999999999999999,5.999999999999999,2.0,taker
2025-09-02 00:00:00+00:00,2025-09-03 00:00:00+00:00,2025-09-03 12:37:00+00:00,prior_high,signal_high,111183.4,109840.5,111696.3,111696.3,TP,0.4613098717974165,0.3413098717974165,1.2078241895822526,0.381934619107909,0.28258241119965033,5.999999999999999,5.999999999999999,0.0,taker
2025-09-08 00:00:00+00:00,2025-09-09 00:00:00+00:00,2025-09-09 00:31:00+00:00,prior_high,signal_high,112030.7,111543.2,112845.6,111543.2,SL,-0.4351485798089274,-0.5751485798089274,0.4351485798089274,-1.0,-1.3217291897435899,5.999999999999999,5.999999999999999,2.0,taker
2025-09-10 00:00:00+00:00,2025-09-11 00:00:00+00:00,2025-09-11 03:56:00+00:00,prior_high,signal_high,113879.2,113226.0,114252.5,114252.5,TP,0.32780349703897016,0.20780349703897022,0.573590260556798,0.5714941824862287,0.3622856093080282,5.999999999999999,5.999999999999999,0.0,taker
2025-09-11 00:00:00+00:00,2025-09-12 00:00:00+00:00,2025-09-12 00:00:00+00:00,prior_high,signal_high,115411.3,114252.5,115417.3,115417.3,TP,0.005198797691387238,-0.11480120230861275,1.0040611274632578,0.0051777701070072355,-0.1143368657231616,5.999999999999999,5.999999999999999,0.0,taker
2025-09-12 00:00:00+00:00,2025-09-13 00:00:00+00:00,2025-09-13 16:43:00+00:00,prior_high,signal_high,115975.7,115417.3,116595.3,115417.3,SL,-0.48148017213950356,-0.6214801721395035,0.48148017213950356,-1.0,-1.2907700214899742,5.999999999999999,5.999999999999999,2.0,taker
2025-09-16 00:00:00+00:00,2025-09-17 00:00:00+00:00,2025-09-17 00:01:00+00:00,prior_high,signal_high,116737.4,116714.8,116908.5,116714.8,SL,-0.019359691067294002,-0.159359691067294,0.019359691067294002,-1.0,-8.231520353985093,5.999999999999999,5.999999999999999,2.0,taker
2025-09-24 00:00:00+00:00,2025-09-25 00:00:00+00:00,2025-09-25 00:00:00+00:00,prior_high,signal_high,113238.1,113235.1,113885.4,113235.1,SL,-0.002649285002132674,-0.14264928500213267,0.002649285002132674,-1.0,-53.84444666666667,5.999999999999999,5.999999999999999,2.0,taker
2025-09-28 00:00:00+00:00,2025-09-29 00:00:00+00:00,2025-09-29 08:47:00+00:00,prior_high,signal_high,112114.7,109669.7,112287.6,112287.6,TP,0.15421706520198397,0.034217065201984,2.180802339033151,0.07071574642127147,0.01569012678936963,5.999999999999999,5.999999999999999,0.0,taker
2025-09-29 00:00:00+00:00,2025-09-30 00:00:00+00:00,2025-09-30 00:11:00+00:00,prior_high,signal_high,114249.9,112287.6,114357.4,114357.4,TP,0.09409198607613661,-0.025908013923863372,1.7175507374623422,0.0547826530092242,-0.015084278652601616,5.999999999999999,5.999999999999999,0.0,taker
2025-10-01 00:00:00+00:00,2025-10-02 00:00:00+00:00,2025-10-02 00:00:00+00:00,prior_high,signal_high,118548.8,114739.2,118612.9,118612.9,TP,0.054070559971919806,-0.06592944002808018,3.213528943354978,0.016825913481728048,-0.020516211675768743,5.999999999999999,5.999999999999999,0.0,taker
2025-10-02 00:00:00+00:00,2025-10-03 00:00:00+00:00,2025-10-03 15:18:00+00:00,prior_high,signal_high,120464.4,118612.9,120975.4,120975.4,TP,0.424191711410176,0.304191711410176,1.536968598191665,0.27599243856332706,0.19791667296786392,5.999999999999999,5.999999999999999,0.0,taker
2025-10-03 00:00:00+00:00,2025-10-04 00:00:00+00:00,2025-10-04 23:59:00+00:00,prior_high,signal_high,122196.4,120975.4,123869.2,122337.2,next_day_close,0.11522434376135707,-0.004775656238642924,0.9992111060554976,0.1153153153153177,-0.004779426699424293,5.999999999999999,5.999999999999999,0.0,taker
2025-10-05 00:00:00+00:00,2025-10-06 00:00:00+00:00,2025-10-06 18:50:00+00:00,prior_high,signal_high,123434.4,122759.6,125806.5,125806.5,TP,1.9217495284944925,1.8017495284944927,0.5466871471810033,3.5152637818613615,3.295759810314233,5.999999999999999,5.999999999999999,0.0,taker
2025-10-12 00:00:00+00:00,2025-10-13 00:00:00+00:00,2025-10-13 00:20:00+00:00,prior_high,signal_high,114891.4,113288.1,115711.1,115711.1,TP,0.7134563596579132,0.5934563596579132,1.3954917426369498,0.5112580303124914,0.4252668371483918,5.999999999999999,5.999999999999999,0.0,taker
2025-10-19 00:00:00+00:00,2025-10-20 00:00:00+00:00,2025-10-20 00:30:00+00:00,prior_high,signal_high,108579.2,107451.0,109368.0,107451.0,SL,-1.0390572043264246,-1.1790572043264245,1.0390572043264246,-1.0,-1.1347375288069494,5.999999999999999,5.999999999999999,2.0,taker
2025-10-20 00:00:00+00:00,2025-10-21 00:00:00+00:00,2025-10-21 02:26:00+00:00,prior_high,signal_high,110481.3,109368.0,111647.7,109368.0,SL,-1.0076818429906262,-1.1476818429906264,1.0076818429906262,-1.0,-1.1389327405012122,5.999999999999999,5.999999999999999,2.0,taker
2025-10-23 00:00:00+00:00,2025-10-24 00:00:00+00:00,2025-10-24 04:34:00+00:00,prior_high,signal_high,110010.5,109097.1,111218.2,111218.2,TP,1.097804300498586,0.9778043004985861,0.8302843819453544,1.3222027589227117,1.1776739654039894,5.999999999999999,5.999999999999999,0.0,taker
2025-10-26 00:00:00+00:00,2025-10-27 00:00:00+00:00,2025-10-27 05:18:00+00:00,prior_high,signal_high,114502.6,111899.0,115569.9,115569.9,TP,0.9321185719800148,0.8121185719800148,2.2738348299514644,0.4099324012905155,0.3571581195268038,5.999999999999999,5.999999999999999,0.0,taker
2025-11-09 00:00:00+00:00,2025-11-10 00:00:00+00:00,2025-11-10 00:20:00+00:00,prior_high,signal_high,104663.0,103379.8,105422.9,105422.9,TP,0.7260445429616905,0.6060445429616905,1.226030211249436,0.592191396508725,0.49431452618453525,5.999999999999999,5.999999999999999,0.0,taker
2025-11-10 00:00:00+00:00,2025-11-11 00:00:00+00:00,2025-11-11 01:18:00+00:00,prior_high,signal_high,105965.2,105422.9,106632.5,106632.5,TP,0.6297350450902777,0.5097350450902778,0.5117717892289194,1.2304997234003308,0.9960202102157479,5.999999999999999,5.999999999999999,0.0,taker
2025-11-23 00:00:00+00:00,2025-11-24 00:00:00+00:00,2025-11-24 14:44:00+00:00,prior_high,signal_high,86808.3,85565.6,88084.7,85565.6,SL,-1.431545140268842,-1.5715451402688418,1.431545140268842,-1.0,-1.0977964271344656,5.999999999999999,5.999999999999999,2.0,taker
2025-11-24 00:00:00+00:00,2025-11-25 00:00:00+00:00,2025-11-25 00:03:00+00:00,prior_high,signal_high,88244.5,88084.7,89166.9,88084.7,SL,-0.18108777317566863,-0.3210877731756686,0.18108777317566863,-1.0,-1.7731057571964814,5.999999999999999,5.999999999999999,2.0,taker
2025-11-26 00:00:00+00:00,2025-11-27 00:00:00+00:00,2025-11-27 01:04:00+00:00,prior_high,signal_high,90425.1,88454.2,90598.9,90598.9,TP,0.19220327099443446,0.07220327099443445,2.179593940178124,0.0881830635750102,0.03312693693235987,5.999999999999999,5.999999999999999,0.0,taker
2025-11-27 00:00:00+00:00,2025-11-28 00:00:00+00:00,2025-11-28 11:02:00+00:00,prior_high,signal_high,91288.7,90598.9,91900.0,91900.0,TP,0.6696338100991721,0.5496338100991722,0.7556247377824451,0.8861988982313719,0.7273899101188763,5.999999999999999,5.999999999999999,0.0,taker
2025-12-02 00:00:00+00:00,2025-12-03 00:00:00+00:00,2025-12-03 01:50:00+00:00,prior_high,signal_high,91255.0,90398.7,92270.1,92270.1,TP,1.1123774039778707,0.9923774039778707,0.9383595419429104,1.1854490248744627,1.0575662735022804,5.999999999999999,5.999999999999999,0.0,taker
2025-12-03 00:00:00+00:00,2025-12-04 00:00:00+00:00,2025-12-04 14:51:00+00:00,prior_high,signal_high,93384.1,92270.1,94137.5,92270.1,SL,-1.1929225639054184,-1.3329225639054185,1.1929225639054184,-1.0,-1.1173588330341113,5.999999999999999,5.999999999999999,2.0,taker
2025-12-07 00:00:00+00:00,2025-12-08 00:00:00+00:00,2025-12-08 00:00:00+00:00,prior_high,signal_high,90327.3,90240.0,91721.6,90240.0,SL,-0.096648521543324,-0.236648521543324,0.096648521543324,-1.0,-2.4485477663229758,5.999999999999999,5.999999999999999,2.0,taker
2025-12-09 00:00:00+00:00,2025-12-10 00:00:00+00:00,2025-12-10 00:18:00+00:00,prior_high,signal_high,92634.0,92245.1,94558.5,92245.1,SL,-0.41982425459333955,-0.5598242545933395,0.41982425459333955,-1.0,-1.3334728722036564,5.999999999999999,5.999999999999999,2.0,taker
2025-12-21 00:00:00+00:00,2025-12-22 00:00:00+00:00,2025-12-22 00:13:00+00:00,prior_high,signal_high,88616.4,88523.8,89050.0,89050.0,TP,0.4892999489936466,0.3692999489936466,0.10449533043544003,4.682505399568538,3.53412872570234,5.999999999999999,5.999999999999999,0.0,taker
2026-01-02 00:00:00+00:00,2026-01-03 00:00:00+00:00,2026-01-03 23:59:00+00:00,prior_high,signal_high,89958.4,88888.0,90930.0,90592.1,next_day_close,0.7044367174160631,0.5844367174160631,1.1898833238474609,0.5920216741405223,0.4911714499252751,5.999999999999999,5.999999999999999,0.0,taker
2026-01-04 00:00:00+00:00,2026-01-05 00:00:00+00:00,2026-01-05 00:01:00+00:00,prior_high,signal_high,91485.9,90706.5,91777.0,91777.0,TP,0.3181911092310463,0.19819110923104638,0.851934560407663,0.3734924300744265,0.23263654092892894,5.999999999999999,5.999999999999999,0.0,taker
2026-01-05 00:00:00+00:00,2026-01-06 00:00:00+00:00,2026-01-06 17:55:00+00:00,prior_high,signal_high,93828.8,91777.0,94749.0,91777.0,SL,-2.1867486315502305,-2.3267486315502306,2.1867486315502305,-1.0,-1.064021990447412,5.999999999999999,5.999999999999999,2.0,taker
2026-01-11 00:00:00+00:00,2026-01-12 00:00:00+00:00,2026-01-12 00:05:00+00:00,prior_high,signal_high,90949.6,90786.3,91233.9,90786.3,SL,-0.17954999252333478,-0.31954999252333477,0.17954999252333478,-1.0,-1.7797271279852893,5.999999999999999,5.999999999999999,2.0,taker
2026-01-12 00:00:00+00:00,2026-01-13 00:00:00+00:00,2026-01-13 00:00:00+00:00,prior_high,signal_high,91247.7,91233.9,92481.8,91233.9,SL,-0.015123668870561024,-0.155123668870561,0.015123668870561024,-1.0,-10.257013043476306,5.999999999999999,5.999999999999999,2.0,taker
2026-01-13 00:00:00+00:00,2026-01-14 00:00:00+00:00,2026-01-14 14:54:00+00:00,prior_high,signal_high,95375.2,92481.8,96744.9,96744.9,TP,1.4361175651532025,1.3161175651532024,3.0337026816195345,0.4733877099606,0.433832086818276,5.999999999999999,5.999999999999999,0.0,taker
2026-01-14 00:00:00+00:00,2026-01-15 00:00:00+00:00,2026-01-15 00:03:00+00:00,prior_high,signal_high,96908.0,96744.9,97910.0,96744.9,SL,-0.1683039583935339,-0.3083039583935339,0.1683039583935339,-1.0,-1.8318283261802277,5.999999999999999,5.999999999999999,2.0,taker
2026-01-27 00:00:00+00:00,2026-01-28 00:00:00+00:00,2026-01-28 04:17:00+00:00,prior_high,signal_high,89197.7,88828.8,89490.7,88828.8,SL,-0.4135756863685882,-0.5535756863685882,0.4135756863685882,-1.0,-1.3385111954459257,5.999999999999999,5.999999999999999,2.0,taker
2026-02-13 00:00:00+00:00,2026-02-14 00:00:00+00:00,2026-02-14 08:06:00+00:00,prior_high,signal_high,68821.6,68385.0,69448.7,69448.7,TP,0.9111964848245191,0.7911964848245192,0.6343938530926421,1.4363261566651007,1.247169216674265,5.999999999999999,5.999999999999999,0.0,taker
2026-02-14 00:00:00+00:00,2026-02-15 00:00:00+00:00,2026-02-15 01:28:00+00:00,prior_high,signal_high,69795.4,69448.7,70551.1,69448.7,SL,-0.49673760734947736,-0.6367376073494774,0.49673760734947736,-1.0,-1.281838938563602,5.999999999999999,5.999999999999999,2.0,taker
2026-02-20 00:00:00+00:00,2026-02-21 00:00:00+00:00,2026-02-21 14:20:00+00:00,prior_high,signal_high,67979.2,67308.3,68303.3,68303.3,TP,0.47676348059407264,0.35676348059407265,0.986919528326303,0.4830824265911591,0.3614919660158115,5.999999999999999,5.999999999999999,0.0,taker
2026-02-25 00:00:00+00:00,2026-02-26 00:00:00+00:00,2026-02-26 23:59:00+00:00,prior_high,signal_high,67952.5,64981.4,69999.0,67448.1,next_day_close,-0.7422832125381614,-0.8622832125381615,4.372318899231079,-0.16976877250849665,-0.1972141631045722,5.999999999999999,5.999999999999999,0.0,taker
2026-03-02 00:00:00+00:00,2026-03-03 00:00:00+00:00,2026-03-03 02:22:00+00:00,prior_high,signal_high,68801.8,68180.0,70109.0,68180.0,SL,-0.9037554250034198,-1.0437554250034198,0.9037554250034198,-1.0,-1.154909166934705,5.999999999999999,5.999999999999999,2.0,taker
2026-03-04 00:00:00+00:00,2026-03-05 00:00:00+00:00,2026-03-05 23:59:00+00:00,prior_high,signal_high,72641.4,69220.7,74027.5,70848.4,next_day_close,-2.468289432747717,-2.588289432747717,4.709022678527668,-0.5241617212851176,-0.5496447159938029,5.999999999999999,5.999999999999999,0.0,taker
2026-03-09 00:00:00+00:00,2026-03-10 00:00:00+00:00,2026-03-10 02:30:00+00:00,prior_high,signal_high,68392.7,68168.9,69488.5,69488.5,TP,1.6022177805526072,1.4822177805526071,0.3272279059022424,4.896336014298431,4.529619124218006,5.999999999999999,5.999999999999999,0.0,taker
2026-03-10 00:00:00+00:00,2026-03-11 00:00:00+00:00,2026-03-11 03:21:00+00:00,prior_high,signal_high,69901.9,69488.5,71755.1,69488.5,SL,-0.5914002337561558,-0.7314002337561557,0.5914002337561558,-1.0,-1.2367263183357555,5.999999999999999,5.999999999999999,2.0,taker
2026-03-13 00:00:00+00:00,2026-03-14 00:00:00+00:00,2026-03-14 00:02:00+00:00,prior_high,signal_high,70895.5,70754.6,73865.9,70754.6,SL,-0.19874322065574568,-0.33874322065574564,0.19874322065574568,-1.0,-1.7044265436480062,5.999999999999999,5.999999999999999,2.0,taker
2026-03-15 00:00:00+00:00,2026-03-16 00:00:00+00:00,2026-03-16 03:31:00+00:00,prior_high,signal_high,72778.8,71272.3,73180.0,73180.0,TP,0.5512594326919337,0.43125943269193373,2.069970925599213,0.2663126452041135,0.20834081646199606,5.999999999999999,5.999999999999999,0.0,taker
2026-03-16 00:00:00+00:00,2026-03-17 00:00:00+00:00,2026-03-17 00:07:00+00:00,prior_high,signal_high,74846.3,73180.0,74887.3,74887.3,TP,0.054778926947624665,-0.06522107305237532,2.226295755434808,0.024605413190901957,-0.02929578107183575,5.999999999999999,5.999999999999999,0.0,taker
2026-03-23 00:00:00+00:00,2026-03-24 00:00:00+00:00,2026-03-24 14:45:00+00:00,prior_high,signal_high,70866.2,69567.3,71780.2,69567.3,SL,-1.8328907151787373,-1.9728907151787372,1.8328907151787373,-1.0,-1.0763820771421975,5.999999999999999,5.999999999999999,2.0,taker
2026-03-31 00:00:00+00:00,2026-04-01 00:00:00+00:00,2026-04-01 00:01:00+00:00,prior_high,signal_high,68242.2,68155.2,68568.2,68155.2,SL,-0.1274870974265191,-0.2674870974265191,0.1274870974265191,-1.0,-2.098150344827586,5.999999999999999,5.999999999999999,2.0,taker
2026-04-05 00:00:00+00:00,2026-04-06 00:00:00+00:00,2026-04-06 00:00:00+00:00,prior_high,signal_high,69000.7,67540.8,69127.3,69127.3,TP,0.18347639951479597,0.063476399514796,2.115775637058746,0.08671826837455054,0.030001479553398193,5.999999999999999,5.999999999999999,0.0,taker
2026-04-07 00:00:00+00:00,2026-04-08 00:00:00+00:00,2026-04-08 13:13:00+00:00,prior_high,signal_high,71895.8,70318.4,72763.8,72763.8,TP,1.2073027909836178,1.087302790983618,2.194008551264481,0.5502726004818024,0.4955781919614528,5.999999999999999,5.999999999999999,0.0,taker
2026-04-13 00:00:00+00:00,2026-04-14 00:00:00+00:00,2026-04-14 07:09:00+00:00,prior_high,signal_high,74379.8,73099.8,74862.1,74862.1,TP,0.6484287400611496,0.5284287400611496,1.7208973404069385,0.37679687500000225,0.3070658125000023,5.999999999999999,5.999999999999999,0.0,taker
2026-04-17 00:00:00+00:00,2026-04-18 00:00:00+00:00,2026-04-18 18:32:00+00:00,prior_high,signal_high,77027.6,75519.9,78291.9,75519.9,SL,-1.9573503523412539,-2.0973503523412536,1.9573503523412539,-1.0,-1.0715252636466135,5.999999999999999,5.999999999999999,2.0,taker
2026-04-22 00:00:00+00:00,2026-04-23 00:00:00+00:00,2026-04-23 23:59:00+00:00,prior_high,signal_high,78141.9,76874.3,79435.7,78214.0,next_day_close,0.09226804057746975,-0.027731959422530247,1.6221770906517392,0.05687914168507914,-0.01709551909119147,5.999999999999999,5.999999999999999,0.0,taker
2026-04-26 00:00:00+00:00,2026-04-27 00:00:00+00:00,2026-04-27 00:54:00+00:00,prior_high,signal_high,78616.7,77860.2,78918.4,78918.4,TP,0.3837607022426496,0.26376070224264964,0.9622637429452012,0.39881031064110656,0.2741043754130828,5.999999999999999,5.999999999999999,0.0,taker
2026-05-01 00:00:00+00:00,2026-05-02 00:00:00+00:00,2026-05-02 21:37:00+00:00,prior_high,signal_high,78192.4,76624.4,78937.2,78937.2,TP,0.9525222400130997,0.8325222400130998,2.005309978974939,0.4750000000000019,0.4151588775510223,5.999999999999999,5.999999999999999,0.0,taker
2026-05-04 00:00:00+00:00,2026-05-05 00:00:00+00:00,2026-05-05 02:39:00+00:00,prior_high,signal_high,79822.6,79426.2,80739.9,80739.9,TP,1.1491732917744952,1.0291732917744953,0.4966012131902603,2.3140766902118264,2.072434106962589,5.999999999999999,5.999999999999999,0.0,taker
2026-05-05 00:00:00+00:00,2026-05-06 00:00:00+00:00,2026-05-06 00:49:00+00:00,prior_high,signal_high,80862.9,80739.9,81748.2,80739.9,SL,-0.1521093109448214,-0.2921093109448214,0.1521093109448214,-1.0,-1.920390731707317,5.999999999999999,5.999999999999999,2.0,taker
2026-05-09 00:00:00+00:00,2026-05-10 00:00:00+00:00,2026-05-10 15:04:00+00:00,prior_high,signal_high,80631.4,80475.3,81063.0,81063.0,TP,0.5352753393839197,0.41527533938391975,0.19359703539810952,2.7648942985267775,2.145050096092406,5.999999999999999,5.999999999999999,0.0,taker
2026-05-10 00:00:00+00:00,2026-05-11 00:00:00+00:00,2026-05-11 03:01:00+00:00,prior_high,signal_high,82180.5,81063.0,82449.9,81063.0,SL,-1.3598116341467867,-1.4998116341467866,1.3598116341467867,-1.0,-1.1029554362416107,5.999999999999999,5.999999999999999,2.0,taker
2026-05-20 00:00:00+00:00,2026-05-21 00:00:00+00:00,2026-05-21 00:46:00+00:00,prior_high,signal_high,77513.5,77397.7,77827.2,77827.2,TP,0.4047036967753967,0.2847036967753967,0.14939333148419684,2.7089810017270226,1.9057322970638306,5.999999999999999,5.999999999999999,0.0,taker
2026-06-07 00:00:00+00:00,2026-06-08 00:00:00+00:00,2026-06-08 23:59:00+00:00,prior_high,signal_high,63302.4,61532.9,64274.5,63058.6,next_day_close,-0.38513547669599085,-0.5051354766959908,2.7953126579718934,-0.13777903362531954,-0.18070804181972472,5.999999999999999,5.999999999999999,0.0,taker
2026-06-11 00:00:00+00:00,2026-06-12 00:00:00+00:00,2026-06-12 06:38:00+00:00,prior_high,signal_high,63598.3,62832.4,63899.6,62832.4,SL,-1.2042774728255337,-1.3442774728255338,1.2042774728255337,-1.0,-1.1162522783653217,5.999999999999999,5.999999999999999,2.0,taker
2026-06-13 00:00:00+00:00,2026-06-14 00:00:00+00:00,2026-06-14 00:01:00+00:00,prior_high,signal_high,64417.8,64364.8,64735.7,64364.8,SL,-0.08227539593093834,-0.22227539593093834,0.08227539593093834,-1.0,-2.701602264150943,5.999999999999999,5.999999999999999,2.0,taker
2026-06-14 00:00:00+00:00,2026-06-15 00:00:00+00:00,2026-06-15 00:07:00+00:00,prior_high,signal_high,65703.2,64735.7,65772.9,65772.9,TP,0.10608311315125761,-0.013916886848742375,1.4725310182761266,0.07204134366924764,-0.00945099741602367,5.999999999999999,5.999999999999999,0.0,taker
2026-06-15 00:00:00+00:00,2026-06-16 00:00:00+00:00,2026-06-16 02:28:00+00:00,prior_high,signal_high,66286.8,65772.9,67266.0,65772.9,SL,-0.7752674740672483,-0.9152674740672483,0.7752674740672483,-1.0,-1.1805828371278428,5.999999999999999,5.999999999999999,2.0,taker
2026-06-20 00:00:00+00:00,2026-06-21 00:00:00+00:00,2026-06-21 03:22:00+00:00,prior_high,signal_high,64268.2,63644.0,64360.0,64360.0,TP,0.14283891566902904,0.022838915669029035,0.9712423873704212,0.14706824735662183,0.023515155398915393,5.999999999999999,5.999999999999999,0.0,taker
2026-07-02 00:00:00+00:00,2026-07-03 00:00:00+00:00,2026-07-03 00:19:00+00:00,prior_high,signal_high,61538.5,61323.3,62181.4,61323.3,SL,-0.3496997814376319,-0.4896997814376318,0.3496997814376319,-1.0,-1.400343401486994,5.999999999999999,5.999999999999999,2.0,taker
2026-07-03 00:00:00+00:00,2026-07-04 00:00:00+00:00,2026-07-04 15:10:00+00:00,prior_high,signal_high,62562.3,62181.4,62962.5,62962.5,TP,0.6396823646189431,0.5196823646189431,0.60883311515082,1.0506694670517078,0.8535711210291306,5.999999999999999,5.999999999999999,0.0,taker
2026-07-04 00:00:00+00:00,2026-07-05 00:00:00+00:00,2026-07-05 00:22:00+00:00,prior_high,signal_high,63114.4,62962.5,63448.1,62962.5,SL,-0.24067407754807374,-0.3806740775480737,0.24067407754807374,-1.0,-1.5816995391705013,5.999999999999999,5.999999999999999,2.0,taker
2026-07-05 00:00:00+00:00,2026-07-06 00:00:00+00:00,2026-07-06 00:24:00+00:00,prior_high,signal_high,63616.3,63448.1,63990.7,63448.1,SL,-0.2643976465151296,-0.40439764651512955,0.2643976465151296,-1.0,-1.5295054696789399,5.999999999999999,5.999999999999999,2.0,taker
2026-07-06 00:00:00+00:00,2026-07-07 00:00:00+00:00,2026-07-07 00:02:00+00:00,prior_high,signal_high,64023.2,63990.7,64692.5,63990.7,SL,-0.05076284846743056,-0.19076284846743055,0.05076284846743056,-1.0,-3.7579224615384614,5.999999999999999,5.999999999999999,2.0,taker
2026-07-10 00:00:00+00:00,2026-07-11 00:00:00+00:00,2026-07-11 23:59:00+00:00,prior_high,signal_high,64132.5,63479.7,64679.8,63782.6,next_day_close,-0.5455892098390074,-0.6655892098390074,1.0178926441351934,-0.5359987745098037,-0.6538893995098032,5.999999999999999,5.999999999999999,0.0,taker
2026-07-14 00:00:00+00:00,2026-07-15 00:00:00+00:00,2026-07-15 06:33:00+00:00,prior_high,signal_high,65013.8,64400.0,65106.8,65106.8,TP,0.14304655319332202,0.023046553193322036,0.9441072510759297,0.1515151515151508,0.024410948191593243,5.999999999999999,5.999999999999999,0.0,taker
2026-07-18 00:00:00+00:00,2026-07-19 00:00:00+00:00,2026-07-19 00:26:00+00:00,prior_high,signal_high,64806.1,64359.7,64849.7,64849.7,TP,0.06727761738478098,-0.05272238261521901,0.6888240458845718,0.09767025089605376,-0.07653969534050478,5.999999999999999,5.999999999999999,0.0,taker
2026-07-20 00:00:00+00:00,2026-07-21 00:00:00+00:00,2026-07-21 05:48:00+00:00,prior_high,signal_high,65224.0,64947.9,65781.7,65781.7,TP,0.8550533545933967,0.7350533545933967,0.4233104378756264,2.0199203187250996,1.7364404201376298,5.999999999999999,5.999999999999999,0.0,taker
2026-07-21 00:00:00+00:00,2026-07-22 00:00:00+00:00,2026-07-22 06:26:00+00:00,prior_high,signal_high,66522.4,65781.7,66962.6,65781.7,SL,-1.113459526415158,-1.2534595264151582,1.113459526415158,-1.0,-1.1257342513838267,5.999999999999999,5.999999999999999,2.0,taker
2026-07-26 00:00:00+00:00,2026-07-27 00:00:00+00:00,2026-07-27 06:06:00+00:00,prior_high,signal_high,65375.7,64429.4,65564.8,65564.8,TP,0.2892512049584262,0.16925120495842622,1.4474797210584294,0.199830920426933,0.11692820458629015,5.999999999999999,5.999999999999999,0.0,taker
2026-07-30 00:00:00+00:00,2026-07-31 00:00:00+00:00,2026-07-31 00:27:00+00:00,prior_high,signal_high,64750.9,64712.3,65154.3,64712.3,SL,-0.059613071015226886,-0.19961307101522685,0.059613071015226886,-1.0,-3.348478238342057,5.999999999999999,5.999999999999999,2.0,taker
2026-08-02 00:00:00+00:00,2026-08-03 00:00:00+00:00,2026-08-03 01:21:00+00:00,prior_high,signal_high,63548.8,63128.9,63782.7,63128.9,SL,-0.6607520519663651,-0.8007520519663651,0.6607520519663651,-1.0,-1.2118797809002138,5.999999999999999,5.999999999999999,2.0,taker
2026-08-04 00:00:00+00:00,2026-08-05 00:00:00+00:00,2026-08-05 00:00:00+00:00,prior_high,signal_high,64075.9,64067.6,64512.9,64067.6,SL,-0.012953388091315002,-0.152953388091315,0.012953388091315002,-1.0,-11.807983132526331,5.999999999999999,5.999999999999999,2.0,taker
2026-08-05 00:00:00+00:00,2026-08-06 00:00:00+00:00,2026-08-06 01:21:00+00:00,prior_high,signal_high,64632.0,64512.9,65001.0,64512.9,SL,-0.18427404381730186,-0.32427404381730185,0.18427404381730186,-1.0,-1.759738035264493,5.999999999999999,5.999999999999999,2.0,taker
2026-08-17 00:00:00+00:00,2026-08-18 00:00:00+00:00,2026-08-18 14:23:00+00:00,prior_high,signal_high,64502.5,63368.5,64595.4,64595.4,TP,0.1440254253711119,0.0240254253711119,1.7580713925816827,0.08192239858906654,0.013665784832452784,5.999999999999999,5.999999999999999,0.0,taker
2026-08-18 00:00:00+00:00,2026-08-19 00:00:00+00:00,2026-08-19 00:05:00+00:00,prior_high,signal_high,64694.6,64595.4,65026.5,64595.4,SL,-0.15333582710148466,-0.29333582710148465,0.15333582710148466,-1.0,-1.9130286290322849,5.999999999999999,5.999999999999999,2.0,taker
2026-08-19 00:00:00+00:00,2026-08-20 00:00:00+00:00,2026-08-20 08:07:00+00:00,prior_high,signal_high,69308.8,65026.5,70043.4,70043.4,TP,1.0598942702802403,0.9398942702802403,6.17858049771458,0.17154332951918144,0.1521213927095231,5.999999999999999,5.999999999999999,0.0,taker
2026-08-20 00:00:00+00:00,2026-08-21 00:00:00+00:00,2026-08-21 00:13:00+00:00,prior_high,signal_high,72997.3,70043.4,73367.2,73367.2,TP,0.5067310708752162,0.3867310708752162,4.046588024488589,0.1252242797657311,0.09556966721960573,5.999999999999999,5.999999999999999,0.0,taker
2026-08-21 00:00:00+00:00,2026-08-22 00:00:00+00:00,2026-08-22 23:59:00+00:00,prior_high,signal_high,78309.5,73367.2,79357.9,77082.4,next_day_close,-1.5669874025501451,-1.6869874025501452,6.311239377087075,-0.2482852113388514,-0.26729890941464607,5.999999999999999,5.999999999999999,0.0,taker
2026-08-24 00:00:00+00:00,2026-08-25 00:00:00+00:00,2026-08-25 02:17:00+00:00,prior_high,signal_high,78953.2,78044.1,79981.4,79981.4,TP,1.3022904708105525,1.1822904708105526,1.1514416135128043,1.1310086899131087,1.026791508084926,5.999999999999999,5.999999999999999,0.0,taker
2026-08-27 00:00:00+00:00,2026-08-28 00:00:00+00:00,2026-08-28 01:11:00+00:00,prior_high,signal_high,80209.1,79211.4,80821.7,80821.7,TP,0.7637537386655519,0.643753738665552,1.2438738247904684,0.6140122281246708,0.5175394206675205,5.999999999999999,5.999999999999999,0.0,taker
2026-09-03 00:00:00+00:00,2026-09-04 00:00:00+00:00,2026-09-04 23:59:00+00:00,prior_high,signal_high,81229.2,77763.5,82202.6,79617.6,next_day_close,-1.9840156003013587,-2.104015600301359,4.266569164783104,-0.46501428282886353,-0.49313992555616254,5.999999999999999,5.999999999999999,0.0,taker
2026-09-06 00:00:00+00:00,2026-09-07 00:00:00+00:00,2026-09-07 00:17:00+00:00,prior_high,signal_high,80300.6,80179.8,80513.4,80179.8,SL,-0.15043474145897154,-0.2904347414589715,0.15043474145897154,-1.0,-1.9306360927152093,5.999999999999999,5.999999999999999,2.0,taker
2026-09-14 00:00:00+00:00,2026-09-15 00:00:00+00:00,2026-09-15 05:10:00+00:00,prior_high,signal_high,78155.4,77421.0,79572.4,77421.0,SL,-0.9396663570271462,-1.079666357027146,0.9396663570271462,-1.0,-1.148989052287583,5.999999999999999,5.999999999999999,2.0,taker
2026-09-18 00:00:00+00:00,2026-09-19 00:00:00+00:00,2026-09-19 00:53:00+00:00,prior_high,signal_high,80863.8,77143.5,81378.0,81378.0,TP,0.6358840420558978,0.5158840420558978,4.6006989530543985,0.1382146601080549,0.11213166680106355,5.999999999999999,5.999999999999999,0.0,taker
2026-09-21 00:00:00+00:00,2026-09-22 00:00:00+00:00,2026-09-22 23:59:00+00:00,prior_high,signal_high,86578.9,81450.1,87374.2,86159.7,next_day_close,-0.4841826357230193,-0.6041826357230192,5.923845186298266,-0.0817345187958193,-0.10199163157073746,5.999999999999999,5.999999999999999,0.0,taker
2024-10-04 00:00:00+00:00,2024-10-05 00:00:00+00:00,2024-10-05 23:59:00+00:00,prior_high,signal_high,62070.0,61414.6,62478.3,62042.5,next_day_close,-0.04430481714193652,-0.1643048171419365,1.0559046238118277,-0.04195910894110457,-0.15560573695453123,5.999999999999999,5.999999999999999,0.0,maker_target
2024-10-06 00:00:00+00:00,2024-10-07 00:00:00+00:00,2024-10-07 00:22:00+00:00,prior_high,signal_high,62817.9,62357.0,62972.6,62972.6,TP,0.24626738557003194,0.16626738557003196,0.7337080672865559,0.33564764591016844,0.22661245389454715,5.999999999999999,2.0,0.0,maker_target
2024-10-11 00:00:00+00:00,2024-10-12 00:00:00+00:00,2024-10-12 15:13:00+00:00,prior_high,signal_high,62570.0,61221.4,63459.5,63459.5,TP,1.4216077992648233,1.3416077992648232,2.155346012466036,0.659572890404865,0.6224558801720308,5.999999999999999,2.0,0.0,maker_target
2024-10-14 00:00:00+00:00,2024-10-15 00:00:00+00:00,2024-10-15 13:45:00+00:00,prior_high,signal_high,66143.8,63327.4,66580.0,66580.0,TP,0.6594722407844682,0.5794722407844682,4.257995458380077,0.15487856838517144,0.13609038488850905,5.999999999999999,2.0,0.0,maker_target
2024-10-15 00:00:00+00:00,2024-10-16 00:00:00+00:00,2024-10-16 11:26:00+00:00,prior_high,signal_high,67062.6,66580.0,68006.9,68006.9,TP,1.4080873691148097,1.3280873691148096,0.7196261403524554,1.956692913385779,1.8455240779112672,5.999999999999999,2.0,0.0,maker_target
2024-10-18 00:00:00+00:00,2024-10-19 00:00:00+00:00,2024-10-19 23:59:00+00:00,prior_high,signal_high,68419.5,67961.3,69087.1,68359.0,next_day_close,-0.08842508349227925,-0.20842508349227926,0.6696921199365635,-0.1320384111741606,-0.31122522915757506,5.999999999999999,5.999999999999999,0.0,maker_target
2024-10-20 00:00:00+00:00,2024-10-21 00:00:00+00:00,2024-10-21 00:23:00+00:00,prior_high,signal_high,69036.6,68717.1,69472.8,69472.8,TP,0.6318387637861613,0.5518387637861614,0.46279799410747335,1.3652582159624322,1.192396619718301,5.999999999999999,2.0,0.0,maker_target
2024-10-24 00:00:00+00:00,2024-10-25 00:00:00+00:00,2024-10-25 07:14:00+00:00,prior_high,signal_high,68163.0,67388.1,68837.2,67388.1,SL,-1.1368337661194403,-1.2768337661194404,1.1368337661194403,-1.0,-1.1231490514905158,5.999999999999999,5.999999999999999,2.0,maker_target
2024-10-27 00:00:00+00:00,2024-10-28 00:00:00+00:00,2024-10-28 07:12:00+00:00,prior_high,signal_high,67989.7,67415.7,68301.9,68301.9,TP,0.4591872004141761,0.3791872004141761,0.8442455254251748,0.5439024390243851,0.4491432752613189,5.999999999999999,2.0,0.0,maker_target
2024-10-28 00:00:00+00:00,2024-10-29 00:00:00+00:00,2024-10-29 01:55:00+00:00,prior_high,signal_high,69993.5,68301.9,70373.2,70373.2,TP,0.5424789444734113,0.4624789444734113,2.4167958453285032,0.2244620477654267,0.19136036888152994,5.999999999999999,2.0,0.0,maker_target
2024-10-29 00:00:00+00:00,2024-10-30 00:00:00+00:00,2024-10-30 23:59:00+00:00,prior_high,signal_high,72756.6,70373.2,73723.7,72359.2,next_day_close,-0.5462047429374225,-0.6662047429374225,3.2758540118697255,-0.16673659478056863,-0.203368263824791,5.999999999999999,5.999999999999999,0.0,maker_target
2024-11-06 00:00:00+00:00,2024-11-07 00:00:00+00:00,2024-11-07 17:56:00+00:00,prior_high,signal_high,75608.7,70552.5,76449.8,76449.8,TP,1.112438118893733,1.0324381188937328,6.687325664903638,0.16635022348799616,0.15438729480637756,5.999999999999999,2.0,0.0,maker_target
2024-11-10 00:00:00+00:00,2024-11-11 00:00:00+00:00,2024-11-11 01:53:00+00:00,prior_high,signal_high,80358.7,76891.9,81661.5,81661.5,TP,1.6212308063719336,1.5412308063719338,4.314156401235962,0.3757932387215882,0.35724963655244085,5.999999999999999,2.0,0.0,maker_target
2024-11-11 00:00:00+00:00,2024-11-12 00:00:00+00:00,2024-11-12 06:45:00+00:00,prior_high,signal_high,88710.3,81661.5,89785.0,89785.0,TP,1.2114714976727585,1.1314714976727585,7.945864234480103,0.15246566791510563,0.1423975371694468,5.999999999999999,2.0,0.0,maker_target
2024-11-13 00:00:00+00:00,2024-11-14 00:00:00+00:00,2024-11-14 00:16:00+00:00,prior_high,signal_high,90337.7,90015.4,93459.8,90015.4,SL,-0.3567724217021276,-0.49677242170212754,0.3567724217021276,-1.0,-1.3924070121005239,5.999999999999999,5.999999999999999,2.0,maker_target
2024-11-20 00:00:00+00:00,2024-11-21 00:00:00+00:00,2024-11-21 00:41:00+00:00,prior_high,signal_high,94341.8,94062.8,94976.5,94976.5,TP,0.6727664725498105,0.5927664725498105,0.295733174478333,2.274910394265223,2.0043962724014235,5.999999999999999,2.0,0.0,maker_target
2024-11-21 00:00:00+00:00,2024-11-22 00:00:00+00:00,2024-11-22 03:15:00+00:00,prior_high,signal_high,98398.0,94976.5,99124.9,99124.9,TP,0.7387345271245291,0.6587345271245292,3.477204821236204,0.21245067952652175,0.18944369428613014,5.999999999999999,2.0,0.0,maker_target
2024-11-27 00:00:00+00:00,2024-11-28 00:00:00+00:00,2024-11-28 03:32:00+00:00,prior_high,signal_high,95873.2,94972.6,97254.8,94972.6,SL,-0.9393657455889564,-1.0793657455889565,0.9393657455889564,-1.0,-1.1490367310681782,5.999999999999999,5.999999999999999,2.0,maker_target
2024-11-29 00:00:00+00:00,2024-11-30 00:00:00+00:00,2024-11-30 01:46:00+00:00,prior_high,signal_high,97510.3,96592.9,98738.5,96592.9,SL,-0.9408236873438074,-1.0808236873438075,0.9408236873438074,-1.0,-1.1488057771964233,5.999999999999999,5.999999999999999,2.0,maker_target
2024-12-04 00:00:00+00:00,2024-12-05 00:00:00+00:00,2024-12-05 02:29:00+00:00,prior_high,signal_high,98675.9,96371.9,99073.5,99073.5,TP,0.40293526585519446,0.3229352658551945,2.3349166311125615,0.17256944444444697,0.1383069791666692,5.999999999999999,2.0,0.0,maker_target
2024-12-08 00:00:00+00:00,2024-12-09 00:00:00+00:00,2024-12-09 00:16:00+00:00,prior_high,signal_high,101177.6,100498.0,101447.7,100498.0,SL,-0.6716901764817566,-0.8116901764817566,0.6716901764817566,-1.0,-1.2084294290759252,5.999999999999999,5.999999999999999,2.0,maker_target
2024-12-11 00:00:00+00:00,2024-12-12 00:00:00+00:00,2024-12-12 16:00:00+00:00,prior_high,signal_high,101118.5,98297.1,101895.7,101895.7,TP,0.7686031735043509,0.688603173504351,2.790191705770946,0.2754660806691709,0.2467942156376262,5.999999999999999,2.0,0.0,maker_target
2024-12-15 00:00:00+00:00,2024-12-16 00:00:00+00:00,2024-12-16 00:30:00+00:00,prior_high,signal_high,104497.1,102659.2,105379.9,105379.9,TP,0.8448081334314428,0.7648081334314428,1.7588047897980026,0.4803308123401622,0.43484537787691635,5.999999999999999,2.0,0.0,maker_target
2024-12-16 00:00:00+00:00,2024-12-17 00:00:00+00:00,2024-12-17 14:31:00+00:00,prior_high,signal_high,106052.6,105379.9,107829.0,107829.0,TP,1.6750178684916672,1.5950178684916674,0.6343078811834991,2.6407016500668403,2.5145799316187976,5.999999999999999,2.0,0.0,maker_target
2024-12-24 00:00:00+00:00,2024-12-25 00:00:00+00:00,2024-12-25 21:04:00+00:00,prior_high,signal_high,98658.2,96476.7,99477.5,99477.5,TP,0.8304428825987125,0.7504428825987125,2.21116947197496,0.37556727022690944,0.33938732065092964,5.999999999999999,2.0,0.0,maker_target
2025-01-02 00:00:00+00:00,2025-01-03 00:00:00+00:00,2025-01-03 16:22:00+00:00,prior_high,signal_high,96982.0,95129.3,97823.2,97823.2,TP,0.8673774514858398,0.7873774514858397,1.9103544987729653,0.45404004965725614,0.4121630053435517,5.999999999999999,2.0,0.0,maker_target
2025-01-03 00:00:00+00:00,2025-01-04 00:00:00+00:00,2025-01-04 01:11:00+00:00,prior_high,signal_high,98165.1,97823.2,98963.6,97823.2,SL,-0.34829078766283406,-0.488290787662834,0.34829078766283406,-1.0,-1.4019629716291209,5.999999999999999,5.999999999999999,2.0,maker_target
2025-01-06 00:00:00+00:00,2025-01-07 00:00:00+00:00,2025-01-07 00:35:00+00:00,prior_high,signal_high,102214.8,98845.1,102494.7,102494.7,TP,0.273835100200748,0.193835100200748,3.296685020173201,0.08306377422322296,0.05879697302430316,5.999999999999999,2.0,0.0,maker_target
2025-01-14 00:00:00+00:00,2025-01-15 00:00:00+00:00,2025-01-15 01:55:00+00:00,prior_high,signal_high,96508.4,95882.2,97393.7,97393.7,TP,0.9173294759834407,0.8373294759834407,0.6488554364179668,1.4137655701054088,1.2904715426381452,5.999999999999999,2.0,0.0,maker_target
2025-01-15 00:00:00+00:00,2025-01-16 00:00:00+00:00,2025-01-16 00:01:00+00:00,prior_high,signal_high,100500.6,97393.7,100700.5,100700.5,TP,0.19890428514854058,0.1189042851485406,3.0914243298050046,0.06434066110914212,0.03846262190607804,5.999999999999999,2.0,0.0,maker_target
2025-01-17 00:00:00+00:00,2025-01-18 00:00:00+00:00,2025-01-18 23:59:00+00:00,prior_high,signal_high,104070.1,100893.1,105823.6,104529.0,next_day_close,0.44095278086596834,0.32095278086596835,3.0527500213798198,0.1444444444444426,0.1051356248032717,5.999999999999999,5.999999999999999,0.0,maker_target
2025-02-10 00:00:00+00:00,2025-02-11 00:00:00+00:00,2025-02-11 05:55:00+00:00,prior_high,signal_high,97355.3,97256.0,98318.7,98318.7,TP,0.9895711892418739,0.9095711892418739,0.1019975286399435,9.70191339375595,8.917580664652247,5.999999999999999,2.0,0.0,maker_target
2025-02-20 00:00:00+00:00,2025-02-21 00:00:00+00:00,2025-02-21 09:18:00+00:00,prior_high,signal_high,98317.9,96827.5,98719.6,98719.6,TP,0.4085725996995579,0.32857259969955793,1.5158989360024921,0.2695249597423599,0.21675099302201617,5.999999999999999,2.0,0.0,maker_target
2025-03-01 00:00:00+00:00,2025-03-02 00:00:00+00:00,2025-03-02 06:49:00+00:00,prior_high,signal_high,85990.3,85066.7,86507.4,86507.4,TP,0.6013468961033875,0.5213468961033876,1.074074633999423,0.5598744045041013,0.485391684711984,5.999999999999999,2.0,0.0,maker_target
2025-03-02 00:00:00+00:00,2025-03-03 00:00:00+00:00,2025-03-03 19:18:00+00:00,prior_high,signal_high,94227.0,86507.4,94981.7,86507.4,SL,-8.192556273679525,-8.332556273679524,8.192556273679525,-1.0,-1.017088683351469,5.999999999999999,5.999999999999999,2.0,maker_target
2025-03-05 00:00:00+00:00,2025-03-06 00:00:00+00:00,2025-03-06 01:46:00+00:00,prior_high,signal_high,90576.0,88891.9,91012.9,91012.9,TP,0.4823573573573509,0.40235735735735095,1.859322557851976,0.2594263998574863,0.21639997624843713,5.999999999999999,2.0,0.0,maker_target
2025-03-12 00:00:00+00:00,2025-03-13 00:00:00+00:00,2025-03-13 00:01:00+00:00,prior_high,signal_high,83625.2,83565.9,84442.0,83565.9,SL,-0.07091163907530613,-0.21091163907530613,0.07091163907530613,-1.0,-2.974288026981353,5.999999999999999,5.999999999999999,2.0,maker_target
2025-03-19 00:00:00+00:00,2025-03-20 00:00:00+00:00,2025-03-20 00:02:00+00:00,prior_high,signal_high,86853.7,83981.6,87044.8,87044.8,TP,0.22002516876080794,0.14002516876080792,3.3068251554049986,0.06653668047770148,0.04234429163330184,5.999999999999999,2.0,0.0,maker_target
2025-03-23 00:00:00+00:00,2025-03-24 00:00:00+00:00,2025-03-24 00:20:00+00:00,prior_high,signal_high,86084.1,84525.6,86150.3,86150.3,TP,0.07690154163195885,-0.0030984583680411498,1.8104388615319205,0.042476740455564384,-0.0017114404876502481,5.999999999999999,2.0,0.0,maker_target
2025-03-24 00:00:00+00:00,2025-03-25 00:00:00+00:00,2025-03-25 23:59:00+00:00,prior_high,signal_high,87531.1,86150.3,88825.1,87425.7,next_day_close,-0.12041434415882896,-0.24041434415882895,1.5774964555455178,-0.07633256083430513,-0.15240246234067809,5.999999999999999,5.999999999999999,0.0,maker_target
2025-04-01 00:00:00+00:00,2025-04-02 00:00:00+00:00,2025-04-02 06:11:00+00:00,prior_high,signal_high,85136.8,83905.1,85560.0,83905.1,SL,-1.4467304385412618,-1.5867304385412617,1.4467304385412618,-1.0,-1.0967699277421452,5.999999999999999,5.999999999999999,2.0,maker_target
2025-04-09 00:00:00+00:00,2025-04-10 00:00:00+00:00,2025-04-10 13:43:00+00:00,prior_high,signal_high,82617.6,80828.6,83591.0,80828.6,SL,-2.165398171818111,-2.305398171818111,2.165398171818111,-1.0,-1.0646532364449413,5.999999999999999,5.999999999999999,2.0,maker_target
2025-04-11 00:00:00+00:00,2025-04-12 00:00:00+00:00,2025-04-12 13:43:00+00:00,prior_high,signal_high,83380.2,82765.5,84278.6,84278.6,TP,1.0774740286063222,0.9974740286063223,0.7372253844437854,1.4615259476167448,1.3530109646982473,5.999999999999999,2.0,0.0,maker_target
2025-04-12 00:00:00+00:00,2025-04-13 00:00:00+00:00,2025-04-13 01:30:00+00:00,prior_high,signal_high,85271.7,84278.6,85900.0,85900.0,TP,0.7368212431557046,0.6568212431557047,1.1646302348844826,0.6326653911992836,0.5639740610210532,5.999999999999999,2.0,0.0,maker_target
2025-04-21 00:00:00+00:00,2025-04-22 00:00:00+00:00,2025-04-22 01:19:00+00:00,prior_high,signal_high,87534.9,85285.1,88500.0,88500.0,TP,1.1025316759372616,1.0225316759372616,2.570174867395734,0.42897146413014975,0.39784517734910235,5.999999999999999,2.0,0.0,maker_target
2025-04-22 00:00:00+00:00,2025-04-23 00:00:00+00:00,2025-04-23 07:58:00+00:00,prior_high,signal_high,93495.1,88500.0,94126.5,94126.5,TP,0.6753295092470024,0.5953295092470025,5.342632929426254,0.126403875798281,0.11142998538567668,5.999999999999999,2.0,0.0,maker_target
2025-04-25 00:00:00+00:00,2025-04-26 00:00:00+00:00,2025-04-26 11:52:00+00:00,prior_high,signal_high,94659.4,94018.9,95812.2,94018.9,SL,-0.676636446037055,-0.816636446037055,0.676636446037055,-1.0,-1.2069057923497266,5.999999999999999,5.999999999999999,2.0,maker_target
2025-05-01 00:00:00+00:00,2025-05-02 00:00:00+00:00,2025-05-02 14:35:00+00:00,prior_high,signal_high,96483.4,95200.0,97433.9,97433.9,TP,0.9851435583737722,0.9051435583737721,1.3301770045417078,0.7406108773570238,0.6804685055321833,5.999999999999999,2.0,0.0,maker_target
2025-05-06 00:00:00+00:00,2025-05-07 00:00:00+00:00,2025-05-07 00:00:00+00:00,prior_high,signal_high,96828.6,95176.4,96874.0,96874.0,TP,0.046886973476838636,-0.03311302652316136,1.7063140435780457,0.02747851349715159,-0.019406173586736228,5.999999999999999,2.0,0.0,maker_target
2025-05-07 00:00:00+00:00,2025-05-08 00:00:00+00:00,2025-05-08 00:37:00+00:00,prior_high,signal_high,97011.3,96874.0,97745.5,96874.0,SL,-0.141529904248271,-0.281529904248271,0.141529904248271,-1.0,-1.9891902403495785,5.999999999999999,5.999999999999999,2.0,maker_target
2025-05-08 00:00:00+00:00,2025-05-09 00:00:00+00:00,2025-05-09 07:49:00+00:00,prior_high,signal_high,103258.7,97745.5,104263.3,104263.3,TP,0.9728962305355441,0.8928962305355441,5.339211127004308,0.18221722411666663,0.1672337372125093,5.999999999999999,2.0,0.0,maker_target
2025-05-10 00:00:00+00:00,2025-05-11 00:00:00+00:00,2025-05-11 00:17:00+00:00,prior_high,signal_high,104756.6,104340.3,104965.3,104340.3,SL,-0.3973973954863015,-0.5373973954863014,0.3973973954863015,-1.0,-1.3522921931299519,5.999999999999999,5.999999999999999,2.0,maker_target
2025-05-18 00:00:00+00:00,2025-05-19 00:00:00+00:00,2025-05-19 00:05:00+00:00,prior_high,signal_high,106382.9,103640.7,106635.1,106635.1,TP,0.23706817543046077,0.15706817543046078,2.577669907475729,0.09196995113413023,0.06093416964481505,5.999999999999999,2.0,0.0,maker_target
2025-05-21 00:00:00+00:00,2025-05-22 00:00:00+00:00,2025-05-22 02:33:00+00:00,prior_high,signal_high,109621.3,107273.2,110757.1,110757.1,TP,1.0361125073320632,0.9561125073320631,2.142010722368742,0.483710233806056,0.44636214811975655,5.999999999999999,2.0,0.0,maker_target
2025-05-22 00:00:00+00:00,2025-05-23 00:00:00+00:00,2025-05-23 04:25:00+00:00,prior_high,signal_high,111666.9,110757.1,111968.0,110757.1,SL,-0.8147445662053736,-0.9547445662053736,0.8147445662053736,-1.0,-1.1718329962629173,5.999999999999999,5.999999999999999,2.0,maker_target
2025-05-26 00:00:00+00:00,2025-05-27 00:00:00+00:00,2025-05-27 00:36:00+00:00,prior_high,signal_high,109392.6,109244.3,110406.9,109244.3,SL,-0.13556675680073688,-0.2755667568007369,0.13556675680073688,-1.0,-2.032701550910297,5.999999999999999,5.999999999999999,2.0,maker_target
2025-06-01 00:00:00+00:00,2025-06-02 00:00:00+00:00,2025-06-02 03:12:00+00:00,prior_high,signal_high,105576.7,104818.5,105771.9,104818.5,SL,-0.7181508798816378,-0.8581508798816377,0.7181508798816378,-1.0,-1.1949451068319712,5.999999999999999,5.999999999999999,2.0,maker_target
2025-06-07 00:00:00+00:00,2025-06-08 00:00:00+00:00,2025-06-08 09:11:00+00:00,prior_high,signal_high,105584.2,105303.4,105919.6,105303.4,SL,-0.26594888250325605,-0.40594888250325606,0.26594888250325605,-1.0,-1.5264169515669461,5.999999999999999,5.999999999999999,2.0,maker_target
2025-06-09 00:00:00+00:00,2025-06-10 00:00:00+00:00,2025-06-10 23:59:00+00:00,prior_high,signal_high,110254.5,106480.0,110672.8,110232.8,next_day_close,-0.01968173634635964,-0.13968173634635964,3.423443034071172,-0.0057491058418325846,-0.04080153662736709,5.999999999999999,5.999999999999999,0.0,maker_target
2025-06-16 00:00:00+00:00,2025-06-17 00:00:00+00:00,2025-06-17 10:05:00+00:00,prior_high,signal_high,106839.0,106040.0,108921.0,106040.0,SL,-0.7478542479806063,-0.8878542479806064,0.7478542479806063,-1.0,-1.1872022528160202,5.999999999999999,5.999999999999999,2.0,maker_target
2025-06-23 00:00:00+00:00,2025-06-24 00:00:00+00:00,2025-06-24 16:59:00+00:00,prior_high,signal_high,105228.3,103391.8,105955.4,105955.4,TP,0.6909738159791532,0.6109738159791532,1.7452529405112505,0.39591614484072485,0.35007751701605844,5.999999999999999,2.0,0.0,maker_target
2025-06-24 00:00:00+00:00,2025-06-25 00:00:00+00:00,2025-06-25 00:10:00+00:00,prior_high,signal_high,106033.1,105955.4,106190.9,106190.9,TP,0.14882145292365154,0.06882145292365155,0.07327900438637712,2.030888030887577,0.9391701415698511,5.999999999999999,2.0,0.0,maker_target
2025-06-25 00:00:00+00:00,2025-06-26 00:00:00+00:00,2025-06-26 03:04:00+00:00,prior_high,signal_high,107310.7,106190.9,108094.6,108094.6,TP,0.7304956542078365,0.6504956542078365,1.0435119703813347,0.7000357206644103,0.6233715306304759,5.999999999999999,2.0,0.0,maker_target
2025-06-29 00:00:00+00:00,2025-06-30 00:00:00+00:00,2025-06-30 00:24:00+00:00,prior_high,signal_high,108310.0,107491.0,108497.9,108497.9,TP,0.17348351952727742,0.09348351952727743,0.7561628658480288,0.2294261294261223,0.12362881562880854,5.999999999999999,2.0,0.0,maker_target
2025-07-02 00:00:00+00:00,2025-07-03 00:00:00+00:00,2025-07-03 09:19:00+00:00,prior_high,signal_high,108866.9,107479.8,109726.2,109726.2,TP,0.7893124540149513,0.7093124540149514,1.2741246421088424,0.6194939081537081,0.5567057025448835,5.999999999999999,2.0,0.0,maker_target
2025-07-06 00:00:00+00:00,2025-07-07 00:00:00+00:00,2025-07-07 03:27:00+00:00,prior_high,signal_high,109149.5,108307.0,109642.6,109642.6,TP,0.4517656975066361,0.37176569750663613,0.7718771043385448,0.5852818991097991,0.48163845697330065,5.999999999999999,2.0,0.0,maker_target
2025-07-09 00:00:00+00:00,2025-07-10 00:00:00+00:00,2025-07-10 16:24:00+00:00,prior_high,signal_high,111290.8,109163.9,112098.1,112098.1,TP,0.7253968881524824,0.6453968881524824,1.9111193378069065,0.37956650524237134,0.3377062203206545,5.999999999999999,2.0,0.0,maker_target
2025-07-10 00:00:00+00:00,2025-07-11 00:00:00+00:00,2025-07-11 05:30:00+00:00,prior_high,signal_high,115983.3,112098.1,117649.6,117649.6,TP,1.4366723485191426,1.3566723485191425,3.349792599451815,0.4288839699371986,0.40500189436837325,5.999999999999999,2.0,0.0,maker_target
2025-07-13 00:00:00+00:00,2025-07-14 00:00:00+00:00,2025-07-14 00:25:00+00:00,prior_high,signal_high,119060.1,118187.0,119413.0,119413.0,TP,0.2964049249076678,0.2164049249076678,0.7333271179849553,0.40419195968387567,0.29510012598785074,5.999999999999999,2.0,0.0,maker_target
2025-07-14 00:00:00+00:00,2025-07-15 00:00:00+00:00,2025-07-15 00:41:00+00:00,prior_high,signal_high,119817.4,119413.0,123265.8,119413.0,SL,-0.3375135831690507,-0.4775135831690508,0.3375135831690507,-1.0,-1.4147981206726075,5.999999999999999,5.999999999999999,2.0,maker_target
2025-07-22 00:00:00+00:00,2025-07-23 00:00:00+00:00,2025-07-23 00:56:00+00:00,prior_high,signal_high,120011.7,119597.7,120246.0,119597.7,SL,-0.34496636577933654,-0.48496636577933655,0.34496636577933654,-1.0,-1.4058366666666666,5.999999999999999,5.999999999999999,2.0,maker_target
2025-07-27 00:00:00+00:00,2025-07-28 00:00:00+00:00,2025-07-28 02:33:00+00:00,prior_high,signal_high,119364.7,118250.4,119727.5,119727.5,TP,0.3039424553490294,0.22394245534902943,0.9335255733060134,0.3255855694157785,0.23988893475724868,5.999999999999999,2.0,0.0,maker_target
2025-08-03 00:00:00+00:00,2025-08-04 00:00:00+00:00,2025-08-04 00:47:00+00:00,prior_high,signal_high,114058.9,113932.3,114638.1,114638.1,TP,0.5078078080711033,0.42780780807110336,0.11099528401553169,4.575039494471182,3.854288151659126,5.999999999999999,2.0,0.0,maker_target
2025-08-04 00:00:00+00:00,2025-08-05 00:00:00+00:00,2025-08-05 02:13:00+00:00,prior_high,signal_high,114987.7,114638.1,115622.5,114638.1,SL,-0.30403251826064115,-0.4440325182606411,0.30403251826064115,-1.0,-1.4604770594965788,5.999999999999999,5.999999999999999,2.0,maker_target
2025-08-07 00:00:00+00:00,2025-08-08 00:00:00+00:00,2025-08-08 00:38:00+00:00,prior_high,signal_high,117415.1,115655.0,117560.6,117560.6,TP,0.12391932553819737,0.043919325538197385,1.4990405833661988,0.08266575762740726,0.02929828986989366,5.999999999999999,2.0,0.0,maker_target
2025-08-10 00:00:00+00:00,2025-08-11 00:00:00+00:00,2025-08-11 00:00:00+00:00,prior_high,signal_high,119288.3,117877.4,119301.6,119301.6,TP,0.011149458915922944,-0.06885054108407704,1.1827647807873938,0.009426607130202585,-0.05821152455878983,5.999999999999999,2.0,0.0,maker_target
2025-08-13 00:00:00+00:00,2025-08-14 00:00:00+00:00,2025-08-14 00:05:00+00:00,prior_high,signal_high,123322.3,120261.6,123715.0,123715.0,TP,0.3184338923292844,0.23843389232928439,2.481870675457721,0.1283039827490435,0.09607023229979984,5.999999999999999,2.0,0.0,maker_target
2025-08-22 00:00:00+00:00,2025-08-23 00:00:00+00:00,2025-08-23 13:34:00+00:00,prior_high,signal_high,116882.7,114812.4,117291.6,114812.4,SL,-1.7712629841713128,-1.9112629841713125,1.7712629841713128,-1.0,-1.0790396464280536,5.999999999999999,5.999999999999999,2.0,maker_target
2025-09-02 00:00:00+00:00,2025-09-03 00:00:00+00:00,2025-09-03 12:37:00+00:00,prior_high,signal_high,111183.4,109840.5,111696.3,111696.3,TP,0.4613098717974165,0.3813098717974165,1.2078241895822526,0.381934619107909,0.31569981383573653,5.999999999999999,2.0,0.0,maker_target
2025-09-08 00:00:00+00:00,2025-09-09 00:00:00+00:00,2025-09-09 00:31:00+00:00,prior_high,signal_high,112030.7,111543.2,112845.6,111543.2,SL,-0.4351485798089274,-0.5751485798089274,0.4351485798089274,-1.0,-1.3217291897435899,5.999999999999999,5.999999999999999,2.0,maker_target
2025-09-10 00:00:00+00:00,2025-09-11 00:00:00+00:00,2025-09-11 03:56:00+00:00,prior_high,signal_high,113879.2,113226.0,114252.5,114252.5,TP,0.32780349703897016,0.24780349703897017,0.573590260556798,0.5714941824862287,0.4320218003674283,5.999999999999999,2.0,0.0,maker_target
2025-09-11 00:00:00+00:00,2025-09-12 00:00:00+00:00,2025-09-12 00:00:00+00:00,prior_high,signal_high,115411.3,114252.5,115417.3,115417.3,TP,0.005198797691387238,-0.07480120230861276,1.0040611274632578,0.0051777701070072355,-0.07449865377977198,5.999999999999999,2.0,0.0,maker_target
2025-09-12 00:00:00+00:00,2025-09-13 00:00:00+00:00,2025-09-13 16:43:00+00:00,prior_high,signal_high,115975.7,115417.3,116595.3,115417.3,SL,-0.48148017213950356,-0.6214801721395035,0.48148017213950356,-1.0,-1.2907700214899742,5.999999999999999,5.999999999999999,2.0,maker_target
2025-09-16 00:00:00+00:00,2025-09-17 00:00:00+00:00,2025-09-17 00:01:00+00:00,prior_high,signal_high,116737.4,116714.8,116908.5,116714.8,SL,-0.019359691067294002,-0.159359691067294,0.019359691067294002,-1.0,-8.231520353985093,5.999999999999999,5.999999999999999,2.0,maker_target
2025-09-24 00:00:00+00:00,2025-09-25 00:00:00+00:00,2025-09-25 00:00:00+00:00,prior_high,signal_high,113238.1,113235.1,113885.4,113235.1,SL,-0.002649285002132674,-0.14264928500213267,0.002649285002132674,-1.0,-53.84444666666667,5.999999999999999,5.999999999999999,2.0,maker_target
2025-09-28 00:00:00+00:00,2025-09-29 00:00:00+00:00,2025-09-29 08:47:00+00:00,prior_high,signal_high,112114.7,109669.7,112287.6,112287.6,TP,0.15421706520198397,0.074217065201984,2.180802339033151,0.07071574642127147,0.03403200000000357,5.999999999999999,2.0,0.0,maker_target
2025-09-29 00:00:00+00:00,2025-09-30 00:00:00+00:00,2025-09-30 00:11:00+00:00,prior_high,signal_high,114249.9,112287.6,114357.4,114357.4,TP,0.09409198607613661,0.014091986076136622,1.7175507374623422,0.0547826530092242,0.008204698568006987,5.999999999999999,2.0,0.0,maker_target
2025-10-01 00:00:00+00:00,2025-10-02 00:00:00+00:00,2025-10-02 00:00:00+00:00,prior_high,signal_high,118548.8,114739.2,118612.9,118612.9,TP,0.054070559971919806,-0.025929440028080186,3.213528943354978,0.016825913481728048,-0.008068836623269812,5.999999999999999,2.0,0.0,maker_target
2025-10-02 00:00:00+00:00,2025-10-03 00:00:00+00:00,2025-10-03 15:18:00+00:00,prior_high,signal_high,120464.4,118612.9,120975.4,120975.4,TP,0.424191711410176,0.34419171141017596,1.536968598191665,0.27599243856332706,0.2239419281663516,5.999999999999999,2.0,0.0,maker_target
2025-10-03 00:00:00+00:00,2025-10-04 00:00:00+00:00,2025-10-04 23:59:00+00:00,prior_high,signal_high,122196.4,120975.4,123869.2,122337.2,next_day_close,0.11522434376135707,-0.004775656238642924,0.9992111060554976,0.1153153153153177,-0.004779426699424293,5.999999999999999,5.999999999999999,0.0,maker_target
2025-10-05 00:00:00+00:00,2025-10-06 00:00:00+00:00,2025-10-06 18:50:00+00:00,prior_high,signal_high,123434.4,122759.6,125806.5,125806.5,TP,1.9217495284944925,1.8417495284944927,0.5466871471810033,3.5152637818613615,3.3689278008299426,5.999999999999999,2.0,0.0,maker_target
2025-10-12 00:00:00+00:00,2025-10-13 00:00:00+00:00,2025-10-13 00:20:00+00:00,prior_high,signal_high,114891.4,113288.1,115711.1,115711.1,TP,0.7134563596579132,0.6334563596579132,1.3954917426369498,0.5112580303124914,0.4539305682030917,5.999999999999999,2.0,0.0,maker_target
2025-10-19 00:00:00+00:00,2025-10-20 00:00:00+00:00,2025-10-20 00:30:00+00:00,prior_high,signal_high,108579.2,107451.0,109368.0,107451.0,SL,-1.0390572043264246,-1.1790572043264245,1.0390572043264246,-1.0,-1.1347375288069494,5.999999999999999,5.999999999999999,2.0,maker_target
2025-10-20 00:00:00+00:00,2025-10-21 00:00:00+00:00,2025-10-21 02:26:00+00:00,prior_high,signal_high,110481.3,109368.0,111647.7,109368.0,SL,-1.0076818429906262,-1.1476818429906264,1.0076818429906262,-1.0,-1.1389327405012122,5.999999999999999,5.999999999999999,2.0,maker_target
2025-10-23 00:00:00+00:00,2025-10-24 00:00:00+00:00,2025-10-24 04:34:00+00:00,prior_high,signal_high,110010.5,109097.1,111218.2,111218.2,TP,1.097804300498586,1.017804300498586,0.8302843819453544,1.3222027589227117,1.22585022991023,5.999999999999999,2.0,0.0,maker_target
2025-10-26 00:00:00+00:00,2025-10-27 00:00:00+00:00,2025-10-27 05:18:00+00:00,prior_high,signal_high,114502.6,111899.0,115569.9,115569.9,TP,0.9321185719800148,0.8521185719800147,2.2738348299514644,0.4099324012905155,0.37474954678137434,5.999999999999999,2.0,0.0,maker_target
2025-11-09 00:00:00+00:00,2025-11-10 00:00:00+00:00,2025-11-10 00:20:00+00:00,prior_high,signal_high,104663.0,103379.8,105422.9,105422.9,TP,0.7260445429616905,0.6460445429616906,1.226030211249436,0.592191396508725,0.5269401496259318,5.999999999999999,2.0,0.0,maker_target
2025-11-10 00:00:00+00:00,2025-11-11 00:00:00+00:00,2025-11-11 01:18:00+00:00,prior_high,signal_high,105965.2,105422.9,106632.5,106632.5,TP,0.6297350450902777,0.5497350450902777,0.5117717892289194,1.2304997234003308,1.0741800479439423,5.999999999999999,2.0,0.0,maker_target
2025-11-23 00:00:00+00:00,2025-11-24 00:00:00+00:00,2025-11-24 14:44:00+00:00,prior_high,signal_high,86808.3,85565.6,88084.7,85565.6,SL,-1.431545140268842,-1.5715451402688418,1.431545140268842,-1.0,-1.0977964271344656,5.999999999999999,5.999999999999999,2.0,maker_target
2025-11-24 00:00:00+00:00,2025-11-25 00:00:00+00:00,2025-11-25 00:03:00+00:00,prior_high,signal_high,88244.5,88084.7,89166.9,88084.7,SL,-0.18108777317566863,-0.3210877731756686,0.18108777317566863,-1.0,-1.7731057571964814,5.999999999999999,5.999999999999999,2.0,maker_target
2025-11-26 00:00:00+00:00,2025-11-27 00:00:00+00:00,2025-11-27 01:04:00+00:00,prior_high,signal_high,90425.1,88454.2,90598.9,90598.9,TP,0.19220327099443446,0.11220327099443445,2.179593940178124,0.0881830635750102,0.05147897914657664,5.999999999999999,2.0,0.0,maker_target
2025-11-27 00:00:00+00:00,2025-11-28 00:00:00+00:00,2025-11-28 11:02:00+00:00,prior_high,signal_high,91288.7,90598.9,91900.0,91900.0,TP,0.6696338100991721,0.5896338100991722,0.7556247377824451,0.8861988982313719,0.7803262394897083,5.999999999999999,2.0,0.0,maker_target
2025-12-02 00:00:00+00:00,2025-12-03 00:00:00+00:00,2025-12-03 01:50:00+00:00,prior_high,signal_high,91255.0,90398.7,92270.1,92270.1,TP,1.1123774039778707,1.0323774039778706,0.9383595419429104,1.1854490248744627,1.100193857293008,5.999999999999999,2.0,0.0,maker_target
2025-12-03 00:00:00+00:00,2025-12-04 00:00:00+00:00,2025-12-04 14:51:00+00:00,prior_high,signal_high,93384.1,92270.1,94137.5,92270.1,SL,-1.1929225639054184,-1.3329225639054185,1.1929225639054184,-1.0,-1.1173588330341113,5.999999999999999,5.999999999999999,2.0,maker_target
2025-12-07 00:00:00+00:00,2025-12-08 00:00:00+00:00,2025-12-08 00:00:00+00:00,prior_high,signal_high,90327.3,90240.0,91721.6,90240.0,SL,-0.096648521543324,-0.236648521543324,0.096648521543324,-1.0,-2.4485477663229758,5.999999999999999,5.999999999999999,2.0,maker_target
2025-12-09 00:00:00+00:00,2025-12-10 00:00:00+00:00,2025-12-10 00:18:00+00:00,prior_high,signal_high,92634.0,92245.1,94558.5,92245.1,SL,-0.41982425459333955,-0.5598242545933395,0.41982425459333955,-1.0,-1.3334728722036564,5.999999999999999,5.999999999999999,2.0,maker_target
2025-12-21 00:00:00+00:00,2025-12-22 00:00:00+00:00,2025-12-22 00:13:00+00:00,prior_high,signal_high,88616.4,88523.8,89050.0,89050.0,TP,0.4892999489936466,0.40929994899364663,0.10449533043544003,4.682505399568538,3.9169209503244065,5.999999999999999,2.0,0.0,maker_target
2026-01-02 00:00:00+00:00,2026-01-03 00:00:00+00:00,2026-01-03 23:59:00+00:00,prior_high,signal_high,89958.4,88888.0,90930.0,90592.1,next_day_close,0.7044367174160631,0.5844367174160631,1.1898833238474609,0.5920216741405223,0.4911714499252751,5.999999999999999,5.999999999999999,0.0,maker_target
2026-01-04 00:00:00+00:00,2026-01-05 00:00:00+00:00,2026-01-05 00:01:00+00:00,prior_high,signal_high,91485.9,90706.5,91777.0,91777.0,TP,0.3181911092310463,0.23819110923104636,0.851934560407663,0.3734924300744265,0.2795885039774281,5.999999999999999,2.0,0.0,maker_target
2026-01-05 00:00:00+00:00,2026-01-06 00:00:00+00:00,2026-01-06 17:55:00+00:00,prior_high,signal_high,93828.8,91777.0,94749.0,91777.0,SL,-2.1867486315502305,-2.3267486315502306,2.1867486315502305,-1.0,-1.064021990447412,5.999999999999999,5.999999999999999,2.0,maker_target
2026-01-11 00:00:00+00:00,2026-01-12 00:00:00+00:00,2026-01-12 00:05:00+00:00,prior_high,signal_high,90949.6,90786.3,91233.9,90786.3,SL,-0.17954999252333478,-0.31954999252333477,0.17954999252333478,-1.0,-1.7797271279852893,5.999999999999999,5.999999999999999,2.0,maker_target
2026-01-12 00:00:00+00:00,2026-01-13 00:00:00+00:00,2026-01-13 00:00:00+00:00,prior_high,signal_high,91247.7,91233.9,92481.8,91233.9,SL,-0.015123668870561024,-0.155123668870561,0.015123668870561024,-1.0,-10.257013043476306,5.999999999999999,5.999999999999999,2.0,maker_target
2026-01-13 00:00:00+00:00,2026-01-14 00:00:00+00:00,2026-01-14 14:54:00+00:00,prior_high,signal_high,95375.2,92481.8,96744.9,96744.9,TP,1.4361175651532025,1.3561175651532025,3.0337026816195345,0.4733877099606,0.447017294532384,5.999999999999999,2.0,0.0,maker_target
2026-01-14 00:00:00+00:00,2026-01-15 00:00:00+00:00,2026-01-15 00:03:00+00:00,prior_high,signal_high,96908.0,96744.9,97910.0,96744.9,SL,-0.1683039583935339,-0.3083039583935339,0.1683039583935339,-1.0,-1.8318283261802277,5.999999999999999,5.999999999999999,2.0,maker_target
2026-01-27 00:00:00+00:00,2026-01-28 00:00:00+00:00,2026-01-28 04:17:00+00:00,prior_high,signal_high,89197.7,88828.8,89490.7,88828.8,SL,-0.4135756863685882,-0.5535756863685882,0.4135756863685882,-1.0,-1.3385111954459257,5.999999999999999,5.999999999999999,2.0,maker_target
2026-02-13 00:00:00+00:00,2026-02-14 00:00:00+00:00,2026-02-14 08:06:00+00:00,prior_high,signal_high,68821.6,68385.0,69448.7,69448.7,TP,0.9111964848245191,0.8311964848245191,0.6343938530926421,1.4363261566651007,1.3102215300045434,5.999999999999999,2.0,0.0,maker_target
2026-02-14 00:00:00+00:00,2026-02-15 00:00:00+00:00,2026-02-15 01:28:00+00:00,prior_high,signal_high,69795.4,69448.7,70551.1,69448.7,SL,-0.49673760734947736,-0.6367376073494774,0.49673760734947736,-1.0,-1.281838938563602,5.999999999999999,5.999999999999999,2.0,maker_target
2026-02-20 00:00:00+00:00,2026-02-21 00:00:00+00:00,2026-02-21 14:20:00+00:00,prior_high,signal_high,67979.2,67308.3,68303.3,68303.3,TP,0.47676348059407264,0.3967634805940727,0.986919528326303,0.4830824265911591,0.4020221195409274,5.999999999999999,2.0,0.0,maker_target
2026-02-25 00:00:00+00:00,2026-02-26 00:00:00+00:00,2026-02-26 23:59:00+00:00,prior_high,signal_high,67952.5,64981.4,69999.0,67448.1,next_day_close,-0.7422832125381614,-0.8622832125381615,4.372318899231079,-0.16976877250849665,-0.1972141631045722,5.999999999999999,5.999999999999999,0.0,maker_target
2026-03-02 00:00:00+00:00,2026-03-03 00:00:00+00:00,2026-03-03 02:22:00+00:00,prior_high,signal_high,68801.8,68180.0,70109.0,68180.0,SL,-0.9037554250034198,-1.0437554250034198,0.9037554250034198,-1.0,-1.154909166934705,5.999999999999999,5.999999999999999,2.0,maker_target
2026-03-04 00:00:00+00:00,2026-03-05 00:00:00+00:00,2026-03-05 23:59:00+00:00,prior_high,signal_high,72641.4,69220.7,74027.5,70848.4,next_day_close,-2.468289432747717,-2.588289432747717,4.709022678527668,-0.5241617212851176,-0.5496447159938029,5.999999999999999,5.999999999999999,0.0,maker_target
2026-03-09 00:00:00+00:00,2026-03-10 00:00:00+00:00,2026-03-10 02:30:00+00:00,prior_high,signal_high,68392.7,68168.9,69488.5,69488.5,TP,1.6022177805526072,1.5222177805526071,0.3272279059022424,4.896336014298431,4.651858087578147,5.999999999999999,2.0,0.0,maker_target
2026-03-10 00:00:00+00:00,2026-03-11 00:00:00+00:00,2026-03-11 03:21:00+00:00,prior_high,signal_high,69901.9,69488.5,71755.1,69488.5,SL,-0.5914002337561558,-0.7314002337561557,0.5914002337561558,-1.0,-1.2367263183357555,5.999999999999999,5.999999999999999,2.0,maker_target
2026-03-13 00:00:00+00:00,2026-03-14 00:00:00+00:00,2026-03-14 00:02:00+00:00,prior_high,signal_high,70895.5,70754.6,73865.9,70754.6,SL,-0.19874322065574568,-0.33874322065574564,0.19874322065574568,-1.0,-1.7044265436480062,5.999999999999999,5.999999999999999,2.0,maker_target
2026-03-15 00:00:00+00:00,2026-03-16 00:00:00+00:00,2026-03-16 03:31:00+00:00,prior_high,signal_high,72778.8,71272.3,73180.0,73180.0,TP,0.5512594326919337,0.47125943269193377,2.069970925599213,0.2663126452041135,0.22766475937603523,5.999999999999999,2.0,0.0,maker_target
2026-03-16 00:00:00+00:00,2026-03-17 00:00:00+00:00,2026-03-17 00:07:00+00:00,prior_high,signal_high,74846.3,73180.0,74887.3,74887.3,TP,0.054778926947624665,-0.025221073052375326,2.226295755434808,0.024605413190901957,-0.011328716317589846,5.999999999999999,2.0,0.0,maker_target
2026-03-23 00:00:00+00:00,2026-03-24 00:00:00+00:00,2026-03-24 14:45:00+00:00,prior_high,signal_high,70866.2,69567.3,71780.2,69567.3,SL,-1.8328907151787373,-1.9728907151787372,1.8328907151787373,-1.0,-1.0763820771421975,5.999999999999999,5.999999999999999,2.0,maker_target
2026-03-31 00:00:00+00:00,2026-04-01 00:00:00+00:00,2026-04-01 00:01:00+00:00,prior_high,signal_high,68242.2,68155.2,68568.2,68155.2,SL,-0.1274870974265191,-0.2674870974265191,0.1274870974265191,-1.0,-2.098150344827586,5.999999999999999,5.999999999999999,2.0,maker_target
2026-04-05 00:00:00+00:00,2026-04-06 00:00:00+00:00,2026-04-06 00:00:00+00:00,prior_high,signal_high,69000.7,67540.8,69127.3,69127.3,TP,0.18347639951479597,0.10347639951479598,2.115775637058746,0.08671826837455054,0.04890707582711564,5.999999999999999,2.0,0.0,maker_target
2026-04-07 00:00:00+00:00,2026-04-08 00:00:00+00:00,2026-04-08 13:13:00+00:00,prior_high,signal_high,71895.8,70318.4,72763.8,72763.8,TP,1.2073027909836178,1.1273027909836177,2.194008551264481,0.5502726004818024,0.5138096614682359,5.999999999999999,2.0,0.0,maker_target
2026-04-13 00:00:00+00:00,2026-04-14 00:00:00+00:00,2026-04-14 07:09:00+00:00,prior_high,signal_high,74379.8,73099.8,74862.1,74862.1,TP,0.6484287400611496,0.5684287400611496,1.7208973404069385,0.37679687500000225,0.3303095000000023,5.999999999999999,2.0,0.0,maker_target
2026-04-17 00:00:00+00:00,2026-04-18 00:00:00+00:00,2026-04-18 18:32:00+00:00,prior_high,signal_high,77027.6,75519.9,78291.9,75519.9,SL,-1.9573503523412539,-2.0973503523412536,1.9573503523412539,-1.0,-1.0715252636466135,5.999999999999999,5.999999999999999,2.0,maker_target
2026-04-22 00:00:00+00:00,2026-04-23 00:00:00+00:00,2026-04-23 23:59:00+00:00,prior_high,signal_high,78141.9,76874.3,79435.7,78214.0,next_day_close,0.09226804057746975,-0.027731959422530247,1.6221770906517392,0.05687914168507914,-0.01709551909119147,5.999999999999999,5.999999999999999,0.0,maker_target
2026-04-26 00:00:00+00:00,2026-04-27 00:00:00+00:00,2026-04-27 00:54:00+00:00,prior_high,signal_high,78616.7,77860.2,78918.4,78918.4,TP,0.3837607022426496,0.3037607022426496,0.9622637429452012,0.39881031064110656,0.3156730204890907,5.999999999999999,2.0,0.0,maker_target
2026-05-01 00:00:00+00:00,2026-05-02 00:00:00+00:00,2026-05-02 21:37:00+00:00,prior_high,signal_high,78192.4,76624.4,78937.2,78937.2,TP,0.9525222400130997,0.8725222400130997,2.005309978974939,0.4750000000000019,0.4351059183673488,5.999999999999999,2.0,0.0,maker_target
2026-05-04 00:00:00+00:00,2026-05-05 00:00:00+00:00,2026-05-05 02:39:00+00:00,prior_high,signal_high,79822.6,79426.2,80739.9,80739.9,TP,1.1491732917744952,1.0691732917744952,0.4966012131902603,2.3140766902118264,2.1529816347123347,5.999999999999999,2.0,0.0,maker_target
2026-05-05 00:00:00+00:00,2026-05-06 00:00:00+00:00,2026-05-06 00:49:00+00:00,prior_high,signal_high,80862.9,80739.9,81748.2,80739.9,SL,-0.1521093109448214,-0.2921093109448214,0.1521093109448214,-1.0,-1.920390731707317,5.999999999999999,5.999999999999999,2.0,maker_target
2026-05-09 00:00:00+00:00,2026-05-10 00:00:00+00:00,2026-05-10 15:04:00+00:00,prior_high,signal_high,80631.4,80475.3,81063.0,81063.0,TP,0.5352753393839197,0.4552753393839198,0.19359703539810952,2.7648942985267775,2.3516648302371967,5.999999999999999,2.0,0.0,maker_target
2026-05-10 00:00:00+00:00,2026-05-11 00:00:00+00:00,2026-05-11 03:01:00+00:00,prior_high,signal_high,82180.5,81063.0,82449.9,81063.0,SL,-1.3598116341467867,-1.4998116341467866,1.3598116341467867,-1.0,-1.1029554362416107,5.999999999999999,5.999999999999999,2.0,maker_target
2026-05-20 00:00:00+00:00,2026-05-21 00:00:00+00:00,2026-05-21 00:46:00+00:00,prior_high,signal_high,77513.5,77397.7,77827.2,77827.2,TP,0.4047036967753967,0.3247036967753967,0.14939333148419684,2.7089810017270226,2.1734818652848946,5.999999999999999,2.0,0.0,maker_target
2026-06-07 00:00:00+00:00,2026-06-08 00:00:00+00:00,2026-06-08 23:59:00+00:00,prior_high,signal_high,63302.4,61532.9,64274.5,63058.6,next_day_close,-0.38513547669599085,-0.5051354766959908,2.7953126579718934,-0.13777903362531954,-0.18070804181972472,5.999999999999999,5.999999999999999,0.0,maker_target
2026-06-11 00:00:00+00:00,2026-06-12 00:00:00+00:00,2026-06-12 06:38:00+00:00,prior_high,signal_high,63598.3,62832.4,63899.6,62832.4,SL,-1.2042774728255337,-1.3442774728255338,1.2042774728255337,-1.0,-1.1162522783653217,5.999999999999999,5.999999999999999,2.0,maker_target
2026-06-13 00:00:00+00:00,2026-06-14 00:00:00+00:00,2026-06-14 00:01:00+00:00,prior_high,signal_high,64417.8,64364.8,64735.7,64364.8,SL,-0.08227539593093834,-0.22227539593093834,0.08227539593093834,-1.0,-2.701602264150943,5.999999999999999,5.999999999999999,2.0,maker_target
2026-06-14 00:00:00+00:00,2026-06-15 00:00:00+00:00,2026-06-15 00:07:00+00:00,prior_high,signal_high,65703.2,64735.7,65772.9,65772.9,TP,0.10608311315125761,0.026083113151257623,1.4725310182761266,0.07204134366924764,0.017713116279066767,5.999999999999999,2.0,0.0,maker_target
2026-06-15 00:00:00+00:00,2026-06-16 00:00:00+00:00,2026-06-16 02:28:00+00:00,prior_high,signal_high,66286.8,65772.9,67266.0,65772.9,SL,-0.7752674740672483,-0.9152674740672483,0.7752674740672483,-1.0,-1.1805828371278428,5.999999999999999,5.999999999999999,2.0,maker_target
2026-06-20 00:00:00+00:00,2026-06-21 00:00:00+00:00,2026-06-21 03:22:00+00:00,prior_high,signal_high,64268.2,63644.0,64360.0,64360.0,TP,0.14283891566902904,0.06283891566902904,0.9712423873704212,0.14706824735662183,0.06469951938481754,5.999999999999999,2.0,0.0,maker_target
2026-07-02 00:00:00+00:00,2026-07-03 00:00:00+00:00,2026-07-03 00:19:00+00:00,prior_high,signal_high,61538.5,61323.3,62181.4,61323.3,SL,-0.3496997814376319,-0.4896997814376318,0.3496997814376319,-1.0,-1.400343401486994,5.999999999999999,5.999999999999999,2.0,maker_target
2026-07-03 00:00:00+00:00,2026-07-04 00:00:00+00:00,2026-07-04 15:10:00+00:00,prior_high,signal_high,62562.3,62181.4,62962.5,62962.5,TP,0.6396823646189431,0.5596823646189432,0.60883311515082,1.0506694670517078,0.9192705697033231,5.999999999999999,2.0,0.0,maker_target
2026-07-04 00:00:00+00:00,2026-07-05 00:00:00+00:00,2026-07-05 00:22:00+00:00,prior_high,signal_high,63114.4,62962.5,63448.1,62962.5,SL,-0.24067407754807374,-0.3806740775480737,0.24067407754807374,-1.0,-1.5816995391705013,5.999999999999999,5.999999999999999,2.0,maker_target
2026-07-05 00:00:00+00:00,2026-07-06 00:00:00+00:00,2026-07-06 00:24:00+00:00,prior_high,signal_high,63616.3,63448.1,63990.7,63448.1,SL,-0.2643976465151296,-0.40439764651512955,0.2643976465151296,-1.0,-1.5295054696789399,5.999999999999999,5.999999999999999,2.0,maker_target
2026-07-06 00:00:00+00:00,2026-07-07 00:00:00+00:00,2026-07-07 00:02:00+00:00,prior_high,signal_high,64023.2,63990.7,64692.5,63990.7,SL,-0.05076284846743056,-0.19076284846743055,0.05076284846743056,-1.0,-3.7579224615384614,5.999999999999999,5.999999999999999,2.0,maker_target
2026-07-10 00:00:00+00:00,2026-07-11 00:00:00+00:00,2026-07-11 23:59:00+00:00,prior_high,signal_high,64132.5,63479.7,64679.8,63782.6,next_day_close,-0.5455892098390074,-0.6655892098390074,1.0178926441351934,-0.5359987745098037,-0.6538893995098032,5.999999999999999,5.999999999999999,0.0,maker_target
2026-07-14 00:00:00+00:00,2026-07-15 00:00:00+00:00,2026-07-15 06:33:00+00:00,prior_high,signal_high,65013.8,64400.0,65106.8,65106.8,TP,0.14304655319332202,0.06304655319332203,0.9441072510759297,0.1515151515151508,0.06677901596611244,5.999999999999999,2.0,0.0,maker_target
2026-07-18 00:00:00+00:00,2026-07-19 00:00:00+00:00,2026-07-19 00:26:00+00:00,prior_high,signal_high,64806.1,64359.7,64849.7,64849.7,TP,0.06727761738478098,-0.012722382615219019,0.6888240458845718,0.09767025089605376,-0.01846971326165194,5.999999999999999,2.0,0.0,maker_target
2026-07-20 00:00:00+00:00,2026-07-21 00:00:00+00:00,2026-07-21 05:48:00+00:00,prior_high,signal_high,65224.0,64947.9,65781.7,65781.7,TP,0.8550533545933967,0.7750533545933967,0.4233104378756264,2.0199203187250996,1.8309337196667865,5.999999999999999,2.0,0.0,maker_target
2026-07-21 00:00:00+00:00,2026-07-22 00:00:00+00:00,2026-07-22 06:26:00+00:00,prior_high,signal_high,66522.4,65781.7,66962.6,65781.7,SL,-1.113459526415158,-1.2534595264151582,1.113459526415158,-1.0,-1.1257342513838267,5.999999999999999,5.999999999999999,2.0,maker_target
2026-07-26 00:00:00+00:00,2026-07-27 00:00:00+00:00,2026-07-27 06:06:00+00:00,prior_high,signal_high,65375.7,64429.4,65564.8,65564.8,TP,0.2892512049584262,0.2092512049584262,1.4474797210584294,0.199830920426933,0.14456244319983774,5.999999999999999,2.0,0.0,maker_target
2026-07-30 00:00:00+00:00,2026-07-31 00:00:00+00:00,2026-07-31 00:27:00+00:00,prior_high,signal_high,64750.9,64712.3,65154.3,64712.3,SL,-0.059613071015226886,-0.19961307101522685,0.059613071015226886,-1.0,-3.348478238342057,5.999999999999999,5.999999999999999,2.0,maker_target
2026-08-02 00:00:00+00:00,2026-08-03 00:00:00+00:00,2026-08-03 01:21:00+00:00,prior_high,signal_high,63548.8,63128.9,63782.7,63128.9,SL,-0.6607520519663651,-0.8007520519663651,0.6607520519663651,-1.0,-1.2118797809002138,5.999999999999999,5.999999999999999,2.0,maker_target
2026-08-04 00:00:00+00:00,2026-08-05 00:00:00+00:00,2026-08-05 00:00:00+00:00,prior_high,signal_high,64075.9,64067.6,64512.9,64067.6,SL,-0.012953388091315002,-0.152953388091315,0.012953388091315002,-1.0,-11.807983132526331,5.999999999999999,5.999999999999999,2.0,maker_target
2026-08-05 00:00:00+00:00,2026-08-06 00:00:00+00:00,2026-08-06 01:21:00+00:00,prior_high,signal_high,64632.0,64512.9,65001.0,64512.9,SL,-0.18427404381730186,-0.32427404381730185,0.18427404381730186,-1.0,-1.759738035264493,5.999999999999999,5.999999999999999,2.0,maker_target
2026-08-17 00:00:00+00:00,2026-08-18 00:00:00+00:00,2026-08-18 14:23:00+00:00,prior_high,signal_high,64502.5,63368.5,64595.4,64595.4,TP,0.1440254253711119,0.0640254253711119,1.7580713925816827,0.08192239858906654,0.0364179894179907,5.999999999999999,2.0,0.0,maker_target
2026-08-18 00:00:00+00:00,2026-08-19 00:00:00+00:00,2026-08-19 00:05:00+00:00,prior_high,signal_high,64694.6,64595.4,65026.5,64595.4,SL,-0.15333582710148466,-0.29333582710148465,0.15333582710148466,-1.0,-1.9130286290322849,5.999999999999999,5.999999999999999,2.0,maker_target
2026-08-19 00:00:00+00:00,2026-08-20 00:00:00+00:00,2026-08-20 08:07:00+00:00,prior_high,signal_high,69308.8,65026.5,70043.4,70043.4,TP,1.0598942702802403,0.9798942702802402,6.17858049771458,0.17154332951918144,0.15859537164607587,5.999999999999999,2.0,0.0,maker_target
2026-08-20 00:00:00+00:00,2026-08-21 00:00:00+00:00,2026-08-21 00:13:00+00:00,prior_high,signal_high,72997.3,70043.4,73367.2,73367.2,TP,0.5067310708752162,0.42673107087521617,4.046588024488589,0.1252242797657311,0.10545453806831419,5.999999999999999,2.0,0.0,maker_target
2026-08-21 00:00:00+00:00,2026-08-22 00:00:00+00:00,2026-08-22 23:59:00+00:00,prior_high,signal_high,78309.5,73367.2,79357.9,77082.4,next_day_close,-1.5669874025501451,-1.6869874025501452,6.311239377087075,-0.2482852113388514,-0.26729890941464607,5.999999999999999,5.999999999999999,0.0,maker_target
2026-08-24 00:00:00+00:00,2026-08-25 00:00:00+00:00,2026-08-25 02:17:00+00:00,prior_high,signal_high,78953.2,78044.1,79981.4,79981.4,TP,1.3022904708105525,1.2222904708105524,1.1514416135128043,1.1310086899131087,1.0615305686943202,5.999999999999999,2.0,0.0,maker_target
2026-08-27 00:00:00+00:00,2026-08-28 00:00:00+00:00,2026-08-28 01:11:00+00:00,prior_high,signal_high,80209.1,79211.4,80821.7,80821.7,TP,0.7637537386655519,0.683753738665552,1.2438738247904684,0.6140122281246708,0.5496970231532373,5.999999999999999,2.0,0.0,maker_target
2026-09-03 00:00:00+00:00,2026-09-04 00:00:00+00:00,2026-09-04 23:59:00+00:00,prior_high,signal_high,81229.2,77763.5,82202.6,79617.6,next_day_close,-1.9840156003013587,-2.104015600301359,4.266569164783104,-0.46501428282886353,-0.49313992555616254,5.999999999999999,5.999999999999999,0.0,maker_target
2026-09-06 00:00:00+00:00,2026-09-07 00:00:00+00:00,2026-09-07 00:17:00+00:00,prior_high,signal_high,80300.6,80179.8,80513.4,80179.8,SL,-0.15043474145897154,-0.2904347414589715,0.15043474145897154,-1.0,-1.9306360927152093,5.999999999999999,5.999999999999999,2.0,maker_target
2026-09-14 00:00:00+00:00,2026-09-15 00:00:00+00:00,2026-09-15 05:10:00+00:00,prior_high,signal_high,78155.4,77421.0,79572.4,77421.0,SL,-0.9396663570271462,-1.079666357027146,0.9396663570271462,-1.0,-1.148989052287583,5.999999999999999,5.999999999999999,2.0,maker_target
2026-09-18 00:00:00+00:00,2026-09-19 00:00:00+00:00,2026-09-19 00:53:00+00:00,prior_high,signal_high,80863.8,77143.5,81378.0,81378.0,TP,0.6358840420558978,0.5558840420558978,4.6006989530543985,0.1382146601080549,0.120825997903394,5.999999999999999,2.0,0.0,maker_target
2026-09-21 00:00:00+00:00,2026-09-22 00:00:00+00:00,2026-09-22 23:59:00+00:00,prior_high,signal_high,86578.9,81450.1,87374.2,86159.7,next_day_close,-0.4841826357230193,-0.6041826357230192,5.923845186298266,-0.0817345187958193,-0.10199163157073746,5.999999999999999,5.999999999999999,0.0,maker_target
2024-10-04 00:00:00+00:00,2024-10-05 00:00:00+00:00,2024-10-05 23:59:00+00:00,signal_low,signal_high,62070.0,60382.0,62478.3,62042.5,next_day_close,-0.04430481714193652,-0.1643048171419365,2.7195102303850494,-0.016291469194312794,-0.0604170616113744,5.999999999999999,5.999999999999999,0.0,taker
2024-10-06 00:00:00+00:00,2024-10-07 00:00:00+00:00,2024-10-07 00:22:00+00:00,signal_low,signal_high,62817.9,61789.2,62972.6,62972.6,TP,0.24626738557003194,0.12626738557003198,1.6375905593787827,0.15038397978030177,0.07710558957907726,5.999999999999999,5.999999999999999,0.0,taker
2024-10-11 00:00:00+00:00,2024-10-12 00:00:00+00:00,2024-10-12 15:13:00+00:00,signal_low,signal_high,62570.0,59979.0,63459.5,63459.5,TP,1.4216077992648233,1.3016077992648234,4.140962122422886,0.3433037437282902,0.3143249710536472,5.999999999999999,5.999999999999999,0.0,taker
2024-10-14 00:00:00+00:00,2024-10-15 00:00:00+00:00,2024-10-15 13:45:00+00:00,signal_low,signal_high,66143.8,62446.0,66580.0,66580.0,TP,0.6594722407844682,0.5394722407844682,5.590546657434261,0.11796203147817533,0.09649722537725047,5.999999999999999,5.999999999999999,0.0,taker
2024-10-15 00:00:00+00:00,2024-10-16 00:00:00+00:00,2024-10-16 11:26:00+00:00,signal_low,signal_high,67062.6,64774.5,68006.9,68006.9,TP,1.4080873691148097,1.2880873691148096,3.411886804269452,0.412700493859528,0.3775293387526709,5.999999999999999,5.999999999999999,0.0,taker
2024-10-18 00:00:00+00:00,2024-10-19 00:00:00+00:00,2024-10-19 23:59:00+00:00,signal_low,signal_high,68419.5,67176.9,69087.1,68359.0,next_day_close,-0.08842508349227925,-0.20842508349227926,1.8161489049174664,-0.048688234347336004,-0.11476211170127099,5.999999999999999,5.999999999999999,0.0,taker
2024-10-20 00:00:00+00:00,2024-10-21 00:00:00+00:00,2024-10-21 00:23:00+00:00,signal_low,signal_high,69036.6,68059.3,69472.8,69472.8,TP,0.6318387637861613,0.5118387637861613,1.415625914370063,0.4463317302772903,0.3615635731095836,5.999999999999999,5.999999999999999,0.0,taker
2024-10-24 00:00:00+00:00,2024-10-25 00:00:00+00:00,2024-10-25 18:02:00+00:00,signal_low,signal_high,68163.0,66437.9,68837.2,66437.9,SL,-2.5308451799363376,-2.6708451799363377,2.5308451799363376,-1.0,-1.0553174888412264,5.999999999999999,5.999999999999999,2.0,taker
2024-10-27 00:00:00+00:00,2024-10-28 00:00:00+00:00,2024-10-28 07:12:00+00:00,signal_low,signal_high,67989.7,66874.3,68301.9,68301.9,TP,0.4591872004141761,0.33918720041417616,1.6405426116014545,0.27989958759189415,0.20675305719920953,5.999999999999999,5.999999999999999,0.0,taker
2024-10-28 00:00:00+00:00,2024-10-29 00:00:00+00:00,2024-10-29 01:55:00+00:00,signal_low,signal_high,69993.5,67550.4,70373.2,70373.2,TP,0.5424789444734113,0.4224789444734113,3.4904669719331163,0.15541729769554918,0.1210379435962492,5.999999999999999,5.999999999999999,0.0,taker
2024-10-29 00:00:00+00:00,2024-10-30 00:00:00+00:00,2024-10-30 23:59:00+00:00,signal_low,signal_high,72756.6,69778.6,73723.7,72359.2,next_day_close,-0.5462047429374225,-0.6662047429374225,4.093099457643705,-0.13344526527871348,-0.1627629012760271,5.999999999999999,5.999999999999999,0.0,taker
2024-11-06 00:00:00+00:00,2024-11-07 00:00:00+00:00,2024-11-07 17:56:00+00:00,signal_low,signal_high,75608.7,69262.7,76449.8,76449.8,TP,1.112438118893733,0.9924381188937329,8.393214008440827,0.13254018279231103,0.11824291837377968,5.999999999999999,5.999999999999999,0.0,taker
2024-11-10 00:00:00+00:00,2024-11-11 00:00:00+00:00,2024-11-11 01:53:00+00:00,signal_low,signal_high,80358.7,76486.6,81661.5,81661.5,TP,1.6212308063719336,1.5012308063719337,4.818519961124299,0.33645825262777457,0.31155434002221166,5.999999999999999,5.999999999999999,0.0,taker
2024-11-11 00:00:00+00:00,2024-11-12 00:00:00+00:00,2024-11-12 06:45:00+00:00,signal_low,signal_high,88710.3,80215.7,89785.0,89785.0,TP,1.2114714976727585,1.0914714976727584,9.575663705342,0.12651566877781137,0.11398390036022844,5.999999999999999,5.999999999999999,0.0,taker
2024-11-13 00:00:00+00:00,2024-11-14 00:00:00+00:00,2024-11-14 23:59:00+00:00,signal_low,signal_high,90337.7,86066.8,93459.8,87276.0,next_day_close,-3.3891719625361247,-3.5091719625361257,4.727705044516292,-0.7168746634198883,-0.7422569575499314,5.999999999999999,5.999999999999999,0.0,taker
2024-11-20 00:00:00+00:00,2024-11-21 00:00:00+00:00,2024-11-21 00:41:00+00:00,signal_low,signal_high,94341.8,91430.8,94976.5,94976.5,TP,0.6727664725498105,0.5527664725498105,3.085588784610851,0.21803503950532363,0.17914456887667368,5.999999999999999,5.999999999999999,0.0,taker
2024-11-21 00:00:00+00:00,2024-11-22 00:00:00+00:00,2024-11-22 03:15:00+00:00,signal_low,signal_high,98398.0,94005.0,99124.9,99124.9,TP,0.7387345271245291,0.6187345271245291,4.46452163661863,0.1654677896653754,0.13858921010698708,5.999999999999999,5.999999999999999,0.0,taker
2024-11-27 00:00:00+00:00,2024-11-28 00:00:00+00:00,2024-11-28 23:59:00+00:00,signal_low,signal_high,95873.2,91751.6,97254.8,95659.7,next_day_close,-0.22268996966827015,-0.34268996966827014,4.299011611169744,-0.051800271739130536,-0.07971366459627345,5.999999999999999,5.999999999999999,0.0,taker
2024-11-29 00:00:00+00:00,2024-11-30 00:00:00+00:00,2024-11-30 23:59:00+00:00,signal_low,signal_high,97510.3,95372.3,98738.5,96467.2,next_day_close,-1.0697331461394395,-1.1897331461394394,2.1925888854818414,-0.4878858746492076,-0.5426156969130055,5.999999999999999,5.999999999999999,0.0,taker
2024-12-04 00:00:00+00:00,2024-12-05 00:00:00+00:00,2024-12-05 02:29:00+00:00,signal_low,signal_high,98675.9,94612.8,99073.5,99073.5,TP,0.40293526585519446,0.2829352658551945,4.1176214252922865,0.09785631660554914,0.06871327803893738,5.999999999999999,5.999999999999999,0.0,taker
2024-12-08 00:00:00+00:00,2024-12-09 00:00:00+00:00,2024-12-09 03:54:00+00:00,signal_low,signal_high,101177.6,98687.7,101447.7,98687.7,SL,-2.460920203681456,-2.6009202036814556,2.460920203681456,-1.0,-1.0568892887264547,5.999999999999999,5.999999999999999,2.0,taker
2024-12-11 00:00:00+00:00,2024-12-12 00:00:00+00:00,2024-12-12 16:00:00+00:00,signal_low,signal_high,101118.5,95607.9,101895.7,101895.7,TP,0.7686031735043509,0.6486031735043509,5.449645712703418,0.14103727361811713,0.11901749355786964,5.999999999999999,5.999999999999999,0.0,taker
2024-12-15 00:00:00+00:00,2024-12-16 00:00:00+00:00,2024-12-16 00:30:00+00:00,signal_low,signal_high,104497.1,101183.0,105379.9,105379.9,TP,0.8448081334314428,0.7248081334314429,3.1714755720493732,0.26637699526266156,0.22853971817385926,5.999999999999999,5.999999999999999,0.0,taker
2024-12-16 00:00:00+00:00,2024-12-17 00:00:00+00:00,2024-12-17 14:31:00+00:00,signal_low,signal_high,106052.6,103261.0,107829.0,107829.0,TP,1.6750178684916672,1.5550178684916673,2.632278699437831,0.6363375841811113,0.5907497062616388,5.999999999999999,5.999999999999999,0.0,taker
2024-12-24 00:00:00+00:00,2024-12-25 00:00:00+00:00,2024-12-25 21:04:00+00:00,signal_low,signal_high,98658.2,93482.7,99477.5,99477.5,TP,0.8304428825987125,0.7104428825987126,5.245889343207153,0.15830354555115506,0.13542849193314713,5.999999999999999,5.999999999999999,0.0,taker
2025-01-02 00:00:00+00:00,2025-01-03 00:00:00+00:00,2025-01-03 16:22:00+00:00,signal_low,signal_high,96982.0,94309.1,97823.2,97823.2,TP,0.8673774514858398,0.7473774514858398,2.7560784475469617,0.3147143551947319,0.2711742302368209,5.999999999999999,5.999999999999999,0.0,taker
2025-01-03 00:00:00+00:00,2025-01-04 00:00:00+00:00,2025-01-04 23:59:00+00:00,signal_low,signal_high,98165.1,96041.0,98963.6,98175.2,next_day_close,0.010288788989153242,-0.10971121101084674,2.163803632859342,0.004754955039777431,-0.050702942422677096,5.999999999999999,5.999999999999999,0.0,taker
2025-01-06 00:00:00+00:00,2025-01-07 00:00:00+00:00,2025-01-07 00:35:00+00:00,signal_low,signal_high,102214.8,97869.2,102494.7,102494.7,TP,0.273835100200748,0.15383510020074803,4.251439126232215,0.06440997790868783,0.03618424153166283,5.999999999999999,5.999999999999999,0.0,taker
2025-01-14 00:00:00+00:00,2025-01-15 00:00:00+00:00,2025-01-15 01:55:00+00:00,signal_low,signal_high,96508.4,94309.7,97393.7,97393.7,TP,0.9173294759834407,0.7973294759834407,2.2782472821018662,0.4026470186928658,0.3499749488334033,5.999999999999999,5.999999999999999,0.0,taker
2025-01-15 00:00:00+00:00,2025-01-16 00:00:00+00:00,2025-01-16 00:01:00+00:00,signal_low,signal_high,100500.6,96439.9,100700.5,100700.5,TP,0.19890428514854058,0.07890428514854061,4.040473390208628,0.04922796562168927,0.01952847538601571,5.999999999999999,5.999999999999999,0.0,taker
2025-01-17 00:00:00+00:00,2025-01-18 00:00:00+00:00,2025-01-18 23:59:00+00:00,signal_low,signal_high,104070.1,99908.4,105823.6,104529.0,next_day_close,0.44095278086596834,0.32095278086596835,3.998939176574262,0.11026743878703243,0.08025948050075528,5.999999999999999,5.999999999999999,0.0,taker
2025-02-10 00:00:00+00:00,2025-02-11 00:00:00+00:00,2025-02-11 05:55:00+00:00,signal_low,signal_high,97355.3,95158.7,98318.7,98318.7,TP,0.9895711892418739,0.8695711892418739,2.256271615412829,0.438586907038146,0.38540182099608117,5.999999999999999,5.999999999999999,0.0,taker
2025-02-20 00:00:00+00:00,2025-02-21 00:00:00+00:00,2025-02-21 09:18:00+00:00,signal_low,signal_high,98317.9,96349.0,98719.6,98719.6,TP,0.4085725996995579,0.28857259969955795,2.0025854905363056,0.20402255066281316,0.1441000152369407,5.999999999999999,5.999999999999999,0.0,taker
2025-03-01 00:00:00+00:00,2025-03-02 00:00:00+00:00,2025-03-02 06:49:00+00:00,signal_low,signal_high,85990.3,83764.4,86507.4,86507.4,TP,0.6013468961033875,0.48134689610338754,2.58854777806335,0.23231052607933383,0.18595248663461503,5.999999999999999,5.999999999999999,0.0,taker
2025-03-02 00:00:00+00:00,2025-03-03 00:00:00+00:00,2025-03-03 23:59:00+00:00,signal_low,signal_high,94227.0,84994.9,94981.7,86162.1,next_day_close,-8.559011748225025,-8.679011748225026,9.79772252114575,-0.8735715601000843,-0.8858193043836169,5.999999999999999,5.999999999999999,0.0,taker
2025-03-05 00:00:00+00:00,2025-03-06 00:00:00+00:00,2025-03-06 01:46:00+00:00,signal_low,signal_high,90576.0,86317.7,91012.9,91012.9,TP,0.4823573573573509,0.362357357357351,4.701355767532242,0.10259962895991215,0.0770750769086241,5.999999999999999,5.999999999999999,0.0,taker
2025-03-12 00:00:00+00:00,2025-03-13 00:00:00+00:00,2025-03-13 17:06:00+00:00,signal_low,signal_high,83625.2,80544.2,84442.0,80544.2,SL,-3.6842961212648824,-3.824296121264883,3.6842961212648824,-1.0,-1.0379991171697502,5.999999999999999,5.999999999999999,2.0,taker
2025-03-19 00:00:00+00:00,2025-03-20 00:00:00+00:00,2025-03-20 00:02:00+00:00,signal_low,signal_high,86853.7,82465.3,87044.8,87044.8,TP,0.22002516876080794,0.10002516876080796,5.052634487649915,0.043546622914959,0.019796636587368056,5.999999999999999,5.999999999999999,0.0,taker
2025-03-23 00:00:00+00:00,2025-03-24 00:00:00+00:00,2025-03-24 00:20:00+00:00,signal_low,signal_high,86084.1,83749.2,86150.3,86150.3,TP,0.07690154163195885,-0.043098458368041145,2.712347576381711,0.02835239196539331,-0.01588972547004273,5.999999999999999,5.999999999999999,0.0,taker
2025-03-24 00:00:00+00:00,2025-03-25 00:00:00+00:00,2025-03-25 23:59:00+00:00,signal_low,signal_high,87531.1,85479.4,88825.1,87425.7,next_day_close,-0.12041434415882896,-0.24041434415882895,2.3439668871978205,-0.051372032948290756,-0.10256729541356316,5.999999999999999,5.999999999999999,0.0,taker
2025-04-01 00:00:00+00:00,2025-04-02 00:00:00+00:00,2025-04-02 13:46:00+00:00,signal_low,signal_high,85136.8,82333.7,85560.0,85560.0,TP,0.4970823427706903,0.3770823427706903,3.292465772732832,0.15097570546894373,0.11452885733651902,5.999999999999999,5.999999999999999,0.0,taker
2025-04-09 00:00:00+00:00,2025-04-10 00:00:00+00:00,2025-04-10 23:59:00+00:00,signal_low,signal_high,82617.6,74534.9,83591.0,79542.8,next_day_close,-3.7217251529940385,-3.841725152994039,9.783266519482545,-0.3804174347680847,-0.39268327662785935,5.999999999999999,5.999999999999999,0.0,taker
2025-04-11 00:00:00+00:00,2025-04-12 00:00:00+00:00,2025-04-12 13:43:00+00:00,signal_low,signal_high,83380.2,78903.3,84278.6,84278.6,TP,1.0774740286063222,0.9574740286063224,5.3692603279915305,0.2006745739239228,0.178325126761824,5.999999999999999,5.999999999999999,0.0,taker
2025-04-12 00:00:00+00:00,2025-04-13 00:00:00+00:00,2025-04-13 01:30:00+00:00,signal_low,signal_high,85271.7,82768.5,85900.0,85900.0,TP,0.7368212431557046,0.6168212431557046,2.9355577524547973,0.250998721636307,0.21012062959412095,5.999999999999999,5.999999999999999,0.0,taker
2025-04-21 00:00:00+00:00,2025-04-22 00:00:00+00:00,2025-04-22 01:19:00+00:00,signal_low,signal_high,87534.9,85110.4,88500.0,88500.0,TP,1.1025316759372616,0.9825316759372615,2.7697524073255355,0.39806145597030557,0.3547362837698519,5.999999999999999,5.999999999999999,0.0,taker
2025-04-22 00:00:00+00:00,2025-04-23 00:00:00+00:00,2025-04-23 07:58:00+00:00,signal_low,signal_high,93495.1,87057.8,94126.5,94126.5,TP,0.6753295092470024,0.5553295092470024,6.885173661507397,0.09808460068662232,0.08065584639522687,5.999999999999999,5.999999999999999,0.0,taker
2025-04-25 00:00:00+00:00,2025-04-26 00:00:00+00:00,2025-04-26 23:59:00+00:00,signal_low,signal_high,94659.4,92831.3,95812.2,94636.6,next_day_close,-0.024086355924491768,-0.14408635592449173,1.931239792350249,-0.012471965428580749,-0.07460821618072806,5.999999999999999,5.999999999999999,0.0,taker
2025-05-01 00:00:00+00:00,2025-05-02 00:00:00+00:00,2025-05-02 14:35:00+00:00,signal_low,signal_high,96483.4,94086.7,97433.9,97433.9,TP,0.9851435583737722,0.8651435583737722,2.484054251819481,0.3965869737555811,0.3482788500855348,5.999999999999999,5.999999999999999,0.0,taker
2025-05-06 00:00:00+00:00,2025-05-07 00:00:00+00:00,2025-05-07 00:00:00+00:00,signal_low,signal_high,96828.6,93345.9,96874.0,96874.0,TP,0.046886973476838636,-0.07311302652316136,3.596767897088269,0.013035862979870224,-0.02032742412496212,5.999999999999999,5.999999999999999,0.0,taker
2025-05-07 00:00:00+00:00,2025-05-08 00:00:00+00:00,2025-05-08 00:59:00+00:00,signal_low,signal_high,97011.3,95776.2,97745.5,97745.5,TP,0.7568190509765327,0.6368190509765327,1.2731506535836605,0.59444579386284,0.5001914338919878,5.999999999999999,5.999999999999999,0.0,taker
2025-05-08 00:00:00+00:00,2025-05-09 00:00:00+00:00,2025-05-09 07:49:00+00:00,signal_low,signal_high,103258.7,96867.6,104263.3,104263.3,TP,0.9728962305355441,0.8528962305355442,6.189405832147791,0.15718733864280127,0.1377993710002984,5.999999999999999,5.999999999999999,0.0,taker
2025-05-10 00:00:00+00:00,2025-05-11 00:00:00+00:00,2025-05-11 23:59:00+00:00,signal_low,signal_high,104756.6,102800.0,104965.3,104082.1,next_day_close,-0.6438735125042241,-0.763873512504224,1.8677582128476926,-0.34473065521823465,-0.4089787999591115,5.999999999999999,5.999999999999999,0.0,taker
2025-05-18 00:00:00+00:00,2025-05-19 00:00:00+00:00,2025-05-19 00:05:00+00:00,signal_low,signal_high,106382.9,103069.4,106635.1,106635.1,TP,0.23706817543046077,0.11706817543046082,3.114692304872306,0.07611287158593984,0.03758579145918566,5.999999999999999,5.999999999999999,0.0,taker
2025-05-21 00:00:00+00:00,2025-05-22 00:00:00+00:00,2025-05-22 02:33:00+00:00,signal_low,signal_high,109621.3,106091.5,110757.1,110757.1,TP,1.0361125073320632,0.9161125073320632,3.2199946543235693,0.3217746047934733,0.2845074621791609,5.999999999999999,5.999999999999999,0.0,taker
2025-05-22 00:00:00+00:00,2025-05-23 00:00:00+00:00,2025-05-23 11:57:00+00:00,signal_low,signal_high,111666.9,109184.1,111968.0,109184.1,SL,-2.2233983391676393,-2.363398339167639,2.2233983391676393,-1.0,-1.0629666747220883,5.999999999999999,5.999999999999999,2.0,taker
2025-05-26 00:00:00+00:00,2025-05-27 00:00:00+00:00,2025-05-27 01:15:00+00:00,signal_low,signal_high,109392.6,108652.6,110406.9,108652.6,SL,-0.6764625760791864,-0.8164625760791864,0.6764625760791864,-1.0,-1.206958972972973,5.999999999999999,5.999999999999999,2.0,taker
2025-06-01 00:00:00+00:00,2025-06-02 00:00:00+00:00,2025-06-02 08:28:00+00:00,signal_low,signal_high,105576.7,103715.9,105771.9,105771.9,TP,0.18488927954747317,0.06488927954747319,1.7625100992927447,0.10490111779879448,0.0368164015477198,5.999999999999999,5.999999999999999,0.0,taker
2025-06-07 00:00:00+00:00,2025-06-08 00:00:00+00:00,2025-06-08 13:48:00+00:00,signal_low,signal_high,105584.2,103851.1,105919.6,105919.6,TP,0.31766116521222754,0.19766116521222754,1.6414387758774431,0.19352605158387307,0.12041945646529907,5.999999999999999,5.999999999999999,0.0,taker
2025-06-09 00:00:00+00:00,2025-06-10 00:00:00+00:00,2025-06-10 23:59:00+00:00,signal_low,signal_high,110254.5,105342.0,110672.8,110232.8,next_day_close,-0.01968173634635964,-0.13968173634635964,4.455600451682244,-0.004417302798981596,-0.03134969974554648,5.999999999999999,5.999999999999999,0.0,taker
2025-06-16 00:00:00+00:00,2025-06-17 00:00:00+00:00,2025-06-17 14:41:00+00:00,signal_low,signal_high,106839.0,104950.9,108921.0,104950.9,SL,-1.7672385552092453,-1.9072385552092452,1.7672385552092453,-1.0,-1.079219638790318,5.999999999999999,5.999999999999999,2.0,taker
2025-06-23 00:00:00+00:00,2025-06-24 00:00:00+00:00,2025-06-24 16:59:00+00:00,signal_low,signal_high,105228.3,99658.9,105955.4,105955.4,TP,0.6909738159791532,0.5709738159791532,5.292682671866797,0.13055266276438937,0.10787985061227248,5.999999999999999,5.999999999999999,0.0,taker
2025-06-24 00:00:00+00:00,2025-06-25 00:00:00+00:00,2025-06-25 00:10:00+00:00,signal_low,signal_high,106033.1,104573.9,106190.9,106190.9,TP,0.14882145292365154,0.02882145292365155,1.3761740437655898,0.10814144736841222,0.020943174342097127,5.999999999999999,5.999999999999999,0.0,taker
2025-06-25 00:00:00+00:00,2025-06-26 00:00:00+00:00,2025-06-26 03:04:00+00:00,signal_low,signal_high,107310.7,105757.7,108094.6,108094.6,TP,0.7304956542078365,0.6104956542078365,1.4471995802841655,0.5047649710238304,0.42184620734063666,5.999999999999999,5.999999999999999,0.0,taker
2025-06-29 00:00:00+00:00,2025-06-30 00:00:00+00:00,2025-06-30 00:24:00+00:00,signal_low,signal_high,108310.0,107150.0,108497.9,108497.9,TP,0.17348351952727742,0.05348351952727744,1.0709999076724217,0.16198275862068465,0.04993793103447776,5.999999999999999,5.999999999999999,0.0,taker
2025-07-02 00:00:00+00:00,2025-07-03 00:00:00+00:00,2025-07-03 09:19:00+00:00,signal_low,signal_high,108866.9,105069.1,109726.2,109726.2,TP,0.7893124540149513,0.6693124540149513,3.4884799695775195,0.22626257306862016,0.1918636368423838,5.999999999999999,5.999999999999999,0.0,taker
2025-07-06 00:00:00+00:00,2025-07-07 00:00:00+00:00,2025-07-07 03:27:00+00:00,signal_low,signal_high,109149.5,107781.7,109642.6,109642.6,TP,0.4517656975066361,0.33176569750663615,1.2531436241118858,0.3605059219184126,0.26474674660038383,5.999999999999999,5.999999999999999,0.0,taker
2025-07-09 00:00:00+00:00,2025-07-10 00:00:00+00:00,2025-07-10 16:24:00+00:00,signal_low,signal_high,111290.8,108338.4,112098.1,112098.1,TP,0.7253968881524824,0.6053968881524824,2.6528697789934195,0.27343855846091336,0.22820452513209624,5.999999999999999,5.999999999999999,0.0,taker
2025-07-10 00:00:00+00:00,2025-07-11 00:00:00+00:00,2025-07-11 05:30:00+00:00,signal_low,signal_high,115983.3,110540.0,117649.6,117649.6,TP,1.4366723485191426,1.3166723485191427,4.693175655460745,0.30611944959858944,0.28055040875939263,5.999999999999999,5.999999999999999,0.0,taker
2025-07-13 00:00:00+00:00,2025-07-14 00:00:00+00:00,2025-07-14 00:25:00+00:00,signal_low,signal_high,119060.1,117191.1,119413.0,119413.0,TP,0.2964049249076678,0.17640492490766782,1.5697954226478894,0.1888175494917037,0.11237446762974544,5.999999999999999,5.999999999999999,0.0,taker
2025-07-14 00:00:00+00:00,2025-07-15 00:00:00+00:00,2025-07-15 01:21:00+00:00,signal_low,signal_high,119817.4,118885.4,123265.8,118885.4,SL,-0.7778502955330361,-0.9178502955330361,0.7778502955330361,-1.0,-1.1799832188841202,5.999999999999999,5.999999999999999,2.0,taker
2025-07-22 00:00:00+00:00,2025-07-23 00:00:00+00:00,2025-07-23 23:59:00+00:00,signal_low,signal_high,120011.7,116117.0,120246.0,118706.8,next_day_close,-1.0873106538779087,-1.2073106538779088,3.2452669198086497,-0.3350450612370645,-0.37202198885665017,5.999999999999999,5.999999999999999,0.0,taker
2025-07-27 00:00:00+00:00,2025-07-28 00:00:00+00:00,2025-07-28 02:33:00+00:00,signal_low,signal_high,119364.7,117805.7,119727.5,119727.5,TP,0.3039424553490294,0.18394245534902945,1.3060812786359786,0.2327132777421443,0.1408353816549089,5.999999999999999,5.999999999999999,0.0,taker
2025-08-03 00:00:00+00:00,2025-08-04 00:00:00+00:00,2025-08-04 00:47:00+00:00,signal_low,signal_high,114058.9,111838.5,114638.1,114638.1,TP,0.5078078080711033,0.3878078080711033,1.9467134962725348,0.2608539001981684,0.1992115474689303,5.999999999999999,5.999999999999999,0.0,taker
2025-08-04 00:00:00+00:00,2025-08-05 00:00:00+00:00,2025-08-05 07:36:00+00:00,signal_low,signal_high,114987.7,113969.6,115622.5,113969.6,SL,-0.8853990470285006,-1.0253990470285006,0.8853990470285006,-1.0,-1.1581207936352043,5.999999999999999,5.999999999999999,2.0,taker
2025-08-07 00:00:00+00:00,2025-08-08 00:00:00+00:00,2025-08-08 00:38:00+00:00,signal_low,signal_high,117415.1,114203.2,117560.6,117560.6,TP,0.12391932553819737,0.00391932553819739,2.735508465265548,0.045300289548242355,0.0014327594258849875,5.999999999999999,5.999999999999999,0.0,taker
2025-08-10 00:00:00+00:00,2025-08-11 00:00:00+00:00,2025-08-11 00:00:00+00:00,signal_low,signal_high,119288.3,116405.5,119301.6,119301.6,TP,0.011149458915922944,-0.10885054108407703,2.416666177655313,0.004613570140142534,-0.045041612321353175,5.999999999999999,5.999999999999999,0.0,taker
2025-08-13 00:00:00+00:00,2025-08-14 00:00:00+00:00,2025-08-14 00:05:00+00:00,signal_low,signal_high,123322.3,118901.7,123715.0,123715.0,TP,0.3184338923292844,0.1984338923292844,3.5845909458386727,0.08883409491924096,0.05535747183640158,5.999999999999999,5.999999999999999,0.0,taker
2025-08-22 00:00:00+00:00,2025-08-23 00:00:00+00:00,2025-08-23 23:59:00+00:00,signal_low,signal_high,116882.7,111600.0,117291.6,115379.5,next_day_close,-1.286075698114432,-1.406075698114432,4.519659453452048,-0.28455146042743257,-0.31110213337876425,5.999999999999999,5.999999999999999,0.0,taker
2025-09-02 00:00:00+00:00,2025-09-03 00:00:00+00:00,2025-09-03 12:37:00+00:00,signal_low,signal_high,111183.4,108363.8,111696.3,111696.3,TP,0.4613098717974165,0.3413098717974165,2.535990084850788,0.18190523478507956,0.1345864377925982,5.999999999999999,5.999999999999999,0.0,taker
2025-09-08 00:00:00+00:00,2025-09-09 00:00:00+00:00,2025-09-09 06:46:00+00:00,signal_low,signal_high,112030.7,110571.0,112845.6,112845.6,TP,0.7273899029462538,0.6073899029462538,1.3029464245068514,0.5582653969993905,0.4661664451599713,5.999999999999999,5.999999999999999,0.0,taker
2025-09-10 00:00:00+00:00,2025-09-11 00:00:00+00:00,2025-09-11 03:56:00+00:00,signal_low,signal_high,113879.2,110859.0,114252.5,114252.5,TP,0.32780349703897016,0.20780349703897022,2.652108550112749,0.1236010860207944,0.07835406926693701,5.999999999999999,5.999999999999999,0.0,taker
2025-09-11 00:00:00+00:00,2025-09-12 00:00:00+00:00,2025-09-12 00:00:00+00:00,signal_low,signal_high,115411.3,113390.0,115417.3,115417.3,TP,0.005198797691387238,-0.11480120230861275,1.7513882956001734,0.0029683866818384164,-0.06554868648889318,5.999999999999999,5.999999999999999,0.0,taker
2025-09-12 00:00:00+00:00,2025-09-13 00:00:00+00:00,2025-09-13 23:59:00+00:00,signal_low,signal_high,115975.7,114711.5,116595.3,115862.7,next_day_close,-0.09743420388926301,-0.21743420388926302,1.0900559341310267,-0.08938459104572082,-0.1994706850181938,5.999999999999999,5.999999999999999,0.0,taker
2025-09-16 00:00:00+00:00,2025-09-17 00:00:00+00:00,2025-09-17 02:52:00+00:00,signal_low,signal_high,116737.4,114692.0,116908.5,116908.5,TP,0.14656828060245117,0.026568280602451182,1.7521377039406345,0.08365111958541425,0.015163351911609434,5.999999999999999,5.999999999999999,0.0,taker
2025-09-24 00:00:00+00:00,2025-09-25 00:00:00+00:00,2025-09-25 13:01:00+00:00,signal_low,signal_high,113238.1,110993.0,113885.4,110993.0,SL,-1.9826365860960273,-2.1226365860960272,1.9826365860960273,-1.0,-1.0706130417353346,5.999999999999999,5.999999999999999,2.0,taker
2025-09-28 00:00:00+00:00,2025-09-29 00:00:00+00:00,2025-09-29 08:47:00+00:00,signal_low,signal_high,112114.7,109147.0,112287.6,112287.6,TP,0.15421706520198397,0.034217065201984,2.6470213094268615,0.0582606058563901,0.012926630050210192,5.999999999999999,5.999999999999999,0.0,taker
2025-09-29 00:00:00+00:00,2025-09-30 00:00:00+00:00,2025-09-30 00:11:00+00:00,signal_low,signal_high,114249.9,111506.5,114357.4,114357.4,TP,0.09409198607613661,-0.025908013923863372,2.4012274846630013,0.03918495297805651,-0.01078948749726618,5.999999999999999,5.999999999999999,0.0,taker
2025-10-01 00:00:00+00:00,2025-10-02 00:00:00+00:00,2025-10-02 00:00:00+00:00,signal_low,signal_high,118548.8,113909.8,118612.9,118612.9,TP,0.054070559971919806,-0.06592944002808018,3.9131564385299558,0.013817633110582294,-0.01684814830782684,5.999999999999999,5.999999999999999,0.0,taker
2025-10-02 00:00:00+00:00,2025-10-03 00:00:00+00:00,2025-10-03 15:18:00+00:00,signal_low,signal_high,120464.4,118238.0,120975.4,120975.4,TP,0.424191711410176,0.304191711410176,1.8481808733534506,0.22951850521020542,0.16458979518505257,5.999999999999999,5.999999999999999,0.0,taker
2025-10-03 00:00:00+00:00,2025-10-04 00:00:00+00:00,2025-10-04 23:59:00+00:00,signal_low,signal_high,122196.4,119243.0,123869.2,122337.2,next_day_close,0.11522434376135707,-0.004775656238642924,2.416928812960115,0.047673867407057355,-0.001975919279473513,5.999999999999999,5.999999999999999,0.0,taker
2025-10-05 00:00:00+00:00,2025-10-06 00:00:00+00:00,2025-10-06 18:50:00+00:00,signal_low,signal_high,123434.4,122104.0,125806.5,125806.5,TP,1.9217495284944925,1.8017495284944927,1.0778194733396802,1.7829975947083705,1.671661695730619,5.999999999999999,5.999999999999999,0.0,taker
2025-10-12 00:00:00+00:00,2025-10-13 00:00:00+00:00,2025-10-13 00:20:00+00:00,signal_low,signal_high,114891.4,109541.7,115711.1,115711.1,TP,0.7134563596579132,0.5934563596579132,4.656310219912019,0.15322354524553006,0.1274520664710193,5.999999999999999,5.999999999999999,0.0,taker
2025-10-19 00:00:00+00:00,2025-10-20 00:00:00+00:00,2025-10-20 03:50:00+00:00,signal_low,signal_high,108579.2,106069.7,109368.0,109368.0,TP,0.7264743155226812,0.6064743155226812,2.3112161445286024,0.3143255628611289,0.26240484558677146,5.999999999999999,5.999999999999999,0.0,taker
2025-10-20 00:00:00+00:00,2025-10-21 00:00:00+00:00,2025-10-21 14:56:00+00:00,signal_low,signal_high,110481.3,107384.3,111647.7,111647.7,TP,1.055744275275539,0.9357442752755392,2.8031893180112832,0.37662253793994,0.33381415563448313,5.999999999999999,5.999999999999999,0.0,taker
2025-10-23 00:00:00+00:00,2025-10-24 00:00:00+00:00,2025-10-24 04:34:00+00:00,signal_low,signal_high,110010.5,107443.8,111218.2,111218.2,TP,1.097804300498586,0.9778043004985861,2.3331409274569217,0.47052635680056043,0.41909354423968453,5.999999999999999,5.999999999999999,0.0,taker
2025-10-26 00:00:00+00:00,2025-10-27 00:00:00+00:00,2025-10-27 05:18:00+00:00,signal_low,signal_high,114502.6,111202.3,115569.9,115569.9,TP,0.9321185719800148,0.8121185719800148,2.8822926291630084,0.3233948428930665,0.28176131866799614,5.999999999999999,5.999999999999999,0.0,taker
2025-11-09 00:00:00+00:00,2025-11-10 00:00:00+00:00,2025-11-10 00:20:00+00:00,signal_low,signal_high,104663.0,101342.9,105422.9,105422.9,TP,0.7260445429616905,0.6060445429616905,3.172181191060839,0.22887864823348478,0.1910497876569962,5.999999999999999,5.999999999999999,0.0,taker
2025-11-10 00:00:00+00:00,2025-11-11 00:00:00+00:00,2025-11-11 01:18:00+00:00,signal_low,signal_high,105965.2,104214.4,106632.5,106632.5,TP,0.6297350450902777,0.5097350450902778,1.652240546896531,0.38114005026273806,0.30851140050262854,5.999999999999999,5.999999999999999,0.0,taker
2025-11-23 00:00:00+00:00,2025-11-24 00:00:00+00:00,2025-11-24 17:56:00+00:00,signal_low,signal_high,86808.3,84630.0,88084.7,88084.7,TP,1.4703663128986446,1.3503663128986447,2.5093222652672647,0.5859615296331967,0.5381398521783008,5.999999999999999,5.999999999999999,0.0,taker
2025-11-24 00:00:00+00:00,2025-11-25 00:00:00+00:00,2025-11-25 23:59:00+00:00,signal_low,signal_high,88244.5,85224.5,89166.9,87319.1,next_day_close,-1.0486772546730891,-1.168677254673089,3.4223096056978055,-0.3064238410596007,-0.34148788079470005,5.999999999999999,5.999999999999999,0.0,taker
2025-11-26 00:00:00+00:00,2025-11-27 00:00:00+00:00,2025-11-27 01:04:00+00:00,signal_low,signal_high,90425.1,86266.7,90598.9,90598.9,TP,0.19220327099443446,0.07220327099443445,4.598723142136429,0.041794921123506155,0.015700721431316907,5.999999999999999,5.999999999999999,0.0,taker
2025-11-27 00:00:00+00:00,2025-11-28 00:00:00+00:00,2025-11-28 11:02:00+00:00,signal_low,signal_high,91288.7,90041.4,91900.0,91900.0,TP,0.6696338100991721,0.5496338100991722,1.3663246382082372,0.49009861300409,0.40227175499078155,5.999999999999999,5.999999999999999,0.0,taker
2025-12-02 00:00:00+00:00,2025-12-03 00:00:00+00:00,2025-12-03 01:50:00+00:00,signal_low,signal_high,91255.0,86142.9,92270.1,92270.1,TP,1.1123774039778707,0.9923774039778707,5.601994411265142,0.19856810312787398,0.17714716065804753,5.999999999999999,5.999999999999999,0.0,taker
2025-12-03 00:00:00+00:00,2025-12-04 00:00:00+00:00,2025-12-04 19:21:00+00:00,signal_low,signal_high,93384.1,90968.7,94137.5,90968.7,SL,-2.58652168838165,-2.7265216883816503,2.58652168838165,-1.0,-1.054126745052579,5.999999999999999,5.999999999999999,2.0,taker
2025-12-07 00:00:00+00:00,2025-12-08 00:00:00+00:00,2025-12-08 07:36:00+00:00,signal_low,signal_high,90327.3,87688.9,91721.6,91721.6,TP,1.5436086321632583,1.4236086321632584,2.920933095531482,0.5284642207398417,0.487381458459672,5.999999999999999,5.999999999999999,0.0,taker
2025-12-09 00:00:00+00:00,2025-12-10 00:00:00+00:00,2025-12-10 23:59:00+00:00,signal_low,signal_high,92634.0,89443.2,94558.5,91983.4,next_day_close,-0.7023339162726492,-0.8223339162726492,3.4445236090420397,-0.20389870878776648,-0.2387366177761079,5.999999999999999,5.999999999999999,0.0,taker
2025-12-21 00:00:00+00:00,2025-12-22 00:00:00+00:00,2025-12-22 00:13:00+00:00,signal_low,signal_high,88616.4,87566.0,89050.0,89050.0,TP,0.4892999489936466,0.3692999489936466,1.1853336402742543,0.41279512566642057,0.311557806549893,5.999999999999999,5.999999999999999,0.0,taker
2026-01-02 00:00:00+00:00,2026-01-03 00:00:00+00:00,2026-01-03 23:59:00+00:00,signal_low,signal_high,89958.4,88332.6,90930.0,90592.1,next_day_close,0.7044367174160631,0.5844367174160631,1.8072798093340794,0.3897773403862813,0.32337921023497074,5.999999999999999,5.999999999999999,0.0,taker
2026-01-04 00:00:00+00:00,2026-01-05 00:00:00+00:00,2026-01-05 00:01:00+00:00,signal_low,signal_high,91485.9,90590.5,91777.0,91777.0,TP,0.3181911092310463,0.19819110923104638,0.9787300556697746,0.3251060978333791,0.20249823542551598,5.999999999999999,5.999999999999999,0.0,taker
2026-01-05 00:00:00+00:00,2026-01-06 00:00:00+00:00,2026-01-06 18:00:00+00:00,signal_low,signal_high,93828.8,91466.8,94749.0,91466.8,SL,-2.5173507494500624,-2.657350749450062,2.5173507494500624,-1.0,-1.0556140220152412,5.999999999999999,5.999999999999999,2.0,taker
2026-01-11 00:00:00+00:00,2026-01-12 00:00:00+00:00,2026-01-12 01:00:00+00:00,signal_low,signal_high,90949.6,90181.0,91233.9,91233.9,TP,0.3125907095797984,0.19259070957979843,0.8450834308232316,0.36989331251624535,0.22789549830859618,5.999999999999999,5.999999999999999,0.0,taker
2026-01-12 00:00:00+00:00,2026-01-13 00:00:00+00:00,2026-01-13 09:21:00+00:00,signal_low,signal_high,91247.7,90079.8,92481.8,92481.8,TP,1.3524724458808342,1.232472445880834,1.2799226720235077,1.0566829351828169,0.9629272711704867,5.999999999999999,5.999999999999999,0.0,taker
2026-01-13 00:00:00+00:00,2026-01-14 00:00:00+00:00,2026-01-14 14:54:00+00:00,signal_low,signal_high,95375.2,91014.3,96744.9,96744.9,TP,1.4361175651532025,1.3161175651532024,4.572362626762507,0.3140865417689007,0.2878419041940881,5.999999999999999,5.999999999999999,0.0,taker
2026-01-14 00:00:00+00:00,2026-01-15 00:00:00+00:00,2026-01-15 23:59:00+00:00,signal_low,signal_high,96908.0,94439.3,97910.0,95569.3,next_day_close,-1.3814132992116204,-1.5014132992116203,2.547467701324965,-0.5422692105156555,-0.589374812654433,5.999999999999999,5.999999999999999,0.0,taker
2026-01-27 00:00:00+00:00,2026-01-28 00:00:00+00:00,2026-01-28 09:59:00+00:00,signal_low,signal_high,89197.7,87267.9,89490.7,89490.7,TP,0.32848380619679657,0.20848380619679657,2.163508700336447,0.15182920509897377,0.0963637475386049,5.999999999999999,5.999999999999999,0.0,taker
2026-02-13 00:00:00+00:00,2026-02-14 00:00:00+00:00,2026-02-14 08:06:00+00:00,signal_low,signal_high,68821.6,65833.9,69448.7,69448.7,TP,0.9111964848245191,0.7911964848245192,4.3412242667999745,0.20989389831642696,0.18225192623087633,5.999999999999999,5.999999999999999,0.0,taker
2026-02-14 00:00:00+00:00,2026-02-15 00:00:00+00:00,2026-02-15 07:18:00+00:00,signal_low,signal_high,69795.4,68692.2,70551.1,70551.1,TP,1.0827361115489154,0.9627361115489154,1.5806199262415535,0.6850072516316295,0.609087672226263,5.999999999999999,5.999999999999999,0.0,taker
2026-02-20 00:00:00+00:00,2026-02-21 00:00:00+00:00,2026-02-21 14:20:00+00:00,signal_low,signal_high,67979.2,66413.6,68303.3,68303.3,TP,0.47676348059407264,0.35676348059407265,2.303057405794701,0.20701328564129254,0.15490863566684157,5.999999999999999,5.999999999999999,0.0,taker
2026-02-25 00:00:00+00:00,2026-02-26 00:00:00+00:00,2026-02-26 23:59:00+00:00,signal_low,signal_high,67952.5,63875.5,69999.0,67448.1,next_day_close,-0.7422832125381614,-0.8622832125381615,5.999779257569625,-0.1237184204071607,-0.14371915624233364,5.999999999999999,5.999999999999999,0.0,taker
2026-03-02 00:00:00+00:00,2026-03-03 00:00:00+00:00,2026-03-03 23:59:00+00:00,signal_low,signal_high,68801.8,65236.8,70109.0,68295.2,next_day_close,-0.7363179451700476,-0.8563179451700477,5.181550482690859,-0.14210378681627092,-0.1652628779803663,5.999999999999999,5.999999999999999,0.0,taker
2026-03-04 00:00:00+00:00,2026-03-05 00:00:00+00:00,2026-03-05 23:59:00+00:00,signal_low,signal_high,72641.4,67361.9,74027.5,70848.4,next_day_close,-2.468289432747717,-2.588289432747717,7.267894065918333,-0.339615493891467,-0.3561264665214509,5.999999999999999,5.999999999999999,0.0,taker
2026-03-09 00:00:00+00:00,2026-03-10 00:00:00+00:00,2026-03-10 02:30:00+00:00,signal_low,signal_high,68392.7,65773.6,69488.5,69488.5,TP,1.6022177805526072,1.4822177805526071,3.8295022714412372,0.41838799587644865,0.38705233095338337,5.999999999999999,5.999999999999999,0.0,taker
2026-03-10 00:00:00+00:00,2026-03-11 00:00:00+00:00,2026-03-11 23:59:00+00:00,signal_low,signal_high,69901.9,68345.0,71755.1,70150.0,next_day_close,0.3549259748304493,0.23492597483044933,2.2272642088412393,0.15935512878155741,0.10547737170017757,5.999999999999999,5.999999999999999,0.0,taker
2026-03-13 00:00:00+00:00,2026-03-14 00:00:00+00:00,2026-03-14 06:40:00+00:00,signal_low,signal_high,70895.5,70335.4,73865.9,70335.4,SL,-0.7900360389587574,-0.9300360389587574,0.7900360389587574,-1.0,-1.1772071058739493,5.999999999999999,5.999999999999999,2.0,taker
2026-03-15 00:00:00+00:00,2026-03-16 00:00:00+00:00,2026-03-16 03:31:00+00:00,signal_low,signal_high,72778.8,70818.0,73180.0,73180.0,TP,0.5512594326919337,0.43125943269193373,2.694191165559205,0.20461036311709327,0.16007009383924756,5.999999999999999,5.999999999999999,0.0,taker
2026-03-16 00:00:00+00:00,2026-03-17 00:00:00+00:00,2026-03-17 00:07:00+00:00,signal_low,signal_high,74846.3,72242.7,74887.3,74887.3,TP,0.054778926947624665,-0.06522107305237532,3.4785954683130704,0.015747426640036838,-0.018749254877861377,5.999999999999999,5.999999999999999,0.0,taker
2026-03-23 00:00:00+00:00,2026-03-24 00:00:00+00:00,2026-03-24 23:59:00+00:00,signal_low,signal_high,70866.2,67407.5,71780.2,70524.0,next_day_close,-0.4828818251860508,-0.6028818251860507,4.8806059870572955,-0.09893890768207633,-0.12352601844623629,5.999999999999999,5.999999999999999,0.0,taker
2026-03-31 00:00:00+00:00,2026-04-01 00:00:00+00:00,2026-04-01 05:25:00+00:00,signal_low,signal_high,68242.2,65951.1,68568.2,68568.2,TP,0.4777102731154623,0.35771027311546233,3.3573067691252496,0.1422897298241025,0.10654679411636374,5.999999999999999,5.999999999999999,0.0,taker
2026-04-05 00:00:00+00:00,2026-04-06 00:00:00+00:00,2026-04-06 00:00:00+00:00,signal_low,signal_high,69000.7,66566.8,69127.3,69127.3,TP,0.18347639951479597,0.063476399514796,3.5273555195816773,0.05201528411192166,0.017995464070013536,5.999999999999999,5.999999999999999,0.0,taker
2026-04-07 00:00:00+00:00,2026-04-08 00:00:00+00:00,2026-04-08 13:13:00+00:00,signal_low,signal_high,71895.8,67696.2,72763.8,72763.8,TP,1.2073027909836178,1.087302790983618,5.841231337574664,0.20668635108105504,0.186142737403562,5.999999999999999,5.999999999999999,0.0,taker
2026-04-13 00:00:00+00:00,2026-04-14 00:00:00+00:00,2026-04-14 07:09:00+00:00,signal_low,signal_high,74379.8,70510.7,74862.1,74862.1,TP,0.6484287400611496,0.5284287400611496,5.201815546694137,0.1246543123723869,0.10158544364322512,5.999999999999999,5.999999999999999,0.0,taker
2026-04-17 00:00:00+00:00,2026-04-18 00:00:00+00:00,2026-04-18 23:59:00+00:00,signal_low,signal_high,77027.6,74500.0,78291.9,75652.2,next_day_close,-1.7855937352325773,-1.9055937352325771,3.281421204866834,-0.5441525557841452,-0.5807220762778942,5.999999999999999,5.999999999999999,0.0,taker
2026-04-22 00:00:00+00:00,2026-04-23 00:00:00+00:00,2026-04-23 23:59:00+00:00,signal_low,signal_high,78141.9,76101.3,79435.7,78214.0,next_day_close,0.09226804057746975,-0.027731959422530247,2.61140310128112,0.03533274527100173,-0.010619562873661793,5.999999999999999,5.999999999999999,0.0,taker
2026-04-26 00:00:00+00:00,2026-04-27 00:00:00+00:00,2026-04-27 00:54:00+00:00,signal_low,signal_high,78616.7,77279.8,78918.4,78918.4,TP,0.3837607022426496,0.26376070224264964,1.7005292768584719,0.22567132919440377,0.15510506395392176,5.999999999999999,5.999999999999999,0.0,taker
2026-05-01 00:00:00+00:00,2026-05-02 00:00:00+00:00,2026-05-02 21:37:00+00:00,signal_low,signal_high,78192.4,76272.7,78937.2,78937.2,TP,0.9525222400130997,0.8325222400130998,2.4550979379070053,0.38797728811793725,0.3390994009480669,5.999999999999999,5.999999999999999,0.0,taker
2026-05-04 00:00:00+00:00,2026-05-05 00:00:00+00:00,2026-05-05 02:39:00+00:00,signal_low,signal_high,79822.6,78165.6,80739.9,80739.9,TP,1.1491732917744952,1.0291732917744953,2.0758532044809366,0.5535908267954063,0.4957832709716284,5.999999999999999,5.999999999999999,0.0,taker
2026-05-05 00:00:00+00:00,2026-05-06 00:00:00+00:00,2026-05-06 08:34:00+00:00,signal_low,signal_high,80862.9,79757.4,81748.2,81748.2,TP,1.0948160404833402,0.9748160404833404,1.3671288069065046,0.8008141112618752,0.7130389145183202,5.999999999999999,5.999999999999999,0.0,taker
2026-05-09 00:00:00+00:00,2026-05-10 00:00:00+00:00,2026-05-10 15:04:00+00:00,signal_low,signal_high,80631.4,80083.9,81063.0,81063.0,TP,0.5352753393839197,0.41527533938391975,0.6790158672675906,0.7883105022831157,0.6115841461187322,5.999999999999999,5.999999999999999,0.0,taker
2026-05-10 00:00:00+00:00,2026-05-11 00:00:00+00:00,2026-05-11 23:59:00+00:00,signal_low,signal_high,82180.5,80223.3,82449.9,81698.5,next_day_close,-0.5865138323568243,-0.7065138323568243,2.381586872798288,-0.24627018189249986,-0.29665675454731294,5.999999999999999,5.999999999999999,0.0,taker
2026-05-20 00:00:00+00:00,2026-05-21 00:00:00+00:00,2026-05-21 00:46:00+00:00,signal_low,signal_high,77513.5,76481.0,77827.2,77827.2,TP,0.4047036967753967,0.2847036967753967,1.3320260341746921,0.3038256658595614,0.21373733656174057,5.999999999999999,5.999999999999999,0.0,taker
2026-06-07 00:00:00+00:00,2026-06-08 00:00:00+00:00,2026-06-08 23:59:00+00:00,signal_low,signal_high,63302.4,60708.8,64274.5,63058.6,next_day_close,-0.38513547669599085,-0.5051354766959908,4.097159033464764,-0.09400061690314737,-0.12328920419494258,5.999999999999999,5.999999999999999,0.0,taker
2026-06-11 00:00:00+00:00,2026-06-12 00:00:00+00:00,2026-06-12 09:34:00+00:00,signal_low,signal_high,63598.3,61478.9,63899.6,63899.6,TP,0.473754801622049,0.3537548016220491,3.332479012803803,0.1421628762857391,0.106153647258656,5.999999999999999,5.999999999999999,0.0,taker
2026-06-13 00:00:00+00:00,2026-06-14 00:00:00+00:00,2026-06-14 21:18:00+00:00,signal_low,signal_high,64417.8,63400.0,64735.7,64735.7,TP,0.49349713898952485,0.3734971389895249,1.5799980750662128,0.3123403419139254,0.23639088229514002,5.999999999999999,5.999999999999999,0.0,taker
2026-06-14 00:00:00+00:00,2026-06-15 00:00:00+00:00,2026-06-15 00:07:00+00:00,signal_low,signal_high,65703.2,63650.4,65772.9,65772.9,TP,0.10608311315125761,-0.013916886848742375,3.1243531517490712,0.033953624318003334,-0.004454325798910229,5.999999999999999,5.999999999999999,0.0,taker
2026-06-15 00:00:00+00:00,2026-06-16 00:00:00+00:00,2026-06-16 14:33:00+00:00,signal_low,signal_high,66286.8,65315.5,67266.0,65315.5,SL,-1.4652992752704956,-1.6052992752704955,1.4652992752704956,-1.0,-1.0955436219499637,5.999999999999999,5.999999999999999,2.0,taker
2026-06-20 00:00:00+00:00,2026-06-21 00:00:00+00:00,2026-06-21 03:22:00+00:00,signal_low,signal_high,64268.2,63161.4,64360.0,64360.0,TP,0.14283891566902904,0.022838915669029035,1.722158081290585,0.08294181423925123,0.013261799783161344,5.999999999999999,5.999999999999999,0.0,taker
2026-07-02 00:00:00+00:00,2026-07-03 00:00:00+00:00,2026-07-03 13:53:00+00:00,signal_low,signal_high,61538.5,59556.3,62181.4,62181.4,TP,1.044711847055098,0.924711847055098,3.2210729868293786,0.3243365957017468,0.28708192916961073,5.999999999999999,5.999999999999999,0.0,taker
2026-07-03 00:00:00+00:00,2026-07-04 00:00:00+00:00,2026-07-04 15:10:00+00:00,signal_low,signal_high,62562.3,61223.8,62962.5,62962.5,TP,0.6396823646189431,0.5196823646189431,2.1394673789166956,0.29899140829286297,0.24290268210683383,5.999999999999999,5.999999999999999,0.0,taker
2026-07-04 00:00:00+00:00,2026-07-05 00:00:00+00:00,2026-07-05 22:20:00+00:00,signal_low,signal_high,63114.4,62308.1,63448.1,63448.1,TP,0.5287224468583985,0.40872244685839854,1.277521453107378,0.41386580677166795,0.3199339203770261,5.999999999999999,5.999999999999999,0.0,taker
2026-07-05 00:00:00+00:00,2026-07-06 00:00:00+00:00,2026-07-06 12:00:00+00:00,signal_low,signal_high,63616.3,62420.0,63990.7,62420.0,SL,-1.8804928925448396,-2.0204928925448398,1.8804928925448396,-1.0,-1.074448566413107,5.999999999999999,5.999999999999999,2.0,taker
2026-07-06 00:00:00+00:00,2026-07-07 00:00:00+00:00,2026-07-07 23:59:00+00:00,signal_low,signal_high,64023.2,61287.7,64692.5,63336.2,next_day_close,-1.073048519911532,-1.1930485199115322,4.2726699071586545,-0.25114238713215137,-0.2792278705903857,5.999999999999999,5.999999999999999,0.0,taker
2026-07-10 00:00:00+00:00,2026-07-11 00:00:00+00:00,2026-07-11 23:59:00+00:00,signal_low,signal_high,64132.5,62899.0,64679.8,63782.6,next_day_close,-0.5455892098390074,-0.6655892098390074,1.9233617900440494,-0.28366436967977415,-0.34605512768544905,5.999999999999999,5.999999999999999,0.0,taker
2026-07-14 00:00:00+00:00,2026-07-15 00:00:00+00:00,2026-07-15 06:33:00+00:00,signal_low,signal_high,65013.8,62240.0,65106.8,65106.8,TP,0.14304655319332202,0.023046553193322036,4.266478809114377,0.03352801211334628,0.005401773739995669,5.999999999999999,5.999999999999999,0.0,taker
2026-07-18 00:00:00+00:00,2026-07-19 00:00:00+00:00,2026-07-19 00:26:00+00:00,signal_low,signal_high,64806.1,63860.7,64849.7,64849.7,TP,0.06727761738478098,-0.05272238261521901,1.458813290724178,0.04611804527184099,-0.03614059657288068,5.999999999999999,5.999999999999999,0.0,taker
2026-07-20 00:00:00+00:00,2026-07-21 00:00:00+00:00,2026-07-21 05:48:00+00:00,signal_low,signal_high,65224.0,63730.1,65781.7,65781.7,TP,0.8550533545933967,0.7350533545933967,2.290414571323441,0.37331816051944344,0.3209258986545262,5.999999999999999,5.999999999999999,0.0,taker
2026-07-21 00:00:00+00:00,2026-07-22 00:00:00+00:00,2026-07-22 23:59:00+00:00,signal_low,signal_high,66522.4,65090.0,66962.6,66081.5,next_day_close,-0.6627842651497754,-0.7827842651497755,2.1532596538910114,-0.3078050823792209,-0.3635345434236221,5.999999999999999,5.999999999999999,0.0,taker
2026-07-26 00:00:00+00:00,2026-07-27 00:00:00+00:00,2026-07-27 06:06:00+00:00,signal_low,signal_high,65375.7,64252.3,65564.8,65564.8,TP,0.2892512049584262,0.16925120495842622,1.7183754820215984,0.16832828912231335,0.09849489051095463,5.999999999999999,5.999999999999999,0.0,taker
2026-07-30 00:00:00+00:00,2026-07-31 00:00:00+00:00,2026-07-31 01:09:00+00:00,signal_low,signal_high,64750.9,63576.5,65154.3,65154.3,TP,0.6230029235114901,0.5030029235114901,1.813719963737958,0.3434945504087202,0.2773321866485023,5.999999999999999,5.999999999999999,0.0,taker
2026-08-02 00:00:00+00:00,2026-08-03 00:00:00+00:00,2026-08-03 03:46:00+00:00,signal_low,signal_high,63548.8,62778.8,63782.7,62778.8,SL,-1.211667254141699,-1.351667254141699,1.211667254141699,-1.0,-1.1155432727272727,5.999999999999999,5.999999999999999,2.0,taker
2026-08-04 00:00:00+00:00,2026-08-05 00:00:00+00:00,2026-08-05 12:21:00+00:00,signal_low,signal_high,64075.9,63293.8,64512.9,64512.9,TP,0.6820036862533339,0.562003686253334,1.2205837140016738,0.5587520777394205,0.4604384605549171,5.999999999999999,5.999999999999999,0.0,taker
2026-08-05 00:00:00+00:00,2026-08-06 00:00:00+00:00,2026-08-06 23:59:00+00:00,signal_low,signal_high,64632.0,63840.7,65001.0,64297.4,next_day_close,-0.5177002104220797,-0.6377002104220797,1.224316128233697,-0.4228484771894317,-0.5208623783647125,5.999999999999999,5.999999999999999,0.0,taker
2026-08-17 00:00:00+00:00,2026-08-18 00:00:00+00:00,2026-08-18 14:23:00+00:00,signal_low,signal_high,64502.5,62714.7,64595.4,64595.4,TP,0.1440254253711119,0.0240254253711119,2.7716755164528553,0.051963306857591054,0.008668195547601202,5.999999999999999,5.999999999999999,0.0,taker
2026-08-18 00:00:00+00:00,2026-08-19 00:00:00+00:00,2026-08-19 13:30:00+00:00,signal_low,signal_high,64694.6,63993.6,65026.5,65026.5,TP,0.5130258166833112,0.3930258166833112,1.0835525685296765,0.4734664764621989,0.3627196576319564,5.999999999999999,5.999999999999999,0.0,taker
2026-08-19 00:00:00+00:00,2026-08-20 00:00:00+00:00,2026-08-20 08:07:00+00:00,signal_low,signal_high,69308.8,64133.3,70043.4,70043.4,TP,1.0598942702802403,0.9398942702802403,7.467305738953783,0.14193797700705077,0.12586792387208795,5.999999999999999,5.999999999999999,0.0,taker
2026-08-20 00:00:00+00:00,2026-08-21 00:00:00+00:00,2026-08-21 00:13:00+00:00,signal_low,signal_high,72997.3,68888.0,73367.2,73367.2,TP,0.5067310708752162,0.3867310708752162,5.6293862923697215,0.09001533107828436,0.06869862020295281,5.999999999999999,5.999999999999999,0.0,taker
2026-08-21 00:00:00+00:00,2026-08-22 00:00:00+00:00,2026-08-22 23:59:00+00:00,signal_low,signal_high,78309.5,72991.6,79357.9,77082.4,next_day_close,-1.5669874025501451,-1.6869874025501452,6.790874670378427,-0.2307489798604726,-0.248419752157808,5.999999999999999,5.999999999999999,0.0,taker
2026-08-24 00:00:00+00:00,2026-08-25 00:00:00+00:00,2026-08-25 02:17:00+00:00,signal_low,signal_high,78953.2,76654.6,79981.4,79981.4,TP,1.3022904708105525,1.1822904708105526,2.9113449486531153,0.44731575741755897,0.4060976942486734,5.999999999999999,5.999999999999999,0.0,taker
2026-08-27 00:00:00+00:00,2026-08-28 00:00:00+00:00,2026-08-28 01:11:00+00:00,signal_low,signal_high,80209.1,78529.4,80821.7,80821.7,TP,0.7637537386655519,0.643753738665552,2.0941514117475593,0.3647079835684866,0.3074055367029753,5.999999999999999,5.999999999999999,0.0,taker
2026-09-03 00:00:00+00:00,2026-09-04 00:00:00+00:00,2026-09-04 23:59:00+00:00,signal_low,signal_high,81229.2,76926.0,82202.6,79617.6,next_day_close,-1.9840156003013587,-2.104015600301359,5.297602340045202,-0.3745119910764064,-0.3971637479085314,5.999999999999999,5.999999999999999,0.0,taker
2026-09-06 00:00:00+00:00,2026-09-07 00:00:00+00:00,2026-09-07 07:33:00+00:00,signal_low,signal_high,80300.6,79281.2,80513.4,79281.2,SL,-1.269479929166169,-1.409479929166169,1.269479929166169,-1.0,-1.1102813812046293,5.999999999999999,5.999999999999999,2.0,taker
2026-09-14 00:00:00+00:00,2026-09-15 00:00:00+00:00,2026-09-15 13:38:00+00:00,signal_low,signal_high,78155.4,76347.8,79572.4,76347.8,SL,-2.312828032356039,-2.4528280323560385,2.312828032356039,-1.0,-1.0605319539721179,5.999999999999999,5.999999999999999,2.0,taker
2026-09-18 00:00:00+00:00,2026-09-19 00:00:00+00:00,2026-09-19 00:53:00+00:00,signal_low,signal_high,80863.8,76254.7,81378.0,81378.0,TP,0.6358840420558978,0.5158840420558978,5.699831073978722,0.11156191013429875,0.09050865461803748,5.999999999999999,5.999999999999999,0.0,taker
2026-09-21 00:00:00+00:00,2026-09-22 00:00:00+00:00,2026-09-22 23:59:00+00:00,signal_low,signal_high,86578.9,80811.8,87374.2,86159.7,next_day_close,-0.4841826357230193,-0.6041826357230192,6.661091790262976,-0.07268817950096197,-0.09070324426488147,5.999999999999999,5.999999999999999,0.0,taker
2024-10-04 00:00:00+00:00,2024-10-05 00:00:00+00:00,2024-10-05 23:59:00+00:00,signal_low,signal_high,62070.0,60382.0,62478.3,62042.5,next_day_close,-0.04430481714193652,-0.1643048171419365,2.7195102303850494,-0.016291469194312794,-0.0604170616113744,5.999999999999999,5.999999999999999,0.0,maker_target
2024-10-06 00:00:00+00:00,2024-10-07 00:00:00+00:00,2024-10-07 00:22:00+00:00,signal_low,signal_high,62817.9,61789.2,62972.6,62972.6,TP,0.24626738557003194,0.16626738557003196,1.6375905593787827,0.15038397978030177,0.1015317196461521,5.999999999999999,2.0,0.0,maker_target
2024-10-11 00:00:00+00:00,2024-10-12 00:00:00+00:00,2024-10-12 15:13:00+00:00,signal_low,signal_high,62570.0,59979.0,63459.5,63459.5,TP,1.4216077992648233,1.3416077992648232,4.140962122422886,0.3433037437282902,0.32398456194519487,5.999999999999999,2.0,0.0,maker_target
2024-10-14 00:00:00+00:00,2024-10-15 00:00:00+00:00,2024-10-15 13:45:00+00:00,signal_low,signal_high,66143.8,62446.0,66580.0,66580.0,TP,0.6594722407844682,0.5794722407844682,5.590546657434261,0.11796203147817533,0.10365216074422544,5.999999999999999,2.0,0.0,maker_target
2024-10-15 00:00:00+00:00,2024-10-16 00:00:00+00:00,2024-10-16 11:26:00+00:00,signal_low,signal_high,67062.6,64774.5,68006.9,68006.9,TP,1.4080873691148097,1.3280873691148096,3.411886804269452,0.412700493859528,0.3892530571216233,5.999999999999999,2.0,0.0,maker_target
2024-10-18 00:00:00+00:00,2024-10-19 00:00:00+00:00,2024-10-19 23:59:00+00:00,signal_low,signal_high,68419.5,67176.9,69087.1,68359.0,next_day_close,-0.08842508349227925,-0.20842508349227926,1.8161489049174664,-0.048688234347336004,-0.11476211170127099,5.999999999999999,5.999999999999999,0.0,maker_target
2024-10-20 00:00:00+00:00,2024-10-21 00:00:00+00:00,2024-10-21 00:23:00+00:00,signal_low,signal_high,69036.6,68059.3,69472.8,69472.8,TP,0.6318387637861613,0.5518387637861614,1.415625914370063,0.4463317302772903,0.3898196254988192,5.999999999999999,2.0,0.0,maker_target
2024-10-24 00:00:00+00:00,2024-10-25 00:00:00+00:00,2024-10-25 18:02:00+00:00,signal_low,signal_high,68163.0,66437.9,68837.2,66437.9,SL,-2.5308451799363376,-2.6708451799363377,2.5308451799363376,-1.0,-1.0553174888412264,5.999999999999999,5.999999999999999,2.0,maker_target
2024-10-27 00:00:00+00:00,2024-10-28 00:00:00+00:00,2024-10-28 07:12:00+00:00,signal_low,signal_high,67989.7,66874.3,68301.9,68301.9,TP,0.4591872004141761,0.3791872004141761,1.6405426116014545,0.27989958759189415,0.23113523399677105,5.999999999999999,2.0,0.0,maker_target
2024-10-28 00:00:00+00:00,2024-10-29 00:00:00+00:00,2024-10-29 01:55:00+00:00,signal_low,signal_high,69993.5,67550.4,70373.2,70373.2,TP,0.5424789444734113,0.4624789444734113,3.4904669719331163,0.15541729769554918,0.13249772829601586,5.999999999999999,2.0,0.0,maker_target
2024-10-29 00:00:00+00:00,2024-10-30 00:00:00+00:00,2024-10-30 23:59:00+00:00,signal_low,signal_high,72756.6,69778.6,73723.7,72359.2,next_day_close,-0.5462047429374225,-0.6662047429374225,4.093099457643705,-0.13344526527871348,-0.1627629012760271,5.999999999999999,5.999999999999999,0.0,maker_target
2024-11-06 00:00:00+00:00,2024-11-07 00:00:00+00:00,2024-11-07 17:56:00+00:00,signal_low,signal_high,75608.7,69262.7,76449.8,76449.8,TP,1.112438118893733,1.0324381188937328,8.393214008440827,0.13254018279231103,0.12300867317995678,5.999999999999999,2.0,0.0,maker_target
2024-11-10 00:00:00+00:00,2024-11-11 00:00:00+00:00,2024-11-11 01:53:00+00:00,signal_low,signal_high,80358.7,76486.6,81661.5,81661.5,TP,1.6212308063719336,1.5412308063719338,4.818519961124299,0.33645825262777457,0.3198556442240659,5.999999999999999,2.0,0.0,maker_target
2024-11-11 00:00:00+00:00,2024-11-12 00:00:00+00:00,2024-11-12 06:45:00+00:00,signal_low,signal_high,88710.3,80215.7,89785.0,89785.0,TP,1.2114714976727585,1.1314714976727585,9.575663705342,0.12651566877781137,0.11816115649942274,5.999999999999999,2.0,0.0,maker_target
2024-11-13 00:00:00+00:00,2024-11-14 00:00:00+00:00,2024-11-14 23:59:00+00:00,signal_low,signal_high,90337.7,86066.8,93459.8,87276.0,next_day_close,-3.3891719625361247,-3.5091719625361257,4.727705044516292,-0.7168746634198883,-0.7422569575499314,5.999999999999999,5.999999999999999,0.0,maker_target
2024-11-20 00:00:00+00:00,2024-11-21 00:00:00+00:00,2024-11-21 00:41:00+00:00,signal_low,signal_high,94341.8,91430.8,94976.5,94976.5,TP,0.6727664725498105,0.5927664725498105,3.085588784610851,0.21803503950532363,0.1921080590862237,5.999999999999999,2.0,0.0,maker_target
2024-11-21 00:00:00+00:00,2024-11-22 00:00:00+00:00,2024-11-22 03:15:00+00:00,signal_low,signal_high,98398.0,94005.0,99124.9,99124.9,TP,0.7387345271245291,0.6587345271245292,4.46452163661863,0.1654677896653754,0.14754873662644985,5.999999999999999,2.0,0.0,maker_target
2024-11-27 00:00:00+00:00,2024-11-28 00:00:00+00:00,2024-11-28 23:59:00+00:00,signal_low,signal_high,95873.2,91751.6,97254.8,95659.7,next_day_close,-0.22268996966827015,-0.34268996966827014,4.299011611169744,-0.051800271739130536,-0.07971366459627345,5.999999999999999,5.999999999999999,0.0,maker_target
2024-11-29 00:00:00+00:00,2024-11-30 00:00:00+00:00,2024-11-30 23:59:00+00:00,signal_low,signal_high,97510.3,95372.3,98738.5,96467.2,next_day_close,-1.0697331461394395,-1.1897331461394394,2.1925888854818414,-0.4878858746492076,-0.5426156969130055,5.999999999999999,5.999999999999999,0.0,maker_target
2024-12-04 00:00:00+00:00,2024-12-05 00:00:00+00:00,2024-12-05 02:29:00+00:00,signal_low,signal_high,98675.9,94612.8,99073.5,99073.5,TP,0.40293526585519446,0.3229352658551945,4.1176214252922865,0.09785631660554914,0.07842762422780795,5.999999999999999,2.0,0.0,maker_target
2024-12-08 00:00:00+00:00,2024-12-09 00:00:00+00:00,2024-12-09 03:54:00+00:00,signal_low,signal_high,101177.6,98687.7,101447.7,98687.7,SL,-2.460920203681456,-2.6009202036814556,2.460920203681456,-1.0,-1.0568892887264547,5.999999999999999,5.999999999999999,2.0,maker_target
2024-12-11 00:00:00+00:00,2024-12-12 00:00:00+00:00,2024-12-12 16:00:00+00:00,signal_low,signal_high,101118.5,95607.9,101895.7,101895.7,TP,0.7686031735043509,0.688603173504351,5.449645712703418,0.14103727361811713,0.1263574202446188,5.999999999999999,2.0,0.0,maker_target
2024-12-15 00:00:00+00:00,2024-12-16 00:00:00+00:00,2024-12-16 00:30:00+00:00,signal_low,signal_high,104497.1,101183.0,105379.9,105379.9,TP,0.8448081334314428,0.7648081334314428,3.1714755720493732,0.26637699526266156,0.24115214387012673,5.999999999999999,2.0,0.0,maker_target
2024-12-16 00:00:00+00:00,2024-12-17 00:00:00+00:00,2024-12-17 14:31:00+00:00,signal_low,signal_high,106052.6,103261.0,107829.0,107829.0,TP,1.6750178684916672,1.5950178684916674,2.632278699437831,0.6363375841811113,0.6059456655681297,5.999999999999999,2.0,0.0,maker_target
2024-12-24 00:00:00+00:00,2024-12-25 00:00:00+00:00,2024-12-25 21:04:00+00:00,signal_low,signal_high,98658.2,93482.7,99477.5,99477.5,TP,0.8304428825987125,0.7504428825987125,5.245889343207153,0.15830354555115506,0.14305350980581644,5.999999999999999,2.0,0.0,maker_target
2025-01-02 00:00:00+00:00,2025-01-03 00:00:00+00:00,2025-01-03 16:22:00+00:00,signal_low,signal_high,96982.0,94309.1,97823.2,97823.2,TP,0.8673774514858398,0.7873774514858397,2.7560784475469617,0.3147143551947319,0.28568760522279124,5.999999999999999,2.0,0.0,maker_target
2025-01-03 00:00:00+00:00,2025-01-04 00:00:00+00:00,2025-01-04 23:59:00+00:00,signal_low,signal_high,98165.1,96041.0,98963.6,98175.2,next_day_close,0.010288788989153242,-0.10971121101084674,2.163803632859342,0.004754955039777431,-0.050702942422677096,5.999999999999999,5.999999999999999,0.0,maker_target
2025-01-06 00:00:00+00:00,2025-01-07 00:00:00+00:00,2025-01-07 00:35:00+00:00,signal_low,signal_high,102214.8,97869.2,102494.7,102494.7,TP,0.273835100200748,0.193835100200748,4.251439126232215,0.06440997790868783,0.04559282032400449,5.999999999999999,2.0,0.0,maker_target
2025-01-14 00:00:00+00:00,2025-01-15 00:00:00+00:00,2025-01-15 01:55:00+00:00,signal_low,signal_high,96508.4,94309.7,97393.7,97393.7,TP,0.9173294759834407,0.8373294759834407,2.2782472821018662,0.4026470186928658,0.36753230545322413,5.999999999999999,2.0,0.0,maker_target
2025-01-15 00:00:00+00:00,2025-01-16 00:00:00+00:00,2025-01-16 00:01:00+00:00,signal_low,signal_high,100500.6,96439.9,100700.5,100700.5,TP,0.19890428514854058,0.1189042851485406,4.040473390208628,0.04922796562168927,0.02942830546457356,5.999999999999999,2.0,0.0,maker_target
2025-01-17 00:00:00+00:00,2025-01-18 00:00:00+00:00,2025-01-18 23:59:00+00:00,signal_low,signal_high,104070.1,99908.4,105823.6,104529.0,next_day_close,0.44095278086596834,0.32095278086596835,3.998939176574262,0.11026743878703243,0.08025948050075528,5.999999999999999,5.999999999999999,0.0,maker_target
2025-02-10 00:00:00+00:00,2025-02-11 00:00:00+00:00,2025-02-11 05:55:00+00:00,signal_low,signal_high,97355.3,95158.7,98318.7,98318.7,TP,0.9895711892418739,0.9095711892418739,2.256271615412829,0.438586907038146,0.4031301830101027,5.999999999999999,2.0,0.0,maker_target
2025-02-20 00:00:00+00:00,2025-02-21 00:00:00+00:00,2025-02-21 09:18:00+00:00,signal_low,signal_high,98317.9,96349.0,98719.6,98719.6,TP,0.4085725996995579,0.32857259969955793,2.0025854905363056,0.20402255066281316,0.1640741937122315,5.999999999999999,2.0,0.0,maker_target
2025-03-01 00:00:00+00:00,2025-03-02 00:00:00+00:00,2025-03-02 06:49:00+00:00,signal_low,signal_high,85990.3,83764.4,86507.4,86507.4,TP,0.6013468961033875,0.5213468961033876,2.58854777806335,0.23231052607933383,0.2014051664495213,5.999999999999999,2.0,0.0,maker_target
2025-03-02 00:00:00+00:00,2025-03-03 00:00:00+00:00,2025-03-03 23:59:00+00:00,signal_low,signal_high,94227.0,84994.9,94981.7,86162.1,next_day_close,-8.559011748225025,-8.679011748225026,9.79772252114575,-0.8735715601000843,-0.8858193043836169,5.999999999999999,5.999999999999999,0.0,maker_target
2025-03-05 00:00:00+00:00,2025-03-06 00:00:00+00:00,2025-03-06 01:46:00+00:00,signal_low,signal_high,90576.0,86317.7,91012.9,91012.9,TP,0.4823573573573509,0.40235735735735095,4.701355767532242,0.10259962895991215,0.08558326092572012,5.999999999999999,2.0,0.0,maker_target
2025-03-12 00:00:00+00:00,2025-03-13 00:00:00+00:00,2025-03-13 17:06:00+00:00,signal_low,signal_high,83625.2,80544.2,84442.0,80544.2,SL,-3.6842961212648824,-3.824296121264883,3.6842961212648824,-1.0,-1.0379991171697502,5.999999999999999,5.999999999999999,2.0,maker_target
2025-03-19 00:00:00+00:00,2025-03-20 00:00:00+00:00,2025-03-20 00:02:00+00:00,signal_low,signal_high,86853.7,82465.3,87044.8,87044.8,TP,0.22002516876080794,0.14002516876080792,5.052634487649915,0.043546622914959,0.027713298696565036,5.999999999999999,2.0,0.0,maker_target
2025-03-23 00:00:00+00:00,2025-03-24 00:00:00+00:00,2025-03-24 00:20:00+00:00,signal_low,signal_high,86084.1,83749.2,86150.3,86150.3,TP,0.07690154163195885,-0.0030984583680411498,2.712347576381711,0.02835239196539331,-0.0011423529915640506,5.999999999999999,2.0,0.0,maker_target
2025-03-24 00:00:00+00:00,2025-03-25 00:00:00+00:00,2025-03-25 23:59:00+00:00,signal_low,signal_high,87531.1,85479.4,88825.1,87425.7,next_day_close,-0.12041434415882896,-0.24041434415882895,2.3439668871978205,-0.051372032948290756,-0.10256729541356316,5.999999999999999,5.999999999999999,0.0,maker_target
2025-04-01 00:00:00+00:00,2025-04-02 00:00:00+00:00,2025-04-02 13:46:00+00:00,signal_low,signal_high,85136.8,82333.7,85560.0,85560.0,TP,0.4970823427706903,0.41708234277069034,3.292465772732832,0.15097570546894373,0.12667780671399392,5.999999999999999,2.0,0.0,maker_target
2025-04-09 00:00:00+00:00,2025-04-10 00:00:00+00:00,2025-04-10 23:59:00+00:00,signal_low,signal_high,82617.6,74534.9,83591.0,79542.8,next_day_close,-3.7217251529940385,-3.841725152994039,9.783266519482545,-0.3804174347680847,-0.39268327662785935,5.999999999999999,5.999999999999999,0.0,maker_target
2025-04-11 00:00:00+00:00,2025-04-12 00:00:00+00:00,2025-04-12 13:43:00+00:00,signal_low,signal_high,83380.2,78903.3,84278.6,84278.6,TP,1.0774740286063222,0.9974740286063223,5.3692603279915305,0.2006745739239228,0.18577494248252358,5.999999999999999,2.0,0.0,maker_target
2025-04-12 00:00:00+00:00,2025-04-13 00:00:00+00:00,2025-04-13 01:30:00+00:00,signal_low,signal_high,85271.7,82768.5,85900.0,85900.0,TP,0.7368212431557046,0.6568212431557047,2.9355577524547973,0.250998721636307,0.22374666027484963,5.999999999999999,2.0,0.0,maker_target
2025-04-21 00:00:00+00:00,2025-04-22 00:00:00+00:00,2025-04-22 01:19:00+00:00,signal_low,signal_high,87534.9,85110.4,88500.0,88500.0,TP,1.1025316759372616,1.0225316759372616,2.7697524073255355,0.39806145597030557,0.36917800783666976,5.999999999999999,2.0,0.0,maker_target
2025-04-22 00:00:00+00:00,2025-04-23 00:00:00+00:00,2025-04-23 07:58:00+00:00,signal_low,signal_high,93495.1,87057.8,94126.5,94126.5,TP,0.6753295092470024,0.5953295092470025,6.885173661507397,0.09808460068662232,0.08646543115902536,5.999999999999999,2.0,0.0,maker_target
2025-04-25 00:00:00+00:00,2025-04-26 00:00:00+00:00,2025-04-26 23:59:00+00:00,signal_low,signal_high,94659.4,92831.3,95812.2,94636.6,next_day_close,-0.024086355924491768,-0.14408635592449173,1.931239792350249,-0.012471965428580749,-0.07460821618072806,5.999999999999999,5.999999999999999,0.0,maker_target
2025-05-01 00:00:00+00:00,2025-05-02 00:00:00+00:00,2025-05-02 14:35:00+00:00,signal_low,signal_high,96483.4,94086.7,97433.9,97433.9,TP,0.9851435583737722,0.9051435583737721,2.484054251819481,0.3965869737555811,0.36438155797555016,5.999999999999999,2.0,0.0,maker_target
2025-05-06 00:00:00+00:00,2025-05-07 00:00:00+00:00,2025-05-07 00:00:00+00:00,signal_low,signal_high,96828.6,93345.9,96874.0,96874.0,TP,0.046886973476838636,-0.03311302652316136,3.596767897088269,0.013035862979870224,-0.00920632842335134,5.999999999999999,2.0,0.0,maker_target
2025-05-07 00:00:00+00:00,2025-05-08 00:00:00+00:00,2025-05-08 00:59:00+00:00,signal_low,signal_high,97011.3,95776.2,97745.5,97745.5,TP,0.7568190509765327,0.6768190509765327,1.2731506535836605,0.59444579386284,0.5316095538822719,5.999999999999999,2.0,0.0,maker_target
2025-05-08 00:00:00+00:00,2025-05-09 00:00:00+00:00,2025-05-09 07:49:00+00:00,signal_low,signal_high,103258.7,96867.6,104263.3,104263.3,TP,0.9728962305355441,0.8928962305355441,6.189405832147791,0.15718733864280127,0.14426202688113268,5.999999999999999,2.0,0.0,maker_target
2025-05-10 00:00:00+00:00,2025-05-11 00:00:00+00:00,2025-05-11 23:59:00+00:00,signal_low,signal_high,104756.6,102800.0,104965.3,104082.1,next_day_close,-0.6438735125042241,-0.763873512504224,1.8677582128476926,-0.34473065521823465,-0.4089787999591115,5.999999999999999,5.999999999999999,0.0,maker_target
2025-05-18 00:00:00+00:00,2025-05-19 00:00:00+00:00,2025-05-19 00:05:00+00:00,signal_low,signal_high,106382.9,103069.4,106635.1,106635.1,TP,0.23706817543046077,0.15706817543046078,3.114692304872306,0.07611287158593984,0.05042815150143705,5.999999999999999,2.0,0.0,maker_target
2025-05-21 00:00:00+00:00,2025-05-22 00:00:00+00:00,2025-05-22 02:33:00+00:00,signal_low,signal_high,109621.3,106091.5,110757.1,110757.1,TP,1.0361125073320632,0.9561125073320631,3.2199946543235693,0.3217746047934733,0.29692984305059833,5.999999999999999,2.0,0.0,maker_target
2025-05-22 00:00:00+00:00,2025-05-23 00:00:00+00:00,2025-05-23 11:57:00+00:00,signal_low,signal_high,111666.9,109184.1,111968.0,109184.1,SL,-2.2233983391676393,-2.363398339167639,2.2233983391676393,-1.0,-1.0629666747220883,5.999999999999999,5.999999999999999,2.0,maker_target
2025-05-26 00:00:00+00:00,2025-05-27 00:00:00+00:00,2025-05-27 01:15:00+00:00,signal_low,signal_high,109392.6,108652.6,110406.9,108652.6,SL,-0.6764625760791864,-0.8164625760791864,0.6764625760791864,-1.0,-1.206958972972973,5.999999999999999,5.999999999999999,2.0,maker_target
2025-06-01 00:00:00+00:00,2025-06-02 00:00:00+00:00,2025-06-02 08:28:00+00:00,signal_low,signal_high,105576.7,103715.9,105771.9,105771.9,TP,0.18488927954747317,0.10488927954747317,1.7625100992927447,0.10490111779879448,0.059511306964744694,5.999999999999999,2.0,0.0,maker_target
2025-06-07 00:00:00+00:00,2025-06-08 00:00:00+00:00,2025-06-08 13:48:00+00:00,signal_low,signal_high,105584.2,103851.1,105919.6,105919.6,TP,0.31766116521222754,0.23766116521222752,1.6414387758774431,0.19352605158387307,0.14478832150482374,5.999999999999999,2.0,0.0,maker_target
2025-06-09 00:00:00+00:00,2025-06-10 00:00:00+00:00,2025-06-10 23:59:00+00:00,signal_low,signal_high,110254.5,105342.0,110672.8,110232.8,next_day_close,-0.01968173634635964,-0.13968173634635964,4.455600451682244,-0.004417302798981596,-0.03134969974554648,5.999999999999999,5.999999999999999,0.0,maker_target
2025-06-16 00:00:00+00:00,2025-06-17 00:00:00+00:00,2025-06-17 14:41:00+00:00,signal_low,signal_high,106839.0,104950.9,108921.0,104950.9,SL,-1.7672385552092453,-1.9072385552092452,1.7672385552092453,-1.0,-1.079219638790318,5.999999999999999,5.999999999999999,2.0,maker_target
2025-06-23 00:00:00+00:00,2025-06-24 00:00:00+00:00,2025-06-24 16:59:00+00:00,signal_low,signal_high,105228.3,99658.9,105955.4,105955.4,TP,0.6909738159791532,0.6109738159791532,5.292682671866797,0.13055266276438937,0.11543745466297811,5.999999999999999,2.0,0.0,maker_target
2025-06-24 00:00:00+00:00,2025-06-25 00:00:00+00:00,2025-06-25 00:10:00+00:00,signal_low,signal_high,106033.1,104573.9,106190.9,106190.9,TP,0.14882145292365154,0.06882145292365155,1.3761740437655898,0.10814144736841222,0.050009265350868824,5.999999999999999,2.0,0.0,maker_target
2025-06-25 00:00:00+00:00,2025-06-26 00:00:00+00:00,2025-06-26 03:04:00+00:00,signal_low,signal_high,107310.7,105757.7,108094.6,108094.6,TP,0.7304956542078365,0.6504956542078365,1.4471995802841655,0.5047649710238304,0.4494857952350346,5.999999999999999,2.0,0.0,maker_target
2025-06-29 00:00:00+00:00,2025-06-30 00:00:00+00:00,2025-06-30 00:24:00+00:00,signal_low,signal_high,108310.0,107150.0,108497.9,108497.9,TP,0.17348351952727742,0.09348351952727743,1.0709999076724217,0.16198275862068465,0.08728620689654672,5.999999999999999,2.0,0.0,maker_target
2025-07-02 00:00:00+00:00,2025-07-03 00:00:00+00:00,2025-07-03 09:19:00+00:00,signal_low,signal_high,108866.9,105069.1,109726.2,109726.2,TP,0.7893124540149513,0.7093124540149514,3.4884799695775195,0.22626257306862016,0.20332994891779593,5.999999999999999,2.0,0.0,maker_target
2025-07-06 00:00:00+00:00,2025-07-07 00:00:00+00:00,2025-07-07 03:27:00+00:00,signal_low,signal_high,109149.5,107781.7,109642.6,109642.6,TP,0.4517656975066361,0.37176569750663613,1.2531436241118858,0.3605059219184126,0.29666647170639343,5.999999999999999,2.0,0.0,maker_target
2025-07-09 00:00:00+00:00,2025-07-10 00:00:00+00:00,2025-07-10 16:24:00+00:00,signal_low,signal_high,111290.8,108338.4,112098.1,112098.1,TP,0.7253968881524824,0.6453968881524824,2.6528697789934195,0.27343855846091336,0.24328253624170196,5.999999999999999,2.0,0.0,maker_target
2025-07-10 00:00:00+00:00,2025-07-11 00:00:00+00:00,2025-07-11 05:30:00+00:00,signal_low,signal_high,115983.3,110540.0,117649.6,117649.6,TP,1.4366723485191426,1.3566723485191425,4.693175655460745,0.30611944959858944,0.28907342237245826,5.999999999999999,2.0,0.0,maker_target
2025-07-13 00:00:00+00:00,2025-07-14 00:00:00+00:00,2025-07-14 00:25:00+00:00,signal_low,signal_high,119060.1,117191.1,119413.0,119413.0,TP,0.2964049249076678,0.2164049249076678,1.5697954226478894,0.1888175494917037,0.13785549491706486,5.999999999999999,2.0,0.0,maker_target
2025-07-14 00:00:00+00:00,2025-07-15 00:00:00+00:00,2025-07-15 01:21:00+00:00,signal_low,signal_high,119817.4,118885.4,123265.8,118885.4,SL,-0.7778502955330361,-0.9178502955330361,0.7778502955330361,-1.0,-1.1799832188841202,5.999999999999999,5.999999999999999,2.0,maker_target
2025-07-22 00:00:00+00:00,2025-07-23 00:00:00+00:00,2025-07-23 23:59:00+00:00,signal_low,signal_high,120011.7,116117.0,120246.0,118706.8,next_day_close,-1.0873106538779087,-1.2073106538779088,3.2452669198086497,-0.3350450612370645,-0.37202198885665017,5.999999999999999,5.999999999999999,0.0,maker_target
2025-07-27 00:00:00+00:00,2025-07-28 00:00:00+00:00,2025-07-28 02:33:00+00:00,signal_low,signal_high,119364.7,117805.7,119727.5,119727.5,TP,0.3039424553490294,0.22394245534902943,1.3060812786359786,0.2327132777421443,0.1714613470173207,5.999999999999999,2.0,0.0,maker_target
2025-08-03 00:00:00+00:00,2025-08-04 00:00:00+00:00,2025-08-04 00:47:00+00:00,signal_low,signal_high,114058.9,111838.5,114638.1,114638.1,TP,0.5078078080711033,0.42780780807110336,1.9467134962725348,0.2608539001981684,0.21975899837867635,5.999999999999999,2.0,0.0,maker_target
2025-08-04 00:00:00+00:00,2025-08-05 00:00:00+00:00,2025-08-05 07:36:00+00:00,signal_low,signal_high,114987.7,113969.6,115622.5,113969.6,SL,-0.8853990470285006,-1.0253990470285006,0.8853990470285006,-1.0,-1.1581207936352043,5.999999999999999,5.999999999999999,2.0,maker_target
2025-08-07 00:00:00+00:00,2025-08-08 00:00:00+00:00,2025-08-08 00:38:00+00:00,signal_low,signal_high,117415.1,114203.2,117560.6,117560.6,TP,0.12391932553819737,0.043919325538197385,2.735508465265548,0.045300289548242355,0.016055269466670775,5.999999999999999,2.0,0.0,maker_target
2025-08-10 00:00:00+00:00,2025-08-11 00:00:00+00:00,2025-08-11 00:00:00+00:00,signal_low,signal_high,119288.3,116405.5,119301.6,119301.6,TP,0.011149458915922944,-0.06885054108407704,2.416666177655313,0.004613570140142534,-0.02848988483418794,5.999999999999999,2.0,0.0,maker_target
2025-08-13 00:00:00+00:00,2025-08-14 00:00:00+00:00,2025-08-14 00:05:00+00:00,signal_low,signal_high,123322.3,118901.7,123715.0,123715.0,TP,0.3184338923292844,0.23843389232928439,3.5845909458386727,0.08883409491924096,0.06651634619734803,5.999999999999999,2.0,0.0,maker_target
2025-08-22 00:00:00+00:00,2025-08-23 00:00:00+00:00,2025-08-23 23:59:00+00:00,signal_low,signal_high,116882.7,111600.0,117291.6,115379.5,next_day_close,-1.286075698114432,-1.406075698114432,4.519659453452048,-0.28455146042743257,-0.31110213337876425,5.999999999999999,5.999999999999999,0.0,maker_target
2025-09-02 00:00:00+00:00,2025-09-03 00:00:00+00:00,2025-09-03 12:37:00+00:00,signal_low,signal_high,111183.4,108363.8,111696.3,111696.3,TP,0.4613098717974165,0.3813098717974165,2.535990084850788,0.18190523478507956,0.15035937012342535,5.999999999999999,2.0,0.0,maker_target
2025-09-08 00:00:00+00:00,2025-09-09 00:00:00+00:00,2025-09-09 06:46:00+00:00,signal_low,signal_high,112030.7,110571.0,112845.6,112845.6,TP,0.7273899029462538,0.6473899029462539,1.3029464245068514,0.5582653969993905,0.4968660957731111,5.999999999999999,2.0,0.0,maker_target
2025-09-10 00:00:00+00:00,2025-09-11 00:00:00+00:00,2025-09-11 03:56:00+00:00,signal_low,signal_high,113879.2,110859.0,114252.5,114252.5,TP,0.32780349703897016,0.24780349703897017,2.652108550112749,0.1236010860207944,0.09343640818488948,5.999999999999999,2.0,0.0,maker_target
2025-09-11 00:00:00+00:00,2025-09-12 00:00:00+00:00,2025-09-12 00:00:00+00:00,signal_low,signal_high,115411.3,113390.0,115417.3,115417.3,TP,0.005198797691387238,-0.07480120230861276,1.7513882956001734,0.0029683866818384164,-0.04270966209864932,5.999999999999999,2.0,0.0,maker_target
2025-09-12 00:00:00+00:00,2025-09-13 00:00:00+00:00,2025-09-13 23:59:00+00:00,signal_low,signal_high,115975.7,114711.5,116595.3,115862.7,next_day_close,-0.09743420388926301,-0.21743420388926302,1.0900559341310267,-0.08938459104572082,-0.1994706850181938,5.999999999999999,5.999999999999999,0.0,maker_target
2025-09-16 00:00:00+00:00,2025-09-17 00:00:00+00:00,2025-09-17 02:52:00+00:00,signal_low,signal_high,116737.4,114692.0,116908.5,116908.5,TP,0.14656828060245117,0.06656828060245118,1.7521377039406345,0.08365111958541425,0.037992607802877706,5.999999999999999,2.0,0.0,maker_target
2025-09-24 00:00:00+00:00,2025-09-25 00:00:00+00:00,2025-09-25 13:01:00+00:00,signal_low,signal_high,113238.1,110993.0,113885.4,110993.0,SL,-1.9826365860960273,-2.1226365860960272,1.9826365860960273,-1.0,-1.0706130417353346,5.999999999999999,5.999999999999999,2.0,maker_target
2025-09-28 00:00:00+00:00,2025-09-29 00:00:00+00:00,2025-09-29 08:47:00+00:00,signal_low,signal_high,112114.7,109147.0,112287.6,112287.6,TP,0.15421706520198397,0.074217065201984,2.6470213094268615,0.0582606058563901,0.028037955318936828,5.999999999999999,2.0,0.0,maker_target
2025-09-29 00:00:00+00:00,2025-09-30 00:00:00+00:00,2025-09-30 00:11:00+00:00,signal_low,signal_high,114249.9,111506.5,114357.4,114357.4,TP,0.09409198607613661,0.014091986076136622,2.4012274846630013,0.03918495297805651,0.0058686593278413825,5.999999999999999,2.0,0.0,maker_target
2025-10-01 00:00:00+00:00,2025-10-02 00:00:00+00:00,2025-10-02 00:00:00+00:00,signal_low,signal_high,118548.8,113909.8,118612.9,118612.9,TP,0.054070559971919806,-0.025929440028080186,3.9131564385299558,0.013817633110582294,-0.006626221168357129,5.999999999999999,2.0,0.0,maker_target
2025-10-02 00:00:00+00:00,2025-10-03 00:00:00+00:00,2025-10-03 15:18:00+00:00,signal_low,signal_high,120464.4,118238.0,120975.4,120975.4,TP,0.424191711410176,0.34419171141017596,1.8481808733534506,0.22951850521020542,0.18623269852677019,5.999999999999999,2.0,0.0,maker_target
2025-10-03 00:00:00+00:00,2025-10-04 00:00:00+00:00,2025-10-04 23:59:00+00:00,signal_low,signal_high,122196.4,119243.0,123869.2,122337.2,next_day_close,0.11522434376135707,-0.004775656238642924,2.416928812960115,0.047673867407057355,-0.001975919279473513,5.999999999999999,5.999999999999999,0.0,maker_target
2025-10-05 00:00:00+00:00,2025-10-06 00:00:00+00:00,2025-10-06 18:50:00+00:00,signal_low,signal_high,123434.4,122104.0,125806.5,125806.5,TP,1.9217495284944925,1.8417495284944927,1.0778194733396802,1.7829975947083705,1.7087736620565364,5.999999999999999,2.0,0.0,maker_target
2025-10-12 00:00:00+00:00,2025-10-13 00:00:00+00:00,2025-10-13 00:20:00+00:00,signal_low,signal_high,114891.4,109541.7,115711.1,115711.1,TP,0.7134563596579132,0.6334563596579132,4.656310219912019,0.15322354524553006,0.13604255939585624,5.999999999999999,2.0,0.0,maker_target
2025-10-19 00:00:00+00:00,2025-10-20 00:00:00+00:00,2025-10-20 03:50:00+00:00,signal_low,signal_high,108579.2,106069.7,109368.0,109368.0,TP,0.7264743155226812,0.6464743155226812,2.3112161445286024,0.3143255628611289,0.2797117513448906,5.999999999999999,2.0,0.0,maker_target
2025-10-20 00:00:00+00:00,2025-10-21 00:00:00+00:00,2025-10-21 14:56:00+00:00,signal_low,signal_high,110481.3,107384.3,111647.7,111647.7,TP,1.055744275275539,0.9757442752755391,2.8031893180112832,0.37662253793994,0.34808361640296875,5.999999999999999,2.0,0.0,maker_target
2025-10-23 00:00:00+00:00,2025-10-24 00:00:00+00:00,2025-10-24 04:34:00+00:00,signal_low,signal_high,110010.5,107443.8,111218.2,111218.2,TP,1.097804300498586,1.017804300498586,2.3331409274569217,0.47052635680056043,0.4362378150933098,5.999999999999999,2.0,0.0,maker_target
2025-10-26 00:00:00+00:00,2025-10-27 00:00:00+00:00,2025-10-27 05:18:00+00:00,signal_low,signal_high,114502.6,111202.3,115569.9,115569.9,TP,0.9321185719800148,0.8521185719800147,2.8822926291630084,0.3233948428930665,0.29563916007635294,5.999999999999999,2.0,0.0,maker_target
2025-11-09 00:00:00+00:00,2025-11-10 00:00:00+00:00,2025-11-10 00:20:00+00:00,signal_low,signal_high,104663.0,101342.9,105422.9,105422.9,TP,0.7260445429616905,0.6460445429616906,3.172181191060839,0.22887864823348478,0.20365940784915906,5.999999999999999,2.0,0.0,maker_target
2025-11-10 00:00:00+00:00,2025-11-11 00:00:00+00:00,2025-11-11 01:18:00+00:00,signal_low,signal_high,105965.2,104214.4,106632.5,106632.5,TP,0.6297350450902777,0.5497350450902777,1.652240546896531,0.38114005026273806,0.3327209504226651,5.999999999999999,2.0,0.0,maker_target
2025-11-23 00:00:00+00:00,2025-11-24 00:00:00+00:00,2025-11-24 17:56:00+00:00,signal_low,signal_high,86808.3,84630.0,88084.7,88084.7,TP,1.4703663128986446,1.3903663128986448,2.5093222652672647,0.5859615296331967,0.5540804113299328,5.999999999999999,2.0,0.0,maker_target
2025-11-24 00:00:00+00:00,2025-11-25 00:00:00+00:00,2025-11-25 23:59:00+00:00,signal_low,signal_high,88244.5,85224.5,89166.9,87319.1,next_day_close,-1.0486772546730891,-1.168677254673089,3.4223096056978055,-0.3064238410596007,-0.34148788079470005,5.999999999999999,5.999999999999999,0.0,maker_target
2025-11-26 00:00:00+00:00,2025-11-27 00:00:00+00:00,2025-11-27 01:04:00+00:00,signal_low,signal_high,90425.1,86266.7,90598.9,90598.9,TP,0.19220327099443446,0.11220327099443445,4.598723142136429,0.041794921123506155,0.024398787995379985,5.999999999999999,2.0,0.0,maker_target
2025-11-27 00:00:00+00:00,2025-11-28 00:00:00+00:00,2025-11-28 11:02:00+00:00,signal_low,signal_high,91288.7,90041.4,91900.0,91900.0,TP,0.6696338100991721,0.5896338100991722,1.3663246382082372,0.49009861300409,0.43154737432855106,5.999999999999999,2.0,0.0,maker_target
2025-12-02 00:00:00+00:00,2025-12-03 00:00:00+00:00,2025-12-03 01:50:00+00:00,signal_low,signal_high,91255.0,86142.9,92270.1,92270.1,TP,1.1123774039778707,1.0323774039778706,5.601994411265142,0.19856810312787398,0.18428747481465635,5.999999999999999,2.0,0.0,maker_target
2025-12-03 00:00:00+00:00,2025-12-04 00:00:00+00:00,2025-12-04 19:21:00+00:00,signal_low,signal_high,93384.1,90968.7,94137.5,90968.7,SL,-2.58652168838165,-2.7265216883816503,2.58652168838165,-1.0,-1.054126745052579,5.999999999999999,5.999999999999999,2.0,maker_target
2025-12-07 00:00:00+00:00,2025-12-08 00:00:00+00:00,2025-12-08 07:36:00+00:00,signal_low,signal_high,90327.3,87688.9,91721.6,91721.6,TP,1.5436086321632583,1.4636086321632582,2.920933095531482,0.5284642207398417,0.5010757125530619,5.999999999999999,2.0,0.0,maker_target
2025-12-09 00:00:00+00:00,2025-12-10 00:00:00+00:00,2025-12-10 23:59:00+00:00,signal_low,signal_high,92634.0,89443.2,94558.5,91983.4,next_day_close,-0.7023339162726492,-0.8223339162726492,3.4445236090420397,-0.20389870878776648,-0.2387366177761079,5.999999999999999,5.999999999999999,0.0,maker_target
2025-12-21 00:00:00+00:00,2025-12-22 00:00:00+00:00,2025-12-22 00:13:00+00:00,signal_low,signal_high,88616.4,87566.0,89050.0,89050.0,TP,0.4892999489936466,0.40929994899364663,1.1853336402742543,0.41279512566642057,0.3453035795887356,5.999999999999999,2.0,0.0,maker_target
2026-01-02 00:00:00+00:00,2026-01-03 00:00:00+00:00,2026-01-03 23:59:00+00:00,signal_low,signal_high,89958.4,88332.6,90930.0,90592.1,next_day_close,0.7044367174160631,0.5844367174160631,1.8072798093340794,0.3897773403862813,0.32337921023497074,5.999999999999999,5.999999999999999,0.0,maker_target
2026-01-04 00:00:00+00:00,2026-01-05 00:00:00+00:00,2026-01-05 00:01:00+00:00,signal_low,signal_high,91485.9,90590.5,91777.0,91777.0,TP,0.3181911092310463,0.23819110923104636,0.9787300556697746,0.3251060978333791,0.24336752289480368,5.999999999999999,2.0,0.0,maker_target
2026-01-05 00:00:00+00:00,2026-01-06 00:00:00+00:00,2026-01-06 18:00:00+00:00,signal_low,signal_high,93828.8,91466.8,94749.0,91466.8,SL,-2.5173507494500624,-2.657350749450062,2.5173507494500624,-1.0,-1.0556140220152412,5.999999999999999,5.999999999999999,2.0,maker_target
2026-01-11 00:00:00+00:00,2026-01-12 00:00:00+00:00,2026-01-12 01:00:00+00:00,signal_low,signal_high,90949.6,90181.0,91233.9,91233.9,TP,0.3125907095797984,0.2325907095797984,0.8450834308232316,0.36989331251624535,0.2752281030444792,5.999999999999999,2.0,0.0,maker_target
2026-01-12 00:00:00+00:00,2026-01-13 00:00:00+00:00,2026-01-13 09:21:00+00:00,signal_low,signal_high,91247.7,90079.8,92481.8,92481.8,TP,1.3524724458808342,1.272472445880834,1.2799226720235077,1.0566829351828169,0.9941791591745968,5.999999999999999,2.0,0.0,maker_target
2026-01-13 00:00:00+00:00,2026-01-14 00:00:00+00:00,2026-01-14 14:54:00+00:00,signal_low,signal_high,95375.2,91014.3,96744.9,96744.9,TP,1.4361175651532025,1.3561175651532025,4.572362626762507,0.3140865417689007,0.29659011671902563,5.999999999999999,2.0,0.0,maker_target
2026-01-14 00:00:00+00:00,2026-01-15 00:00:00+00:00,2026-01-15 23:59:00+00:00,signal_low,signal_high,96908.0,94439.3,97910.0,95569.3,next_day_close,-1.3814132992116204,-1.5014132992116203,2.547467701324965,-0.5422692105156555,-0.589374812654433,5.999999999999999,5.999999999999999,0.0,maker_target
2026-01-27 00:00:00+00:00,2026-01-28 00:00:00+00:00,2026-01-28 09:59:00+00:00,signal_low,signal_high,89197.7,87267.9,89490.7,89490.7,TP,0.32848380619679657,0.24848380619679655,2.163508700336447,0.15182920509897377,0.11485223339206119,5.999999999999999,2.0,0.0,maker_target
2026-02-13 00:00:00+00:00,2026-02-14 00:00:00+00:00,2026-02-14 08:06:00+00:00,signal_low,signal_high,68821.6,65833.9,69448.7,69448.7,TP,0.9111964848245191,0.8311964848245191,4.3412242667999745,0.20989389831642696,0.19146591692605985,5.999999999999999,2.0,0.0,maker_target
2026-02-14 00:00:00+00:00,2026-02-15 00:00:00+00:00,2026-02-15 07:18:00+00:00,signal_low,signal_high,69795.4,68692.2,70551.1,70551.1,TP,1.0827361115489154,1.0027361115489153,1.5806199262415535,0.6850072516316295,0.6343941986947185,5.999999999999999,2.0,0.0,maker_target
2026-02-20 00:00:00+00:00,2026-02-21 00:00:00+00:00,2026-02-21 14:20:00+00:00,signal_low,signal_high,67979.2,66413.6,68303.3,68303.3,TP,0.47676348059407264,0.3967634805940727,2.303057405794701,0.20701328564129254,0.1722768523249919,5.999999999999999,2.0,0.0,maker_target
2026-02-25 00:00:00+00:00,2026-02-26 00:00:00+00:00,2026-02-26 23:59:00+00:00,signal_low,signal_high,67952.5,63875.5,69999.0,67448.1,next_day_close,-0.7422832125381614,-0.8622832125381615,5.999779257569625,-0.1237184204071607,-0.14371915624233364,5.999999999999999,5.999999999999999,0.0,maker_target
2026-03-02 00:00:00+00:00,2026-03-03 00:00:00+00:00,2026-03-03 23:59:00+00:00,signal_low,signal_high,68801.8,65236.8,70109.0,68295.2,next_day_close,-0.7363179451700476,-0.8563179451700477,5.181550482690859,-0.14210378681627092,-0.1652628779803663,5.999999999999999,5.999999999999999,0.0,maker_target
2026-03-04 00:00:00+00:00,2026-03-05 00:00:00+00:00,2026-03-05 23:59:00+00:00,signal_low,signal_high,72641.4,67361.9,74027.5,70848.4,next_day_close,-2.468289432747717,-2.588289432747717,7.267894065918333,-0.339615493891467,-0.3561264665214509,5.999999999999999,5.999999999999999,0.0,maker_target
2026-03-09 00:00:00+00:00,2026-03-10 00:00:00+00:00,2026-03-10 02:30:00+00:00,signal_low,signal_high,68392.7,65773.6,69488.5,69488.5,TP,1.6022177805526072,1.5222177805526071,3.8295022714412372,0.41838799587644865,0.3974975525944051,5.999999999999999,2.0,0.0,maker_target
2026-03-10 00:00:00+00:00,2026-03-11 00:00:00+00:00,2026-03-11 23:59:00+00:00,signal_low,signal_high,69901.9,68345.0,71755.1,70150.0,next_day_close,0.3549259748304493,0.23492597483044933,2.2272642088412393,0.15935512878155741,0.10547737170017757,5.999999999999999,5.999999999999999,0.0,maker_target
2026-03-13 00:00:00+00:00,2026-03-14 00:00:00+00:00,2026-03-14 06:40:00+00:00,signal_low,signal_high,70895.5,70335.4,73865.9,70335.4,SL,-0.7900360389587574,-0.9300360389587574,0.7900360389587574,-1.0,-1.1772071058739493,5.999999999999999,5.999999999999999,2.0,maker_target
2026-03-15 00:00:00+00:00,2026-03-16 00:00:00+00:00,2026-03-16 03:31:00+00:00,signal_low,signal_high,72778.8,70818.0,73180.0,73180.0,TP,0.5512594326919337,0.47125943269193377,2.694191165559205,0.20461036311709327,0.17491685026519613,5.999999999999999,2.0,0.0,maker_target
2026-03-16 00:00:00+00:00,2026-03-17 00:00:00+00:00,2026-03-17 00:07:00+00:00,signal_low,signal_high,74846.3,72242.7,74887.3,74887.3,TP,0.054778926947624665,-0.025221073052375326,3.4785954683130704,0.015747426640036838,-0.0072503610385619725,5.999999999999999,2.0,0.0,maker_target
2026-03-23 00:00:00+00:00,2026-03-24 00:00:00+00:00,2026-03-24 23:59:00+00:00,signal_low,signal_high,70866.2,67407.5,71780.2,70524.0,next_day_close,-0.4828818251860508,-0.6028818251860507,4.8806059870572955,-0.09893890768207633,-0.12352601844623629,5.999999999999999,5.999999999999999,0.0,maker_target
2026-03-31 00:00:00+00:00,2026-04-01 00:00:00+00:00,2026-04-01 05:25:00+00:00,signal_low,signal_high,68242.2,65951.1,68568.2,68568.2,TP,0.4777102731154623,0.39771027311546236,3.3573067691252496,0.1422897298241025,0.11846110601894334,5.999999999999999,2.0,0.0,maker_target
2026-04-05 00:00:00+00:00,2026-04-06 00:00:00+00:00,2026-04-06 00:00:00+00:00,signal_low,signal_high,69000.7,66566.8,69127.3,69127.3,TP,0.18347639951479597,0.10347639951479598,3.5273555195816773,0.05201528411192166,0.02933540408398291,5.999999999999999,2.0,0.0,maker_target
2026-04-07 00:00:00+00:00,2026-04-08 00:00:00+00:00,2026-04-08 13:13:00+00:00,signal_low,signal_high,71895.8,67696.2,72763.8,72763.8,TP,1.2073027909836178,1.1273027909836177,5.841231337574664,0.20668635108105504,0.192990608629393,5.999999999999999,2.0,0.0,maker_target
2026-04-13 00:00:00+00:00,2026-04-14 00:00:00+00:00,2026-04-14 07:09:00+00:00,signal_low,signal_high,74379.8,70510.7,74862.1,74862.1,TP,0.6484287400611496,0.5684287400611496,5.201815546694137,0.1246543123723869,0.10927506655294572,5.999999999999999,2.0,0.0,maker_target
2026-04-17 00:00:00+00:00,2026-04-18 00:00:00+00:00,2026-04-18 23:59:00+00:00,signal_low,signal_high,77027.6,74500.0,78291.9,75652.2,next_day_close,-1.7855937352325773,-1.9055937352325771,3.281421204866834,-0.5441525557841452,-0.5807220762778942,5.999999999999999,5.999999999999999,0.0,maker_target
2026-04-22 00:00:00+00:00,2026-04-23 00:00:00+00:00,2026-04-23 23:59:00+00:00,signal_low,signal_high,78141.9,76101.3,79435.7,78214.0,next_day_close,0.09226804057746975,-0.027731959422530247,2.61140310128112,0.03533274527100173,-0.010619562873661793,5.999999999999999,5.999999999999999,0.0,maker_target
2026-04-26 00:00:00+00:00,2026-04-27 00:00:00+00:00,2026-04-27 00:54:00+00:00,signal_low,signal_high,78616.7,77279.8,78918.4,78918.4,TP,0.3837607022426496,0.3037607022426496,1.7005292768584719,0.22567132919440377,0.17862715236741575,5.999999999999999,2.0,0.0,maker_target
2026-05-01 00:00:00+00:00,2026-05-02 00:00:00+00:00,2026-05-02 21:37:00+00:00,signal_low,signal_high,78192.4,76272.7,78937.2,78937.2,TP,0.9525222400130997,0.8725222400130997,2.4550979379070053,0.38797728811793725,0.3553920300046903,5.999999999999999,2.0,0.0,maker_target
2026-05-04 00:00:00+00:00,2026-05-05 00:00:00+00:00,2026-05-05 02:39:00+00:00,signal_low,signal_high,79822.6,78165.6,80739.9,80739.9,TP,1.1491732917744952,1.0691732917744952,2.0758532044809366,0.5535908267954063,0.515052456246221,5.999999999999999,2.0,0.0,maker_target
2026-05-05 00:00:00+00:00,2026-05-06 00:00:00+00:00,2026-05-06 08:34:00+00:00,signal_low,signal_high,80862.9,79757.4,81748.2,81748.2,TP,1.0948160404833402,1.0148160404833402,1.3671288069065046,0.8008141112618752,0.7422973134328384,5.999999999999999,2.0,0.0,maker_target
2026-05-09 00:00:00+00:00,2026-05-10 00:00:00+00:00,2026-05-10 15:04:00+00:00,signal_low,signal_high,80631.4,80083.9,81063.0,81063.0,TP,0.5352753393839197,0.4552753393839198,0.6790158672675906,0.7883105022831157,0.6704929315068601,5.999999999999999,2.0,0.0,maker_target
2026-05-10 00:00:00+00:00,2026-05-11 00:00:00+00:00,2026-05-11 23:59:00+00:00,signal_low,signal_high,82180.5,80223.3,82449.9,81698.5,next_day_close,-0.5865138323568243,-0.7065138323568243,2.381586872798288,-0.24627018189249986,-0.29665675454731294,5.999999999999999,5.999999999999999,0.0,maker_target
2026-05-20 00:00:00+00:00,2026-05-21 00:00:00+00:00,2026-05-21 00:46:00+00:00,signal_low,signal_high,77513.5,76481.0,77827.2,77827.2,TP,0.4047036967753967,0.3247036967753967,1.3320260341746921,0.3038256658595614,0.24376677966101415,5.999999999999999,2.0,0.0,maker_target
2026-06-07 00:00:00+00:00,2026-06-08 00:00:00+00:00,2026-06-08 23:59:00+00:00,signal_low,signal_high,63302.4,60708.8,64274.5,63058.6,next_day_close,-0.38513547669599085,-0.5051354766959908,4.097159033464764,-0.09400061690314737,-0.12328920419494258,5.999999999999999,5.999999999999999,0.0,maker_target
2026-06-11 00:00:00+00:00,2026-06-12 00:00:00+00:00,2026-06-12 09:34:00+00:00,signal_low,signal_high,63598.3,61478.9,63899.6,63899.6,TP,0.473754801622049,0.3937548016220491,3.332479012803803,0.1421628762857391,0.11815672360101705,5.999999999999999,2.0,0.0,maker_target
2026-06-13 00:00:00+00:00,2026-06-14 00:00:00+00:00,2026-06-14 21:18:00+00:00,signal_low,signal_high,64417.8,63400.0,64735.7,64735.7,TP,0.49349713898952485,0.4134971389895249,1.5799980750662128,0.3123403419139254,0.26170736883473517,5.999999999999999,2.0,0.0,maker_target
2026-06-14 00:00:00+00:00,2026-06-15 00:00:00+00:00,2026-06-15 00:07:00+00:00,signal_low,signal_high,65703.2,63650.4,65772.9,65772.9,TP,0.10608311315125761,0.026083113151257623,3.1243531517490712,0.033953624318003334,0.008348324240060958,5.999999999999999,2.0,0.0,maker_target
2026-06-15 00:00:00+00:00,2026-06-16 00:00:00+00:00,2026-06-16 14:33:00+00:00,signal_low,signal_high,66286.8,65315.5,67266.0,65315.5,SL,-1.4652992752704956,-1.6052992752704955,1.4652992752704956,-1.0,-1.0955436219499637,5.999999999999999,5.999999999999999,2.0,maker_target
2026-06-20 00:00:00+00:00,2026-06-21 00:00:00+00:00,2026-06-21 03:22:00+00:00,signal_low,signal_high,64268.2,63161.4,64360.0,64360.0,TP,0.14283891566902904,0.06283891566902904,1.722158081290585,0.08294181423925123,0.03648847126852464,5.999999999999999,2.0,0.0,maker_target
2026-07-02 00:00:00+00:00,2026-07-03 00:00:00+00:00,2026-07-03 13:53:00+00:00,signal_low,signal_high,61538.5,59556.3,62181.4,62181.4,TP,1.044711847055098,0.9647118470550979,3.2210729868293786,0.3243365957017468,0.2995001513469894,5.999999999999999,2.0,0.0,maker_target
2026-07-03 00:00:00+00:00,2026-07-04 00:00:00+00:00,2026-07-04 15:10:00+00:00,signal_low,signal_high,62562.3,61223.8,62962.5,62962.5,TP,0.6396823646189431,0.5596823646189432,2.1394673789166956,0.29899140829286297,0.26159892416884356,5.999999999999999,2.0,0.0,maker_target
2026-07-04 00:00:00+00:00,2026-07-05 00:00:00+00:00,2026-07-05 22:20:00+00:00,signal_low,signal_high,63114.4,62308.1,63448.1,63448.1,TP,0.5287224468583985,0.44872244685839857,1.277521453107378,0.41386580677166795,0.35124454917524006,5.999999999999999,2.0,0.0,maker_target
2026-07-05 00:00:00+00:00,2026-07-06 00:00:00+00:00,2026-07-06 12:00:00+00:00,signal_low,signal_high,63616.3,62420.0,63990.7,62420.0,SL,-1.8804928925448396,-2.0204928925448398,1.8804928925448396,-1.0,-1.074448566413107,5.999999999999999,5.999999999999999,2.0,maker_target
2026-07-06 00:00:00+00:00,2026-07-07 00:00:00+00:00,2026-07-07 23:59:00+00:00,signal_low,signal_high,64023.2,61287.7,64692.5,63336.2,next_day_close,-1.073048519911532,-1.1930485199115322,4.2726699071586545,-0.25114238713215137,-0.2792278705903857,5.999999999999999,5.999999999999999,0.0,maker_target
2026-07-10 00:00:00+00:00,2026-07-11 00:00:00+00:00,2026-07-11 23:59:00+00:00,signal_low,signal_high,64132.5,62899.0,64679.8,63782.6,next_day_close,-0.5455892098390074,-0.6655892098390074,1.9233617900440494,-0.28366436967977415,-0.34605512768544905,5.999999999999999,5.999999999999999,0.0,maker_target
2026-07-14 00:00:00+00:00,2026-07-15 00:00:00+00:00,2026-07-15 06:33:00+00:00,signal_low,signal_high,65013.8,62240.0,65106.8,65106.8,TP,0.14304655319332202,0.06304655319332203,4.266478809114377,0.03352801211334628,0.014777186531112539,5.999999999999999,2.0,0.0,maker_target
2026-07-18 00:00:00+00:00,2026-07-19 00:00:00+00:00,2026-07-19 00:26:00+00:00,signal_low,signal_high,64806.1,63860.7,64849.7,64849.7,TP,0.06727761738478098,-0.012722382615219019,1.458813290724178,0.04611804527184099,-0.00872104929130679,5.999999999999999,2.0,0.0,maker_target
2026-07-20 00:00:00+00:00,2026-07-21 00:00:00+00:00,2026-07-21 05:48:00+00:00,signal_low,signal_high,65224.0,63730.1,65781.7,65781.7,TP,0.8550533545933967,0.7750533545933967,2.290414571323441,0.37331816051944344,0.33838998594283193,5.999999999999999,2.0,0.0,maker_target
2026-07-21 00:00:00+00:00,2026-07-22 00:00:00+00:00,2026-07-22 23:59:00+00:00,signal_low,signal_high,66522.4,65090.0,66962.6,66081.5,next_day_close,-0.6627842651497754,-0.7827842651497755,2.1532596538910114,-0.3078050823792209,-0.3635345434236221,5.999999999999999,5.999999999999999,0.0,maker_target
2026-07-26 00:00:00+00:00,2026-07-27 00:00:00+00:00,2026-07-27 06:06:00+00:00,signal_low,signal_high,65375.7,64252.3,65564.8,65564.8,TP,0.2892512049584262,0.2092512049584262,1.7183754820215984,0.16832828912231335,0.1217726900480742,5.999999999999999,2.0,0.0,maker_target
2026-07-30 00:00:00+00:00,2026-07-31 00:00:00+00:00,2026-07-31 01:09:00+00:00,signal_low,signal_high,64750.9,63576.5,65154.3,65154.3,TP,0.6230029235114901,0.5430029235114902,1.813719963737958,0.3434945504087202,0.2993863079019083,5.999999999999999,2.0,0.0,maker_target
2026-08-02 00:00:00+00:00,2026-08-03 00:00:00+00:00,2026-08-03 03:46:00+00:00,signal_low,signal_high,63548.8,62778.8,63782.7,62778.8,SL,-1.211667254141699,-1.351667254141699,1.211667254141699,-1.0,-1.1155432727272727,5.999999999999999,5.999999999999999,2.0,maker_target
2026-08-04 00:00:00+00:00,2026-08-05 00:00:00+00:00,2026-08-05 12:21:00+00:00,signal_low,signal_high,64075.9,63293.8,64512.9,64512.9,TP,0.6820036862533339,0.6020036862533339,1.2205837140016738,0.5587520777394205,0.49320966628308494,5.999999999999999,2.0,0.0,maker_target
2026-08-05 00:00:00+00:00,2026-08-06 00:00:00+00:00,2026-08-06 23:59:00+00:00,signal_low,signal_high,64632.0,63840.7,65001.0,64297.4,next_day_close,-0.5177002104220797,-0.6377002104220797,1.224316128233697,-0.4228484771894317,-0.5208623783647125,5.999999999999999,5.999999999999999,0.0,maker_target
2026-08-17 00:00:00+00:00,2026-08-18 00:00:00+00:00,2026-08-18 14:23:00+00:00,signal_low,signal_high,64502.5,62714.7,64595.4,64595.4,TP,0.1440254253711119,0.0640254253711119,2.7716755164528553,0.051963306857591054,0.02309989931759782,5.999999999999999,2.0,0.0,maker_target
2026-08-18 00:00:00+00:00,2026-08-19 00:00:00+00:00,2026-08-19 13:30:00+00:00,signal_low,signal_high,64694.6,63993.6,65026.5,65026.5,TP,0.5130258166833112,0.43302581668331125,1.0835525685296765,0.4734664764621989,0.39963526390870396,5.999999999999999,2.0,0.0,maker_target
2026-08-19 00:00:00+00:00,2026-08-20 00:00:00+00:00,2026-08-20 08:07:00+00:00,signal_low,signal_high,69308.8,64133.3,70043.4,70043.4,TP,1.0598942702802403,0.9798942702802402,7.467305738953783,0.14193797700705077,0.13122460825040888,5.999999999999999,2.0,0.0,maker_target
2026-08-20 00:00:00+00:00,2026-08-21 00:00:00+00:00,2026-08-21 00:13:00+00:00,signal_low,signal_high,72997.3,68888.0,73367.2,73367.2,TP,0.5067310708752162,0.42673107087521617,5.6293862923697215,0.09001533107828436,0.07580419049473,5.999999999999999,2.0,0.0,maker_target
2026-08-21 00:00:00+00:00,2026-08-22 00:00:00+00:00,2026-08-22 23:59:00+00:00,signal_low,signal_high,78309.5,72991.6,79357.9,77082.4,next_day_close,-1.5669874025501451,-1.6869874025501452,6.790874670378427,-0.2307489798604726,-0.248419752157808,5.999999999999999,5.999999999999999,0.0,maker_target
2026-08-24 00:00:00+00:00,2026-08-25 00:00:00+00:00,2026-08-25 02:17:00+00:00,signal_low,signal_high,78953.2,76654.6,79981.4,79981.4,TP,1.3022904708105525,1.2222904708105524,2.9113449486531153,0.44731575741755897,0.4198370486383019,5.999999999999999,2.0,0.0,maker_target
2026-08-27 00:00:00+00:00,2026-08-28 00:00:00+00:00,2026-08-28 01:11:00+00:00,signal_low,signal_high,80209.1,78529.4,80821.7,80821.7,TP,0.7637537386655519,0.683753738665552,2.0941514117475593,0.3647079835684866,0.32650635232481245,5.999999999999999,2.0,0.0,maker_target
2026-09-03 00:00:00+00:00,2026-09-04 00:00:00+00:00,2026-09-04 23:59:00+00:00,signal_low,signal_high,81229.2,76926.0,82202.6,79617.6,next_day_close,-1.9840156003013587,-2.104015600301359,5.297602340045202,-0.3745119910764064,-0.3971637479085314,5.999999999999999,5.999999999999999,0.0,maker_target
2026-09-06 00:00:00+00:00,2026-09-07 00:00:00+00:00,2026-09-07 07:33:00+00:00,signal_low,signal_high,80300.6,79281.2,80513.4,79281.2,SL,-1.269479929166169,-1.409479929166169,1.269479929166169,-1.0,-1.1102813812046293,5.999999999999999,5.999999999999999,2.0,maker_target
2026-09-14 00:00:00+00:00,2026-09-15 00:00:00+00:00,2026-09-15 13:38:00+00:00,signal_low,signal_high,78155.4,76347.8,79572.4,76347.8,SL,-2.312828032356039,-2.4528280323560385,2.312828032356039,-1.0,-1.0605319539721179,5.999999999999999,5.999999999999999,2.0,maker_target
2026-09-18 00:00:00+00:00,2026-09-19 00:00:00+00:00,2026-09-19 00:53:00+00:00,signal_low,signal_high,80863.8,76254.7,81378.0,81378.0,TP,0.6358840420558978,0.5558840420558978,5.699831073978722,0.11156191013429875,0.09752640645679124,5.999999999999999,2.0,0.0,maker_target
2026-09-21 00:00:00+00:00,2026-09-22 00:00:00+00:00,2026-09-22 23:59:00+00:00,signal_low,signal_high,86578.9,80811.8,87374.2,86159.7,next_day_close,-0.4841826357230193,-0.6041826357230192,6.661091790262976,-0.07268817950096197,-0.09070324426488147,5.999999999999999,5.999999999999999,0.0,maker_target
2024-10-04 00:00:00+00:00,2024-10-05 00:00:00+00:00,2024-10-05 23:59:00+00:00,signal_open,signal_body,62070.0,60678.5,63461.5,62042.5,next_day_close,-0.04430481714193652,-0.1643048171419365,2.241823747381988,-0.019762845849802372,-0.07329069349622709,5.999999999999999,5.999999999999999,0.0,taker
2024-10-06 00:00:00+00:00,2024-10-07 00:00:00+00:00,2024-10-07 00:50:00+00:00,signal_open,signal_body,62817.9,62042.5,63593.3,63593.3,TP,1.2343615434454214,1.1143615434454215,1.2343615434454214,1.0,0.9027837503224144,5.999999999999999,5.999999999999999,0.0,taker
2024-10-11 00:00:00+00:00,2024-10-12 00:00:00+00:00,2024-10-12 23:59:00+00:00,signal_open,signal_body,62570.0,60224.0,64916.0,63243.9,next_day_close,1.0770337222311035,0.9570337222311036,3.749400671248202,0.28725490196078496,0.25524978687127087,5.999999999999999,5.999999999999999,0.0,taker
2024-10-14 00:00:00+00:00,2024-10-15 00:00:00+00:00,2024-10-15 23:59:00+00:00,signal_open,signal_body,66143.8,62871.4,69416.20000000001,67062.6,next_day_close,1.3890946694928366,1.2690946694928367,4.94740247763207,0.2807725216966149,0.25651736951473003,5.999999999999999,5.999999999999999,0.0,taker
2024-10-15 00:00:00+00:00,2024-10-16 00:00:00+00:00,2024-10-16 11:25:00+00:00,signal_open,signal_body,67062.6,66143.8,67981.40000000001,67981.40000000001,TP,1.3700631946867596,1.2500631946867595,1.3700631946867596,1.0,0.9124127993034395,5.999999999999999,5.999999999999999,0.0,taker
2024-10-18 00:00:00+00:00,2024-10-19 00:00:00+00:00,2024-10-19 23:59:00+00:00,signal_open,signal_body,68419.5,67419.0,69420.0,68359.0,next_day_close,-0.08842508349227925,-0.20842508349227926,1.4623024137855436,-0.06046976511744129,-0.1425321339330335,5.999999999999999,5.999999999999999,0.0,taker
2024-10-20 00:00:00+00:00,2024-10-21 00:00:00+00:00,2024-10-21 08:48:00+00:00,signal_open,signal_body,69036.6,68359.0,69714.20000000001,68359.0,SL,-0.9815083593340428,-1.1215083593340427,0.9815083593340428,-1.0,-1.142637603305784,5.999999999999999,5.999999999999999,2.0,taker
2024-10-24 00:00:00+00:00,2024-10-25 00:00:00+00:00,2024-10-25 18:01:00+00:00,signal_open,signal_body,68163.0,66594.9,69731.1,66594.9,SL,-2.3005149421240345,-2.4405149421240346,2.3005149421240345,-1.0,-1.060855940309929,5.999999999999999,5.999999999999999,2.0,taker
2024-10-27 00:00:00+00:00,2024-10-28 00:00:00+00:00,2024-10-28 12:29:00+00:00,signal_open,signal_body,67989.7,67035.9,68943.5,68943.5,TP,1.4028595507849027,1.2828595507849028,1.4028595507849027,1.0,0.9144604319563853,5.999999999999999,5.999999999999999,0.0,taker
2024-10-28 00:00:00+00:00,2024-10-29 00:00:00+00:00,2024-10-29 14:03:00+00:00,signal_open,signal_body,69993.5,67989.7,71997.3,71997.3,TP,2.8628372634601824,2.7428372634601828,2.8628372634601824,1.0,0.958083541271584,5.999999999999999,5.999999999999999,0.0,taker
2024-10-29 00:00:00+00:00,2024-10-30 00:00:00+00:00,2024-10-30 23:59:00+00:00,signal_open,signal_body,72756.6,69993.5,75519.70000000001,72359.2,next_day_close,-0.5462047429374225,-0.6662047429374225,3.797731064948067,-0.14382396583547752,-0.17542177988491467,5.999999999999999,5.999999999999999,0.0,taker
2024-11-06 00:00:00+00:00,2024-11-07 00:00:00+00:00,2024-11-07 23:59:00+00:00,signal_open,signal_body,75608.7,69347.3,81870.09999999999,75893.8,next_day_close,0.3770730087939692,0.25707300879396927,8.281322122983195,0.04553294790302585,0.031042508065289874,5.999999999999999,5.999999999999999,0.0,taker
2024-11-10 00:00:00+00:00,2024-11-11 00:00:00+00:00,2024-11-11 15:33:00+00:00,signal_open,signal_body,80358.7,76655.8,84061.59999999999,84061.59999999999,TP,4.607964041230128,4.487964041230127,4.607964041230128,1.0,0.9739581301142346,5.999999999999999,5.999999999999999,0.0,taker
2024-11-11 00:00:00+00:00,2024-11-12 00:00:00+00:00,2024-11-12 23:59:00+00:00,signal_open,signal_body,88710.3,80358.7,97061.90000000001,87927.5,next_day_close,-0.8824228979047561,-1.002422897904756,9.41446483666497,-0.09373054265051037,-0.1064768858661816,5.999999999999999,5.999999999999999,0.0,taker
2024-11-13 00:00:00+00:00,2024-11-14 00:00:00+00:00,2024-11-14 15:59:00+00:00,signal_open,signal_body,90337.7,87927.5,92747.9,87927.5,SL,-2.6679891119654333,-2.807989111965433,2.6679891119654333,-1.0,-1.0524739772632976,5.999999999999999,5.999999999999999,2.0,taker
2024-11-20 00:00:00+00:00,2024-11-21 00:00:00+00:00,2024-11-21 04:04:00+00:00,signal_open,signal_body,94341.8,92344.9,96338.70000000001,96338.70000000001,TP,2.116665147368408,1.996665147368408,2.116665147368408,1.0,0.9433070459211781,5.999999999999999,5.999999999999999,0.0,taker
2024-11-21 00:00:00+00:00,2024-11-22 00:00:00+00:00,2024-11-22 23:59:00+00:00,signal_open,signal_body,98398.0,94341.8,102454.2,98925.3,next_day_close,0.5358848757088588,0.41588487570885885,4.122238256875137,0.12999852078299967,0.1008881218874817,5.999999999999999,5.999999999999999,0.0,taker
2024-11-27 00:00:00+00:00,2024-11-28 00:00:00+00:00,2024-11-28 23:59:00+00:00,signal_open,signal_body,95873.2,91921.2,99825.2,95659.7,next_day_close,-0.22268996966827015,-0.34268996966827014,4.122111288660439,-0.054023279352226714,-0.08313457489878541,5.999999999999999,5.999999999999999,0.0,taker
2024-11-29 00:00:00+00:00,2024-11-30 00:00:00+00:00,2024-11-30 23:59:00+00:00,signal_open,signal_body,97510.3,95659.7,99360.90000000001,96467.2,next_day_close,-1.0697331461394395,-1.1897331461394394,1.8978507911471976,-0.5636550308008227,-0.6268844482870432,5.999999999999999,5.999999999999999,0.0,taker
2024-12-04 00:00:00+00:00,2024-12-05 00:00:00+00:00,2024-12-05 02:41:00+00:00,signal_open,signal_body,98675.9,95889.1,101462.69999999998,101462.69999999998,TP,2.824195168222422,2.7041951682224217,2.824195168222422,1.0,0.9575100186593941,5.999999999999999,5.999999999999999,0.0,taker
2024-12-08 00:00:00+00:00,2024-12-09 00:00:00+00:00,2024-12-09 00:34:00+00:00,signal_open,signal_body,101177.6,99881.5,102473.70000000001,99881.5,SL,-1.2810147700676888,-1.4210147700676887,1.2810147700676888,-1.0,-1.1092883573798313,5.999999999999999,5.999999999999999,2.0,taker
2024-12-11 00:00:00+00:00,2024-12-12 00:00:00+00:00,2024-12-12 23:59:00+00:00,signal_open,signal_body,101118.5,96562.8,105674.2,99970.4,next_day_close,-1.1354005449052407,-1.2554005449052406,4.5053081285818095,-0.25201396053296016,-0.2786492086836286,5.999999999999999,5.999999999999999,0.0,taker
2024-12-15 00:00:00+00:00,2024-12-16 00:00:00+00:00,2024-12-16 18:23:00+00:00,signal_open,signal_body,104497.1,101370.5,107623.70000000001,107623.70000000001,TP,2.9920447553090046,2.8720447553090045,2.9920447553090046,1.0,0.9598936480521973,5.999999999999999,5.999999999999999,0.0,taker
2024-12-16 00:00:00+00:00,2024-12-17 00:00:00+00:00,2024-12-17 13:32:00+00:00,signal_open,signal_body,106052.6,104497.1,107608.1,107608.1,TP,1.46672500249876,1.34672500249876,1.46672500249876,1.0,0.9181850723240116,5.999999999999999,5.999999999999999,0.0,taker
2024-12-24 00:00:00+00:00,2024-12-25 00:00:00+00:00,2024-12-25 23:59:00+00:00,signal_open,signal_body,98658.2,94814.7,102501.7,99365.8,next_day_close,0.7172237077100594,0.5972237077100594,3.8957734886709874,0.18410303109145462,0.15330041888903495,5.999999999999999,5.999999999999999,0.0,taker
2025-01-02 00:00:00+00:00,2025-01-03 00:00:00+00:00,2025-01-03 23:59:00+00:00,signal_open,signal_body,96982.0,94543.6,99420.4,98165.1,next_day_close,1.219917098018195,1.099917098018195,2.514281000598043,0.48519520997375687,0.43746784776903236,5.999999999999999,5.999999999999999,0.0,taker
2025-01-03 00:00:00+00:00,2025-01-04 00:00:00+00:00,2025-01-04 23:59:00+00:00,signal_open,signal_body,98165.1,96982.0,99348.20000000001,98175.2,next_day_close,0.010288788989153242,-0.10971121101084674,1.2052144805027507,0.00853689459892758,-0.09103044543995283,5.999999999999999,5.999999999999999,0.0,taker
2025-01-06 00:00:00+00:00,2025-01-07 00:00:00+00:00,2025-01-07 15:12:00+00:00,signal_open,signal_body,102214.8,98342.8,106086.8,98342.8,SL,-3.7881011360390078,-3.9281011360390083,3.7881011360390078,-1.0,-1.0369578305785125,5.999999999999999,5.999999999999999,2.0,taker
2025-01-14 00:00:00+00:00,2025-01-15 00:00:00+00:00,2025-01-15 13:33:00+00:00,signal_open,signal_body,96508.4,94476.8,98539.99999999999,98539.99999999999,TP,2.1051017320771988,1.9851017320771986,2.1051017320771988,1.0,0.9429956290608386,5.999999999999999,5.999999999999999,0.0,taker
2025-01-15 00:00:00+00:00,2025-01-16 00:00:00+00:00,2025-01-16 23:59:00+00:00,signal_open,signal_body,100500.6,96508.4,104492.80000000002,99948.6,next_day_close,-0.549250452236106,-0.669250452236106,3.9723145931467188,-0.1382696257702516,-0.16847871349130755,5.999999999999999,5.999999999999999,0.0,taker
2025-01-17 00:00:00+00:00,2025-01-18 00:00:00+00:00,2025-01-18 23:59:00+00:00,signal_open,signal_body,104070.1,99948.6,108191.6,104529.0,next_day_close,0.44095278086596834,0.32095278086596835,3.9603113670497097,0.11134295766104431,0.08104230983864956,5.999999999999999,5.999999999999999,0.0,taker
2025-02-10 00:00:00+00:00,2025-02-11 00:00:00+00:00,2025-02-11 05:55:00+00:00,signal_open,signal_body,97355.3,96366.9,98343.70000000001,98343.70000000001,TP,1.0152503253546636,0.8952503253546635,1.0152503253546636,1.0,0.8818025495750719,5.999999999999999,5.999999999999999,0.0,taker
2025-02-20 00:00:00+00:00,2025-02-21 00:00:00+00:00,2025-02-21 18:52:00+00:00,signal_open,signal_body,98317.9,96582.5,100053.29999999999,96582.5,SL,-1.7650905887941,-1.9050905887940999,1.7650905887941,-1.0,-1.0793160424109718,5.999999999999999,5.999999999999999,2.0,taker
2025-03-01 00:00:00+00:00,2025-03-02 00:00:00+00:00,2025-03-02 15:35:00+00:00,signal_open,signal_body,85990.3,84274.3,87706.3,87706.3,TP,1.9955739193839306,1.8755739193839307,1.9955739193839306,1.0,0.9398669230769231,5.999999999999999,5.999999999999999,0.0,taker
2025-03-02 00:00:00+00:00,2025-03-03 00:00:00+00:00,2025-03-03 19:54:00+00:00,signal_open,signal_body,94227.0,85990.3,102463.7,85990.3,SL,-8.741337408598381,-8.881337408598382,8.741337408598381,-1.0,-1.016015855864606,5.999999999999999,5.999999999999999,2.0,taker
2025-03-05 00:00:00+00:00,2025-03-06 00:00:00+00:00,2025-03-06 23:59:00+00:00,signal_open,signal_body,90576.0,87226.8,93925.2,89877.3,next_day_close,-0.7713963963963932,-0.8913963963963931,3.6976682564917827,-0.20861698316015698,-0.24106986743102765,5.999999999999999,5.999999999999999,0.0,taker
2025-03-12 00:00:00+00:00,2025-03-13 00:00:00+00:00,2025-03-13 06:21:00+00:00,signal_open,signal_body,83625.2,82865.7,84384.7,82865.7,SL,-0.908219053586718,-1.048219053586718,0.908219053586718,-1.0,-1.1541478341013824,5.999999999999999,5.999999999999999,2.0,taker
2025-03-19 00:00:00+00:00,2025-03-20 00:00:00+00:00,2025-03-20 23:59:00+00:00,signal_open,signal_body,86853.7,82626.8,91080.59999999999,84153.6,next_day_close,-3.1087909899060047,-3.228790989906005,4.866689617137778,-0.6387896567224195,-0.6634470746883049,5.999999999999999,5.999999999999999,0.0,taker
2025-03-23 00:00:00+00:00,2025-03-24 00:00:00+00:00,2025-03-24 14:14:00+00:00,signal_open,signal_body,86084.1,83796.1,88372.1,88372.1,TP,2.657865970603166,2.537865970603166,2.657865970603166,1.0,0.9548509965034965,5.999999999999999,5.999999999999999,0.0,taker
2025-03-24 00:00:00+00:00,2025-03-25 00:00:00+00:00,2025-03-25 23:59:00+00:00,signal_open,signal_body,87531.1,86084.1,88978.1,87425.7,next_day_close,-0.12041434415882896,-0.24041434415882895,1.653126717246784,-0.07284035936420784,-0.14543007601935642,5.999999999999999,5.999999999999999,0.0,taker
2025-04-01 00:00:00+00:00,2025-04-02 00:00:00+00:00,2025-04-02 20:14:00+00:00,signal_open,signal_body,85136.8,82491.6,87782.0,87782.0,TP,3.106999558357839,2.9869995583578395,3.106999558357839,1.0,0.96137752910933,5.999999999999999,5.999999999999999,0.0,taker
2025-04-09 00:00:00+00:00,2025-04-10 00:00:00+00:00,2025-04-10 23:59:00+00:00,signal_open,signal_body,82617.6,76261.1,88974.1,79542.8,next_day_close,-3.7217251529940385,-3.841725152994039,7.693881206909907,-0.4837253205380324,-0.49932213010304466,5.999999999999999,5.999999999999999,0.0,taker
2025-04-11 00:00:00+00:00,2025-04-12 00:00:00+00:00,2025-04-12 23:59:00+00:00,signal_open,signal_body,83380.2,79542.8,87217.59999999999,85271.7,next_day_close,2.2685241820000432,2.1485241820000436,4.602291671164131,0.49291186741022647,0.4668379006619072,5.999999999999999,5.999999999999999,0.0,taker
2025-04-12 00:00:00+00:00,2025-04-13 00:00:00+00:00,2025-04-13 19:40:00+00:00,signal_open,signal_body,85271.7,83380.2,87163.2,83380.2,SL,-2.218203694777986,-2.3582036947779863,2.218203694777986,-1.0,-1.0631141316415542,5.999999999999999,5.999999999999999,2.0,taker
2025-04-21 00:00:00+00:00,2025-04-22 00:00:00+00:00,2025-04-22 13:16:00+00:00,signal_open,signal_body,87534.9,85153.4,89916.4,89916.4,TP,2.7206291433473964,2.6006291433473967,2.7206291433473964,1.0,0.9558925551123242,5.999999999999999,5.999999999999999,0.0,taker
2025-04-22 00:00:00+00:00,2025-04-23 00:00:00+00:00,2025-04-23 23:59:00+00:00,signal_open,signal_body,93495.1,87534.9,99455.30000000002,93700.0,next_day_close,0.21915587020067806,0.09915587020067809,6.374879539141635,0.03437804100533434,0.01555415590080769,5.999999999999999,5.999999999999999,0.0,taker
2025-04-25 00:00:00+00:00,2025-04-26 00:00:00+00:00,2025-04-26 13:45:00+00:00,signal_open,signal_body,94659.4,93976.9,95341.9,93976.9,SL,-0.7210060490558783,-0.8610060490558782,0.7210060490558783,-1.0,-1.194173128205128,5.999999999999999,5.999999999999999,2.0,taker
2025-05-01 00:00:00+00:00,2025-05-02 00:00:00+00:00,2025-05-02 23:59:00+00:00,signal_open,signal_body,96483.4,94117.9,98848.9,96868.1,next_day_close,0.3987214380919533,0.2787214380919533,2.4517170829386195,0.16262946522934332,0.11368417670683226,5.999999999999999,5.999999999999999,0.0,taker
2025-05-06 00:00:00+00:00,2025-05-07 00:00:00+00:00,2025-05-07 23:59:00+00:00,signal_open,signal_body,96828.6,94698.0,98959.20000000001,97011.3,next_day_close,0.18868392189910532,0.06868392189910533,2.200382944708491,0.08575049281892265,0.03121453111799349,5.999999999999999,5.999999999999999,0.0,taker
2025-05-07 00:00:00+00:00,2025-05-08 00:00:00+00:00,2025-05-08 00:56:00+00:00,signal_open,signal_body,97011.3,96828.6,97194.0,97194.0,TP,0.18832857615555823,0.06832857615555825,0.18832857615555823,1.0,0.36281576354678785,5.999999999999999,5.999999999999999,0.0,taker
2025-05-08 00:00:00+00:00,2025-05-09 00:00:00+00:00,2025-05-09 23:59:00+00:00,signal_open,signal_body,103258.7,97011.3,109506.09999999999,102935.3,next_day_close,-0.31319394879075,-0.43319394879075,6.050240802954128,-0.05176553446233545,-0.07159945577360095,5.999999999999999,5.999999999999999,0.0,taker
2025-05-10 00:00:00+00:00,2025-05-11 00:00:00+00:00,2025-05-11 23:59:00+00:00,signal_open,signal_body,104756.6,102935.3,106577.90000000001,104082.1,next_day_close,-0.6438735125042241,-0.763873512504224,1.7386016728301632,-0.37033986712787514,-0.43936085213858167,5.999999999999999,5.999999999999999,0.0,taker
2025-05-18 00:00:00+00:00,2025-05-19 00:00:00+00:00,2025-05-19 04:06:00+00:00,signal_open,signal_body,106382.9,103097.5,109668.29999999999,103097.5,SL,-3.088278285325926,-3.2282782853259264,3.088278285325926,-1.0,-1.045332702258477,5.999999999999999,5.999999999999999,2.0,taker
2025-05-21 00:00:00+00:00,2025-05-22 00:00:00+00:00,2025-05-22 23:59:00+00:00,signal_open,signal_body,109621.3,106824.2,112418.40000000001,111666.9,next_day_close,1.8660607017066857,1.7460607017066858,2.551602653863807,0.7313288763362007,0.6842996103106743,5.999999999999999,5.999999999999999,0.0,taker
2025-05-22 00:00:00+00:00,2025-05-23 00:00:00+00:00,2025-05-23 11:50:00+00:00,signal_open,signal_body,111666.9,109621.3,113712.49999999999,109621.3,SL,-1.8318767692127134,-1.971876769212713,1.8318767692127134,-1.0,-1.076424354712554,5.999999999999999,5.999999999999999,2.0,taker
2025-05-26 00:00:00+00:00,2025-05-27 00:00:00+00:00,2025-05-27 01:05:00+00:00,signal_open,signal_body,109392.6,108944.0,109841.20000000001,108944.0,SL,-0.41008258328260394,-0.550082583282604,0.41008258328260394,-1.0,-1.341394650022287,5.999999999999999,5.999999999999999,2.0,taker
2025-06-01 00:00:00+00:00,2025-06-02 00:00:00+00:00,2025-06-02 09:45:00+00:00,signal_open,signal_body,105576.7,104538.7,106614.7,104538.7,SL,-0.983171476282172,-1.123171476282172,0.983171476282172,-1.0,-1.1423963198458575,5.999999999999999,5.999999999999999,2.0,taker
2025-06-07 00:00:00+00:00,2025-06-08 00:00:00+00:00,2025-06-08 23:59:00+00:00,signal_open,signal_body,105584.2,104256.0,106912.4,105713.9,next_day_close,0.12284034921891449,0.002840349218914489,1.2579533680228643,0.09765095618129603,0.002257912964912753,5.999999999999999,5.999999999999999,0.0,taker
2025-06-09 00:00:00+00:00,2025-06-10 00:00:00+00:00,2025-06-10 23:59:00+00:00,signal_open,signal_body,110254.5,105713.9,114795.1,110232.8,next_day_close,-0.01968173634635964,-0.13968173634635964,4.118289956419018,-0.004779104083160169,-0.03391741179579723,5.999999999999999,5.999999999999999,0.0,taker
2025-06-16 00:00:00+00:00,2025-06-17 00:00:00+00:00,2025-06-17 11:27:00+00:00,signal_open,signal_body,106839.0,105544.3,108133.7,105544.3,SL,-1.2118233978228896,-1.3518233978228897,1.2118233978228896,-1.0,-1.1155283849540436,5.999999999999999,5.999999999999999,2.0,taker
2025-06-23 00:00:00+00:00,2025-06-24 00:00:00+00:00,2025-06-24 23:59:00+00:00,signal_open,signal_body,105228.3,100848.1,109608.5,106033.1,next_day_close,0.7648132679136723,0.6448132679136724,4.162568434537095,0.18373590247020763,0.15490754760056696,5.999999999999999,5.999999999999999,0.0,taker
2025-06-24 00:00:00+00:00,2025-06-25 00:00:00+00:00,2025-06-25 09:13:00+00:00,signal_open,signal_body,106033.1,105228.3,106837.90000000001,106837.90000000001,TP,0.7590082719452727,0.6390082719452727,0.7590082719452727,1.0,0.8418989562624261,5.999999999999999,5.999999999999999,0.0,taker
2025-06-25 00:00:00+00:00,2025-06-26 00:00:00+00:00,2025-06-26 23:59:00+00:00,signal_open,signal_body,107310.7,106033.1,108588.29999999999,106950.4,next_day_close,-0.3357540301200187,-0.4557540301200187,1.1905616122157354,-0.2820131496556085,-0.38280591734502684,5.999999999999999,5.999999999999999,0.0,taker
2025-06-29 00:00:00+00:00,2025-06-30 00:00:00+00:00,2025-06-30 14:08:00+00:00,signal_open,signal_body,108310.0,107251.4,109368.6,107251.4,SL,-0.9773797433293377,-1.1173797433293378,0.9773797433293377,-1.0,-1.1432401284715654,5.999999999999999,5.999999999999999,2.0,taker
2025-07-02 00:00:00+00:00,2025-07-03 00:00:00+00:00,2025-07-03 23:59:00+00:00,signal_open,signal_body,108866.9,105619.6,112114.19999999998,109582.4,next_day_close,0.6572245558567389,0.5372245558567389,2.9828166320525233,0.22033689526683783,0.18010646383149143,5.999999999999999,5.999999999999999,0.0,taker
2025-07-06 00:00:00+00:00,2025-07-07 00:00:00+00:00,2025-07-07 13:17:00+00:00,signal_open,signal_body,109149.5,108120.9,110178.1,108120.9,SL,-0.9423771982464472,-1.0823771982464472,0.9423771982464472,-1.0,-1.1485604705424841,5.999999999999999,5.999999999999999,2.0,taker
2025-07-09 00:00:00+00:00,2025-07-10 00:00:00+00:00,2025-07-10 17:31:00+00:00,signal_open,signal_body,111290.8,108902.4,113679.20000000001,113679.20000000001,TP,2.146089344312386,2.026089344312386,2.146089344312386,1.0,0.9440843409814104,5.999999999999999,5.999999999999999,0.0,taker
2025-07-10 00:00:00+00:00,2025-07-11 00:00:00+00:00,2025-07-11 23:59:00+00:00,signal_open,signal_body,115983.3,111290.8,120675.8,117520.7,next_day_close,1.3255356590129737,1.2055356590129735,4.0458410822937445,0.3276291955247723,0.29796910815130406,5.999999999999999,5.999999999999999,0.0,taker
2025-07-13 00:00:00+00:00,2025-07-14 00:00:00+00:00,2025-07-14 03:42:00+00:00,signal_open,signal_body,119060.1,117396.6,120723.6,120723.6,TP,1.3971935182315485,1.2771935182315486,1.3971935182315485,1.0,0.914113543733093,5.999999999999999,5.999999999999999,0.0,taker
2025-07-14 00:00:00+00:00,2025-07-15 00:00:00+00:00,2025-07-15 01:20:00+00:00,signal_open,signal_body,119817.4,119060.1,120574.69999999998,119060.1,SL,-0.6320450952866515,-0.7720450952866516,0.6320450952866515,-1.0,-1.221503182358382,5.999999999999999,5.999999999999999,2.0,taker
2025-07-22 00:00:00+00:00,2025-07-23 00:00:00+00:00,2025-07-23 13:50:00+00:00,signal_open,signal_body,120011.7,117348.2,122675.2,117348.2,SL,-2.21936694505619,-2.3593669450561903,2.21936694505619,-1.0,-1.0630810512483573,5.999999999999999,5.999999999999999,2.0,taker
2025-07-27 00:00:00+00:00,2025-07-28 00:00:00+00:00,2025-07-28 17:13:00+00:00,signal_open,signal_body,119364.7,117903.5,120825.9,117903.5,SL,-1.2241475075964645,-1.3641475075964646,1.2241475075964645,-1.0,-1.1143653024911035,5.999999999999999,5.999999999999999,2.0,taker
2025-08-03 00:00:00+00:00,2025-08-04 00:00:00+00:00,2025-08-04 23:59:00+00:00,signal_open,signal_body,114058.9,112444.2,115673.59999999999,114987.7,next_day_close,0.8143161121140068,0.6943161121140068,1.4156720781981915,0.5752152102557778,0.49044981730352655,5.999999999999999,5.999999999999999,0.0,taker
2025-08-04 00:00:00+00:00,2025-08-05 00:00:00+00:00,2025-08-05 06:51:00+00:00,signal_open,signal_body,114987.7,114058.9,115916.5,114058.9,SL,-0.8077385668206278,-0.9477385668206278,0.8077385668206278,-1.0,-1.1733234065460805,5.999999999999999,5.999999999999999,2.0,taker
2025-08-07 00:00:00+00:00,2025-08-08 00:00:00+00:00,2025-08-08 23:59:00+00:00,signal_open,signal_body,117415.1,114938.0,119892.20000000001,116620.3,next_day_close,-0.6769146387474889,-0.7969146387474889,2.1096945793173156,-0.3208590690727064,-0.3777393403576766,5.999999999999999,5.999999999999999,0.0,taker
2025-08-10 00:00:00+00:00,2025-08-11 00:00:00+00:00,2025-08-11 03:16:00+00:00,signal_open,signal_body,119288.3,116414.5,122162.1,122162.1,TP,2.4091214310204796,2.2891214310204795,2.4091214310204796,1.0,0.9501893103208296,5.999999999999999,5.999999999999999,0.0,taker
2025-08-13 00:00:00+00:00,2025-08-14 00:00:00+00:00,2025-08-14 12:33:00+00:00,signal_open,signal_body,123322.3,120086.4,126558.20000000001,120086.4,SL,-2.623937438727634,-2.7639374387276336,2.623937438727634,-1.0,-1.0533549306220833,5.999999999999999,5.999999999999999,2.0,taker
2025-08-22 00:00:00+00:00,2025-08-23 00:00:00+00:00,2025-08-23 23:59:00+00:00,signal_open,signal_body,116882.7,112397.3,121368.09999999999,115379.5,next_day_close,-1.286075698114432,-1.406075698114432,3.8375225760527383,-0.3351317608240066,-0.36640193516743197,5.999999999999999,5.999999999999999,0.0,taker
2025-09-02 00:00:00+00:00,2025-09-03 00:00:00+00:00,2025-09-03 23:59:00+00:00,signal_open,signal_body,111183.4,109163.7,113203.09999999999,111654.9,next_day_close,0.4240740973922366,0.3040740973922367,1.8165481537711539,0.23345051245234474,0.16739115710254024,5.999999999999999,5.999999999999999,0.0,taker
2025-09-08 00:00:00+00:00,2025-09-09 00:00:00+00:00,2025-09-09 02:23:00+00:00,signal_open,signal_body,112030.7,111079.5,112981.9,111079.5,SL,-0.8490529827984625,-0.9890529827984625,0.8490529827984625,-1.0,-1.1648895920941973,5.999999999999999,5.999999999999999,2.0,taker
2025-09-10 00:00:00+00:00,2025-09-11 00:00:00+00:00,2025-09-11 23:59:00+00:00,signal_open,signal_body,113879.2,111483.5,116274.9,115411.3,next_day_close,1.3453729917315944,1.2253729917315945,2.1037204335822497,0.6395208081145418,0.5824790082230695,5.999999999999999,5.999999999999999,0.0,taker
2025-09-11 00:00:00+00:00,2025-09-12 00:00:00+00:00,2025-09-12 23:59:00+00:00,signal_open,signal_body,115411.3,113879.2,116943.40000000001,115975.7,next_day_close,0.4890335695031545,0.3690335695031546,1.3275129904957363,0.3683832647999426,0.27798866914691767,5.999999999999999,5.999999999999999,0.0,taker
2025-09-12 00:00:00+00:00,2025-09-13 00:00:00+00:00,2025-09-13 16:43:00+00:00,signal_open,signal_body,115975.7,115411.3,116540.09999999999,115411.3,SL,-0.4866536696911459,-0.6266536696911459,0.4866536696911459,-1.0,-1.2876789156626536,5.999999999999999,5.999999999999999,2.0,taker
2025-09-16 00:00:00+00:00,2025-09-17 00:00:00+00:00,2025-09-17 18:15:00+00:00,signal_open,signal_body,116737.4,115305.5,118169.29999999999,115305.5,SL,-1.226599187578269,-1.366599187578269,1.226599187578269,-1.0,-1.114136713457644,5.999999999999999,5.999999999999999,2.0,taker
2025-09-24 00:00:00+00:00,2025-09-25 00:00:00+00:00,2025-09-25 04:19:00+00:00,signal_open,signal_body,113238.1,111959.3,114516.90000000001,111959.3,SL,-1.1293018869090905,-1.2693018869090906,1.1293018869090905,-1.0,-1.1239703941194867,5.999999999999999,5.999999999999999,2.0,taker
2025-09-28 00:00:00+00:00,2025-09-29 00:00:00+00:00,2025-09-29 23:59:00+00:00,signal_open,signal_body,112114.7,109572.5,114656.9,114249.9,next_day_close,1.9044781817192546,1.7844781817192548,2.2674992663763067,0.8399024466997088,0.7869807096215874,5.999999999999999,5.999999999999999,0.0,taker
2025-09-29 00:00:00+00:00,2025-09-30 00:00:00+00:00,2025-09-30 23:59:00+00:00,signal_open,signal_body,114249.9,112114.7,116385.09999999999,113989.7,next_day_close,-0.22774637001870207,-0.34774637001870207,1.8688856620443406,-0.12186212064443493,-0.18607150618208956,5.999999999999999,5.999999999999999,0.0,taker
2025-10-01 00:00:00+00:00,2025-10-02 00:00:00+00:00,2025-10-02 23:59:00+00:00,signal_open,signal_body,118548.8,113989.7,123107.90000000001,120464.4,next_day_close,1.6158746440284433,1.4958746440284432,3.8457580338223636,0.4201706477155554,0.38896743655545807,5.999999999999999,5.999999999999999,0.0,taker
2025-10-02 00:00:00+00:00,2025-10-03 00:00:00+00:00,2025-10-03 16:00:00+00:00,signal_open,signal_body,120464.4,118548.8,122379.99999999999,122379.99999999999,TP,1.5901793392902728,1.470179339290273,1.5901793392902728,1.0,0.9245368135310083,5.999999999999999,5.999999999999999,0.0,taker
2025-10-03 00:00:00+00:00,2025-10-04 00:00:00+00:00,2025-10-04 23:59:00+00:00,signal_open,signal_body,122196.4,120464.4,123928.4,122337.2,next_day_close,0.11522434376135707,-0.004775656238642924,1.4173903650189368,0.08129330254041739,-0.003369330254039874,5.999999999999999,5.999999999999999,0.0,taker
2025-10-05 00:00:00+00:00,2025-10-06 00:00:00+00:00,2025-10-06 12:16:00+00:00,signal_open,signal_body,123434.4,122337.2,124531.59999999999,124531.59999999999,TP,0.8888932096725038,0.7688932096725039,0.8888932096725038,1.0,0.8650006562158218,5.999999999999999,5.999999999999999,0.0,taker
2025-10-12 00:00:00+00:00,2025-10-13 00:00:00+00:00,2025-10-13 23:59:00+00:00,signal_open,signal_body,114891.4,110601.3,119181.49999999999,115120.9,next_day_close,0.19975385450956298,0.079753854509563,3.7340479792221104,0.05349525652082713,0.0213585510827254,5.999999999999999,5.999999999999999,0.0,taker
2025-10-19 00:00:00+00:00,2025-10-20 00:00:00+00:00,2025-10-20 03:54:00+00:00,signal_open,signal_body,108579.2,107099.5,110058.9,110058.9,TP,1.362784032300843,1.2427840323008432,1.362784032300843,1.0,0.9119449618165842,5.999999999999999,5.999999999999999,0.0,taker
2025-10-20 00:00:00+00:00,2025-10-21 00:00:00+00:00,2025-10-21 04:03:00+00:00,signal_open,signal_body,110481.3,108579.2,112383.40000000001,108579.2,SL,-1.721648822017849,-1.8616488220178486,1.721648822017849,-1.0,-1.0813173965616947,5.999999999999999,5.999999999999999,2.0,taker
2025-10-23 00:00:00+00:00,2025-10-24 00:00:00+00:00,2025-10-24 23:59:00+00:00,signal_open,signal_body,110010.5,107511.9,112509.1,110963.8,next_day_close,0.8665536471518653,0.7465536471518655,2.271237745487936,0.3815336588489557,0.3286990314576167,5.999999999999999,5.999999999999999,0.0,taker
2025-10-26 00:00:00+00:00,2025-10-27 00:00:00+00:00,2025-10-27 23:59:00+00:00,signal_open,signal_body,114502.6,111589.0,117416.20000000001,114058.3,next_day_close,-0.3880261234242741,-0.5080261234242741,2.5445710403082598,-0.15249176276771073,-0.19965098846787538,5.999999999999999,5.999999999999999,0.0,taker
2025-11-09 00:00:00+00:00,2025-11-10 00:00:00+00:00,2025-11-10 23:59:00+00:00,signal_open,signal_body,104663.0,102267.6,107058.4,105965.2,next_day_close,1.2441837134421878,1.124183713442188,2.288678902764104,0.5436252817900978,0.4911932871336729,5.999999999999999,5.999999999999999,0.0,taker
2025-11-10 00:00:00+00:00,2025-11-11 00:00:00+00:00,2025-11-11 01:19:00+00:00,signal_open,signal_body,105965.2,104663.0,107267.4,107267.4,TP,1.2288940142612832,1.108894014261283,1.2288940142612832,1.0,0.9023512210105973,5.999999999999999,5.999999999999999,0.0,taker
2025-11-23 00:00:00+00:00,2025-11-24 00:00:00+00:00,2025-11-24 20:45:00+00:00,signal_open,signal_body,86808.3,84695.1,88921.5,88921.5,TP,2.43432943624054,2.3143294362405404,2.43432943624054,1.0,0.9507051107325383,5.999999999999999,5.999999999999999,0.0,taker
2025-11-24 00:00:00+00:00,2025-11-25 00:00:00+00:00,2025-11-25 09:13:00+00:00,signal_open,signal_body,88244.5,86808.3,89680.7,86808.3,SL,-1.6275235283785359,-1.7675235283785358,1.6275235283785359,-1.0,-1.0860202618019774,5.999999999999999,5.999999999999999,2.0,taker
2025-11-26 00:00:00+00:00,2025-11-27 00:00:00+00:00,2025-11-27 23:59:00+00:00,signal_open,signal_body,90425.1,87319.1,93531.1,91288.7,next_day_close,0.9550445617422499,0.83504456174225,3.4348869948719987,0.2780424983902097,0.24310685125563147,5.999999999999999,5.999999999999999,0.0,taker
2025-11-27 00:00:00+00:00,2025-11-28 00:00:00+00:00,2025-11-28 13:47:00+00:00,signal_open,signal_body,91288.7,90425.1,92152.29999999999,92152.29999999999,TP,0.9460097470990291,0.8260097470990291,0.9460097470990291,1.0,0.8731514126910594,5.999999999999999,5.999999999999999,0.0,taker
2025-12-02 00:00:00+00:00,2025-12-03 00:00:00+00:00,2025-12-03 23:59:00+00:00,signal_open,signal_body,91255.0,86247.5,96262.5,93384.1,next_day_close,2.3331324310996724,2.2131324310996723,5.48737055503808,0.42518222666001115,0.40331382925611703,5.999999999999999,5.999999999999999,0.0,taker
2025-12-03 00:00:00+00:00,2025-12-04 00:00:00+00:00,2025-12-04 19:14:00+00:00,signal_open,signal_body,93384.1,91255.0,95513.20000000001,91255.0,SL,-2.279938447765739,-2.419938447765739,2.279938447765739,-1.0,-1.0614051665022777,5.999999999999999,5.999999999999999,2.0,taker
2025-12-07 00:00:00+00:00,2025-12-08 00:00:00+00:00,2025-12-08 01:38:00+00:00,signal_open,signal_body,90327.3,89194.2,91460.40000000001,91460.40000000001,TP,1.2544380270416648,1.1344380270416647,1.2544380270416648,1.0,0.9043396346306598,5.999999999999999,5.999999999999999,0.0,taker
2025-12-09 00:00:00+00:00,2025-12-10 00:00:00+00:00,2025-12-10 23:59:00+00:00,signal_open,signal_body,92634.0,90608.7,94659.3,91983.4,next_day_close,-0.7023339162726492,-0.8223339162726492,2.18634626594987,-0.3212363600454278,-0.3761224509949167,5.999999999999999,5.999999999999999,0.0,taker
2025-12-21 00:00:00+00:00,2025-12-22 00:00:00+00:00,2025-12-22 00:08:00+00:00,signal_open,signal_body,88616.4,88311.7,88921.09999999999,88921.09999999999,TP,0.343841546260057,0.223841546260057,0.343841546260057,1.0,0.6510020347883132,5.999999999999999,5.999999999999999,0.0,taker
2026-01-02 00:00:00+00:00,2026-01-03 00:00:00+00:00,2026-01-03 23:59:00+00:00,signal_open,signal_body,89958.4,88791.0,91125.79999999999,90592.1,next_day_close,0.7044367174160631,0.5844367174160631,1.2977109419464934,0.5428302210039531,0.4503597053280917,5.999999999999999,5.999999999999999,0.0,taker
2026-01-04 00:00:00+00:00,2026-01-05 00:00:00+00:00,2026-01-05 00:53:00+00:00,signal_open,signal_body,91485.9,90592.1,92379.69999999998,92379.69999999998,TP,0.9769811522868426,0.8569811522868426,0.9769811522868426,1.0,0.877172656075183,5.999999999999999,5.999999999999999,0.0,taker
2026-01-05 00:00:00+00:00,2026-01-06 00:00:00+00:00,2026-01-06 18:00:00+00:00,signal_open,signal_body,93828.8,91485.9,96171.70000000001,91485.9,SL,-2.49699452620092,-2.63699452620092,2.49699452620092,-1.0,-1.056067403645055,5.999999999999999,5.999999999999999,2.0,taker
2026-01-11 00:00:00+00:00,2026-01-12 00:00:00+00:00,2026-01-12 01:00:00+00:00,signal_open,signal_body,90949.6,90470.6,91428.6,91428.6,TP,0.5266653179343285,0.4066653179343285,0.5266653179343285,1.0,0.7721513152400835,5.999999999999999,5.999999999999999,0.0,taker
2026-01-12 00:00:00+00:00,2026-01-13 00:00:00+00:00,2026-01-13 04:22:00+00:00,signal_open,signal_body,91247.7,90949.6,91545.79999999999,91545.79999999999,TP,0.3266931659647216,0.20669316596472165,0.3266931659647216,1.0,0.6326828581012977,5.999999999999999,5.999999999999999,0.0,taker
2026-01-13 00:00:00+00:00,2026-01-14 00:00:00+00:00,2026-01-14 23:59:00+00:00,signal_open,signal_body,95375.2,91247.7,99502.7,96908.0,next_day_close,1.6071263808621141,1.4871263808621142,4.327644922369757,0.37136281041792923,0.343634102967899,5.999999999999999,5.999999999999999,0.0,taker
2026-01-14 00:00:00+00:00,2026-01-15 00:00:00+00:00,2026-01-15 19:31:00+00:00,signal_open,signal_body,96908.0,95375.2,98440.8,95375.2,SL,-1.5817063606719806,-1.7217063606719805,1.5817063606719806,-1.0,-1.088512004175365,5.999999999999999,5.999999999999999,2.0,taker
2026-01-27 00:00:00+00:00,2026-01-28 00:00:00+00:00,2026-01-28 11:57:00+00:00,signal_open,signal_body,89197.7,88300.6,90094.79999999999,90094.79999999999,TP,1.0057434216353014,0.8857434216353014,1.0057434216353014,1.0,0.8806852747742715,5.999999999999999,5.999999999999999,0.0,taker
2026-02-13 00:00:00+00:00,2026-02-14 00:00:00+00:00,2026-02-14 23:59:00+00:00,signal_open,signal_body,68821.6,66243.2,71400.00000000001,69795.4,next_day_close,1.4149627442546937,1.2949627442546936,3.7464981924279708,0.3776760781880178,0.345646168166299,5.999999999999999,5.999999999999999,0.0,taker
2026-02-14 00:00:00+00:00,2026-02-15 00:00:00+00:00,2026-02-15 07:19:00+00:00,signal_open,signal_body,69795.4,68821.6,70769.19999999998,70769.19999999998,TP,1.3952208884826056,1.2752208884826055,1.3952208884826056,1.0,0.913992113370301,5.999999999999999,5.999999999999999,0.0,taker
2026-02-20 00:00:00+00:00,2026-02-21 00:00:00+00:00,2026-02-21 23:59:00+00:00,signal_open,signal_body,67979.2,66974.0,68984.4,67933.1,next_day_close,-0.06781486101629804,-0.18781486101629802,1.4786875985595551,-0.04586152009549483,-0.12701456426580943,5.999999999999999,5.999999999999999,0.0,taker
2026-02-25 00:00:00+00:00,2026-02-26 00:00:00+00:00,2026-02-26 23:59:00+00:00,signal_open,signal_body,67952.5,64031.4,71873.6,67448.1,next_day_close,-0.7422832125381614,-0.8622832125381615,5.770354291600748,-0.1286373721659724,-0.14943332228201128,5.999999999999999,5.999999999999999,0.0,taker
2026-03-02 00:00:00+00:00,2026-03-03 00:00:00+00:00,2026-03-03 23:59:00+00:00,signal_open,signal_body,68801.8,65750.0,71853.6,68295.2,next_day_close,-0.7363179451700476,-0.8563179451700477,4.435639765238704,-0.166000393210566,-0.19305398781047425,5.999999999999999,5.999999999999999,0.0,taker
2026-03-04 00:00:00+00:00,2026-03-05 00:00:00+00:00,2026-03-05 23:59:00+00:00,signal_open,signal_body,72641.4,68295.2,76987.59999999999,70848.4,next_day_close,-2.468289432747717,-2.588289432747717,5.983089532966046,-0.41254429156504563,-0.43260081910634607,5.999999999999999,5.999999999999999,0.0,taker
2026-03-09 00:00:00+00:00,2026-03-10 00:00:00+00:00,2026-03-10 08:08:00+00:00,signal_open,signal_body,68392.7,65934.4,70851.0,70851.0,TP,3.594389459693802,3.4743894596938016,3.594389459693802,1.0,0.9666146361306592,5.999999999999999,5.999999999999999,0.0,taker
2026-03-10 00:00:00+00:00,2026-03-11 00:00:00+00:00,2026-03-11 23:59:00+00:00,signal_open,signal_body,69901.9,68392.7,71411.09999999999,70150.0,next_day_close,0.3549259748304493,0.23492597483044933,2.159025720330917,0.1643917307182655,0.10881110522131339,5.999999999999999,5.999999999999999,0.0,taker
2026-03-13 00:00:00+00:00,2026-03-14 00:00:00+00:00,2026-03-14 01:38:00+00:00,signal_open,signal_body,70895.5,70480.1,71310.9,70480.1,SL,-0.5859328166103549,-0.7259328166103548,0.5859328166103549,-1.0,-1.2389352431391463,5.999999999999999,5.999999999999999,2.0,taker
2026-03-15 00:00:00+00:00,2026-03-16 00:00:00+00:00,2026-03-16 04:54:00+00:00,signal_open,signal_body,72778.8,71174.4,74383.20000000001,74383.20000000001,TP,2.204488120166874,2.0844881201668737,2.204488120166874,1.0,0.9455655946148096,5.999999999999999,5.999999999999999,0.0,taker
2026-03-16 00:00:00+00:00,2026-03-17 00:00:00+00:00,2026-03-17 23:59:00+00:00,signal_open,signal_body,74846.3,72778.8,76913.8,73872.4,next_day_close,-1.3011999257144424,-1.4211999257144423,2.7623275966881464,-0.4710519951632448,-0.5144936203143935,5.999999999999999,5.999999999999999,0.0,taker
2026-03-23 00:00:00+00:00,2026-03-24 00:00:00+00:00,2026-03-24 23:59:00+00:00,signal_open,signal_body,70866.2,67830.6,73901.79999999999,70524.0,next_day_close,-0.4828818251860508,-0.6028818251860507,4.283565366846242,-0.11272894979575639,-0.14074299644221844,5.999999999999999,5.999999999999999,0.0,taker
2026-03-31 00:00:00+00:00,2026-04-01 00:00:00+00:00,2026-04-01 23:59:00+00:00,signal_open,signal_body,68242.2,66766.1,69718.29999999999,68084.7,next_day_close,-0.23079560741007765,-0.35079560741007765,2.163031086336594,-0.10670008806991461,-0.1621777928324649,5.999999999999999,5.999999999999999,0.0,taker
2026-04-05 00:00:00+00:00,2026-04-06 00:00:00+00:00,2026-04-06 23:59:00+00:00,signal_open,signal_body,69000.7,67268.7,70732.7,68814.7,next_day_close,-0.2695624826994509,-0.3895624826994508,2.510119462556177,-0.10739030023094688,-0.15519678983833718,5.999999999999999,5.999999999999999,0.0,taker
2026-04-07 00:00:00+00:00,2026-04-08 00:00:00+00:00,2026-04-08 23:59:00+00:00,signal_open,signal_body,71895.8,68814.7,74976.90000000001,71037.8,next_day_close,-1.1933937726543136,-1.3133937726543135,4.285507637441972,-0.2784719742948942,-0.3064733244620422,5.999999999999999,5.999999999999999,0.0,taker
2026-04-13 00:00:00+00:00,2026-04-14 00:00:00+00:00,2026-04-14 23:59:00+00:00,signal_open,signal_body,74379.8,70710.4,78049.20000000001,74101.9,next_day_close,-0.37362294601492435,-0.49362294601492435,4.933328672569715,-0.07573445249904837,-0.10005879980378478,5.999999999999999,5.999999999999999,0.0,taker
2026-04-17 00:00:00+00:00,2026-04-18 00:00:00+00:00,2026-04-18 23:59:00+00:00,signal_open,signal_body,77027.6,75106.3,78948.90000000001,75652.2,next_day_close,-1.7855937352325773,-1.9055937352325771,2.494300744148854,-0.7158694633841705,-0.7639791391245545,5.999999999999999,5.999999999999999,0.0,taker
2026-04-22 00:00:00+00:00,2026-04-23 00:00:00+00:00,2026-04-23 23:59:00+00:00,signal_open,signal_body,78141.9,76294.3,79989.49999999999,78214.0,next_day_close,0.09226804057746975,-0.027731959422530247,2.3644165294163457,0.039023598181427886,-0.01172888071010731,5.999999999999999,5.999999999999999,0.0,taker
2026-04-26 00:00:00+00:00,2026-04-27 00:00:00+00:00,2026-04-27 05:36:00+00:00,signal_open,signal_body,78616.7,77587.8,79645.59999999999,77587.8,SL,-1.3087550100678282,-1.4487550100678281,1.3087550100678282,-1.0,-1.1069718923121787,5.999999999999999,5.999999999999999,2.0,taker
2026-05-01 00:00:00+00:00,2026-05-02 00:00:00+00:00,2026-05-02 23:59:00+00:00,signal_open,signal_body,78192.4,76306.4,80078.4,78654.4,next_day_close,0.5908502616622587,0.4708502616622588,2.4119991201190913,0.24496288441145278,0.1952116224814422,5.999999999999999,5.999999999999999,0.0,taker
2026-05-04 00:00:00+00:00,2026-05-05 00:00:00+00:00,2026-05-05 05:24:00+00:00,signal_open,signal_body,79822.6,78529.9,81115.30000000002,81115.30000000002,TP,1.6194661662236154,1.4994661662236155,1.6194661662236154,1.0,0.9259015084706436,5.999999999999999,5.999999999999999,0.0,taker
2026-05-05 00:00:00+00:00,2026-05-06 00:00:00+00:00,2026-05-06 08:53:00+00:00,signal_open,signal_body,80862.9,79822.6,81903.19999999998,81903.19999999998,TP,1.2864985054950893,1.1664985054950892,1.2864985054950893,1.0,0.9067235605113899,5.999999999999999,5.999999999999999,0.0,taker
2026-05-09 00:00:00+00:00,2026-05-10 00:00:00+00:00,2026-05-10 15:40:00+00:00,signal_open,signal_body,80631.4,80155.3,81107.49999999999,81107.49999999999,TP,0.5904647569061077,0.47046475690610773,0.5904647569061077,1.0,0.7967702583490827,5.999999999999999,5.999999999999999,0.0,taker
2026-05-10 00:00:00+00:00,2026-05-11 00:00:00+00:00,2026-05-11 03:14:00+00:00,signal_open,signal_body,82180.5,80631.4,83729.6,80631.4,SL,-1.8849970491783403,-2.02499704917834,1.8849970491783403,-1.0,-1.0742706732941705,5.999999999999999,5.999999999999999,2.0,taker
2026-05-20 00:00:00+00:00,2026-05-21 00:00:00+00:00,2026-05-21 13:43:00+00:00,signal_open,signal_body,77513.5,76801.8,78225.2,76801.8,SL,-0.9181626426364402,-1.0581626426364403,0.9181626426364402,-1.0,-1.152478431923564,5.999999999999999,5.999999999999999,2.0,taker
2026-06-07 00:00:00+00:00,2026-06-08 00:00:00+00:00,2026-06-08 23:59:00+00:00,signal_open,signal_body,63302.4,60851.3,65753.5,63058.6,next_day_close,-0.38513547669599085,-0.5051354766959908,3.8720490850267892,-0.09946554608135248,-0.13045688874383057,5.999999999999999,5.999999999999999,0.0,taker
2026-06-11 00:00:00+00:00,2026-06-12 00:00:00+00:00,2026-06-12 23:59:00+00:00,signal_open,signal_body,63598.3,61478.9,65717.70000000001,63546.4,next_day_close,-0.08160595487615463,-0.20160595487615462,3.332479012803803,-0.024488062659243855,-0.06049729168632697,5.999999999999999,5.999999999999999,0.0,taker
2026-06-13 00:00:00+00:00,2026-06-14 00:00:00+00:00,2026-06-14 21:40:00+00:00,signal_open,signal_body,64417.8,63546.4,65289.200000000004,65289.200000000004,TP,1.3527316983815054,1.2327316983815055,1.3527316983815054,1.0,0.9112906128069774,5.999999999999999,5.999999999999999,0.0,taker
2026-06-14 00:00:00+00:00,2026-06-15 00:00:00+00:00,2026-06-15 15:47:00+00:00,signal_open,signal_body,65703.2,64417.8,66988.59999999999,66988.59999999999,TP,1.9563735099660202,1.8363735099660203,1.9563735099660202,1.0,0.938662019604792,5.999999999999999,5.999999999999999,0.0,taker
2026-06-15 00:00:00+00:00,2026-06-16 00:00:00+00:00,2026-06-16 02:55:00+00:00,signal_open,signal_body,66286.8,65703.2,66870.40000000001,65703.2,SL,-0.8804166138658162,-1.0204166138658162,0.8804166138658162,-1.0,-1.1590156271418763,5.999999999999999,5.999999999999999,2.0,taker
2026-06-20 00:00:00+00:00,2026-06-21 00:00:00+00:00,2026-06-21 21:10:00+00:00,signal_open,signal_body,64268.2,63511.6,65024.799999999996,63511.6,SL,-1.1772540696643108,-1.3172540696643107,1.1772540696643108,-1.0,-1.1189208035950307,5.999999999999999,5.999999999999999,2.0,taker
2026-07-02 00:00:00+00:00,2026-07-03 00:00:00+00:00,2026-07-03 23:59:00+00:00,signal_open,signal_body,61538.5,59999.9,63077.1,62562.3,next_day_close,1.6636739602037796,1.5436739602037797,2.5002234373603494,0.6654101130898245,0.6174144027037591,5.999999999999999,5.999999999999999,0.0,taker
2026-07-03 00:00:00+00:00,2026-07-04 00:00:00+00:00,2026-07-04 23:59:00+00:00,signal_open,signal_body,62562.3,61538.5,63586.100000000006,63114.4,next_day_close,0.8824803435935036,0.7624803435935036,1.6364487878482774,0.5392654815393602,0.4659359640554768,5.999999999999999,5.999999999999999,0.0,taker
2026-07-04 00:00:00+00:00,2026-07-05 00:00:00+00:00,2026-07-05 09:39:00+00:00,signal_open,signal_body,63114.4,62562.3,63666.5,62562.3,SL,-0.874760751904476,-1.014760751904476,0.874760751904476,-1.0,-1.1600437601883722,5.999999999999999,5.999999999999999,2.0,taker
2026-07-05 00:00:00+00:00,2026-07-06 00:00:00+00:00,2026-07-06 03:32:00+00:00,signal_open,signal_body,63616.3,63114.4,64118.200000000004,63114.4,SL,-0.7889487442683738,-0.9289487442683738,0.7889487442683738,-1.0,-1.177451324965132,5.999999999999999,5.999999999999999,2.0,taker
2026-07-06 00:00:00+00:00,2026-07-07 00:00:00+00:00,2026-07-07 02:24:00+00:00,signal_open,signal_body,64023.2,63616.3,64430.09999999999,63616.3,SL,-0.6355508628122215,-0.7755508628122215,0.6355508628122215,-1.0,-1.220281346768251,5.999999999999999,5.999999999999999,2.0,taker
2026-07-10 00:00:00+00:00,2026-07-11 00:00:00+00:00,2026-07-11 23:59:00+00:00,signal_open,signal_body,64132.5,63196.9,65068.1,63782.6,next_day_close,-0.5455892098390074,-0.6655892098390074,1.4588547148481636,-0.37398460880718465,-0.45624091492090857,5.999999999999999,5.999999999999999,0.0,taker
2026-07-14 00:00:00+00:00,2026-07-15 00:00:00+00:00,2026-07-15 23:59:00+00:00,signal_open,signal_body,65013.8,62308.6,67719.0,64721.0,next_day_close,-0.4503659223118828,-0.5703659223118828,4.160962749447047,-0.10823598994529145,-0.13707546946621407,5.999999999999999,5.999999999999999,0.0,taker
2026-07-18 00:00:00+00:00,2026-07-19 00:00:00+00:00,2026-07-19 23:59:00+00:00,signal_open,signal_body,64806.1,63910.0,65702.2,64695.9,next_day_close,-0.17004572100465404,-0.290045721004654,1.3827402050115631,-0.12297734627831411,-0.20976154447048026,5.999999999999999,5.999999999999999,0.0,taker
2026-07-20 00:00:00+00:00,2026-07-21 00:00:00+00:00,2026-07-21 05:48:00+00:00,signal_open,signal_body,65224.0,64695.9,65752.1,65752.1,TP,0.8096712866429625,0.6896712866429625,0.8096712866429512,1.000000000000014,0.8517917061162794,5.999999999999999,5.999999999999999,0.0,taker
2026-07-21 00:00:00+00:00,2026-07-22 00:00:00+00:00,2026-07-22 23:59:00+00:00,signal_open,signal_body,66522.4,65224.0,67820.79999999999,66081.5,next_day_close,-0.6627842651497754,-0.7827842651497755,1.9518237465876072,-0.33957178065310856,-0.4010527418361033,5.999999999999999,5.999999999999999,0.0,taker
2026-07-26 00:00:00+00:00,2026-07-27 00:00:00+00:00,2026-07-27 22:40:00+00:00,signal_open,signal_body,65375.7,64338.1,66413.29999999999,64338.1,SL,-1.5871340574555965,-1.7271340574555964,1.5871340574555965,-1.0,-1.0882093099460293,5.999999999999999,5.999999999999999,2.0,taker
2026-07-30 00:00:00+00:00,2026-07-31 00:00:00+00:00,2026-07-31 07:24:00+00:00,signal_open,signal_body,64750.9,63957.2,65544.6,63957.2,SL,-1.2257744679996792,-1.3657744679996793,1.2257744679996792,-1.0,-1.1142135063626049,5.999999999999999,5.999999999999999,2.0,taker
2026-08-02 00:00:00+00:00,2026-08-03 00:00:00+00:00,2026-08-03 03:46:00+00:00,signal_open,signal_body,63548.8,62791.6,64306.00000000001,62791.6,SL,-1.1915252530338958,-1.331525253033896,1.1915252530338958,-1.0,-1.117496460644479,5.999999999999999,5.999999999999999,2.0,taker
2026-08-04 00:00:00+00:00,2026-08-05 00:00:00+00:00,2026-08-05 15:09:00+00:00,signal_open,signal_body,64075.9,63499.2,64652.600000000006,64652.600000000006,TP,0.9000263749709396,0.7800263749709397,0.9000263749709396,1.0,0.8666705739552637,5.999999999999999,5.999999999999999,0.0,taker
2026-08-05 00:00:00+00:00,2026-08-06 00:00:00+00:00,2026-08-06 23:59:00+00:00,signal_open,signal_body,64632.0,64075.9,65188.1,64297.4,next_day_close,-0.5177002104220797,-0.6377002104220797,0.8604097041713061,-0.6016903434634048,-0.7411587843912958,5.999999999999999,5.999999999999999,0.0,taker
2026-08-17 00:00:00+00:00,2026-08-18 00:00:00+00:00,2026-08-18 23:59:00+00:00,signal_open,signal_body,64502.5,62875.7,66129.3,64694.6,next_day_close,0.2978179140343375,0.17781791403433753,2.5220727878764433,0.11808458323088161,0.07050467174821635,5.999999999999999,5.999999999999999,0.0,taker
2026-08-18 00:00:00+00:00,2026-08-19 00:00:00+00:00,2026-08-19 00:50:00+00:00,signal_open,signal_body,64694.6,64502.5,64886.7,64502.5,SL,-0.2969335926027807,-0.4369335926027807,0.2969335926027807,-1.0,-1.4714858927641887,5.999999999999999,5.999999999999999,2.0,taker
2026-08-19 00:00:00+00:00,2026-08-20 00:00:00+00:00,2026-08-20 23:59:00+00:00,signal_open,signal_body,69308.8,64694.6,73923.0,72997.3,next_day_close,5.321835033935084,5.201835033935084,6.65745186758392,0.7993801742447221,0.7813552598500273,5.999999999999999,5.999999999999999,0.0,taker
2026-08-20 00:00:00+00:00,2026-08-21 00:00:00+00:00,2026-08-21 07:42:00+00:00,signal_open,signal_body,72997.3,69308.8,76685.8,76685.8,TP,5.052926615093982,4.932926615093982,5.052926615093982,1.0,0.9762513867425782,5.999999999999999,5.999999999999999,0.0,taker
2026-08-21 00:00:00+00:00,2026-08-22 00:00:00+00:00,2026-08-22 23:59:00+00:00,signal_open,signal_body,78309.5,72997.3,83621.7,77082.4,next_day_close,-1.5669874025501451,-1.6869874025501452,6.78359586001698,-0.23099657392417577,-0.2486863069914549,5.999999999999999,5.999999999999999,0.0,taker
2026-08-24 00:00:00+00:00,2026-08-25 00:00:00+00:00,2026-08-25 02:17:00+00:00,signal_open,signal_body,78953.2,77718.5,80187.9,80187.9,TP,1.5638378178465182,1.443837817846518,1.5638378178465182,1.0,0.9232657001700817,5.999999999999999,5.999999999999999,0.0,taker
2026-08-27 00:00:00+00:00,2026-08-28 00:00:00+00:00,2026-08-28 01:33:00+00:00,signal_open,signal_body,80209.1,78989.9,81428.30000000002,81428.30000000002,TP,1.5200270293520455,1.4000270293520456,1.5200270293520455,1.0,0.9210540354330716,5.999999999999999,5.999999999999999,0.0,taker
2026-09-03 00:00:00+00:00,2026-09-04 00:00:00+00:00,2026-09-04 23:59:00+00:00,signal_open,signal_body,81229.2,77300.0,85158.4,79617.6,next_day_close,-1.9840156003013587,-2.104015600301359,4.83717677879383,-0.41015982897281694,-0.43496768807899633,5.999999999999999,5.999999999999999,0.0,taker
2026-09-06 00:00:00+00:00,2026-09-07 00:00:00+00:00,2026-09-07 01:43:00+00:00,signal_open,signal_body,80300.6,79796.8,80804.40000000001,79796.8,SL,-0.6273925724091761,-0.767392572409176,0.6273925724091761,-1.0,-1.2231457721317969,5.999999999999999,5.999999999999999,2.0,taker
2026-09-14 00:00:00+00:00,2026-09-15 00:00:00+00:00,2026-09-15 08:02:00+00:00,signal_open,signal_body,78155.4,76803.4,79507.4,76803.4,SL,-1.7298868664225378,-1.8698868664225377,1.7298868664225378,-1.0,-1.080930147928994,5.999999999999999,5.999999999999999,2.0,taker
2026-09-18 00:00:00+00:00,2026-09-19 00:00:00+00:00,2026-09-19 23:59:00+00:00,signal_open,signal_body,80863.8,76385.7,85341.90000000001,81226.7,next_day_close,0.44877930544940275,0.3287793054494028,5.53783027757786,0.08103883343382098,0.0593696969696956,5.999999999999999,5.999999999999999,0.0,taker
2026-09-21 00:00:00+00:00,2026-09-22 00:00:00+00:00,2026-09-22 23:59:00+00:00,signal_open,signal_body,86578.9,81143.7,92014.09999999999,86159.7,next_day_close,-0.4841826357230193,-0.6041826357230192,6.277742036454606,-0.07712687665587235,-0.0962420297321161,5.999999999999999,5.999999999999999,0.0,taker
2024-10-04 00:00:00+00:00,2024-10-05 00:00:00+00:00,2024-10-05 23:59:00+00:00,signal_open,signal_body,62070.0,60678.5,63461.5,62042.5,next_day_close,-0.04430481714193652,-0.1643048171419365,2.241823747381988,-0.019762845849802372,-0.07329069349622709,5.999999999999999,5.999999999999999,0.0,maker_target
2024-10-06 00:00:00+00:00,2024-10-07 00:00:00+00:00,2024-10-07 00:50:00+00:00,signal_open,signal_body,62817.9,62042.5,63593.3,63593.3,TP,1.2343615434454214,1.1543615434454213,1.2343615434454214,1.0,0.9351891668816096,5.999999999999999,2.0,0.0,maker_target
2024-10-11 00:00:00+00:00,2024-10-12 00:00:00+00:00,2024-10-12 23:59:00+00:00,signal_open,signal_body,62570.0,60224.0,64916.0,63243.9,next_day_close,1.0770337222311035,0.9570337222311036,3.749400671248202,0.28725490196078496,0.25524978687127087,5.999999999999999,5.999999999999999,0.0,maker_target
2024-10-14 00:00:00+00:00,2024-10-15 00:00:00+00:00,2024-10-15 23:59:00+00:00,signal_open,signal_body,66143.8,62871.4,69416.20000000001,67062.6,next_day_close,1.3890946694928366,1.2690946694928367,4.94740247763207,0.2807725216966149,0.25651736951473003,5.999999999999999,5.999999999999999,0.0,maker_target
2024-10-15 00:00:00+00:00,2024-10-16 00:00:00+00:00,2024-10-16 11:25:00+00:00,signal_open,signal_body,67062.6,66143.8,67981.40000000001,67981.40000000001,TP,1.3700631946867596,1.2900631946867596,1.3700631946867596,1.0,0.9416085328689596,5.999999999999999,2.0,0.0,maker_target
2024-10-18 00:00:00+00:00,2024-10-19 00:00:00+00:00,2024-10-19 23:59:00+00:00,signal_open,signal_body,68419.5,67419.0,69420.0,68359.0,next_day_close,-0.08842508349227925,-0.20842508349227926,1.4623024137855436,-0.06046976511744129,-0.1425321339330335,5.999999999999999,5.999999999999999,0.0,maker_target
2024-10-20 00:00:00+00:00,2024-10-21 00:00:00+00:00,2024-10-21 08:48:00+00:00,signal_open,signal_body,69036.6,68359.0,69714.20000000001,68359.0,SL,-0.9815083593340428,-1.1215083593340427,0.9815083593340428,-1.0,-1.142637603305784,5.999999999999999,5.999999999999999,2.0,maker_target
2024-10-24 00:00:00+00:00,2024-10-25 00:00:00+00:00,2024-10-25 18:01:00+00:00,signal_open,signal_body,68163.0,66594.9,69731.1,66594.9,SL,-2.3005149421240345,-2.4405149421240346,2.3005149421240345,-1.0,-1.060855940309929,5.999999999999999,5.999999999999999,2.0,maker_target
2024-10-27 00:00:00+00:00,2024-10-28 00:00:00+00:00,2024-10-28 12:29:00+00:00,signal_open,signal_body,67989.7,67035.9,68943.5,68943.5,TP,1.4028595507849027,1.3228595507849026,1.4028595507849027,1.0,0.9429736213042568,5.999999999999999,2.0,0.0,maker_target
2024-10-28 00:00:00+00:00,2024-10-29 00:00:00+00:00,2024-10-29 14:03:00+00:00,signal_open,signal_body,69993.5,67989.7,71997.3,71997.3,TP,2.8628372634601824,2.782837263460183,2.8628372634601824,1.0,0.9720556941810561,5.999999999999999,2.0,0.0,maker_target
2024-10-29 00:00:00+00:00,2024-10-30 00:00:00+00:00,2024-10-30 23:59:00+00:00,signal_open,signal_body,72756.6,69993.5,75519.70000000001,72359.2,next_day_close,-0.5462047429374225,-0.6662047429374225,3.797731064948067,-0.14382396583547752,-0.17542177988491467,5.999999999999999,5.999999999999999,0.0,maker_target
2024-11-06 00:00:00+00:00,2024-11-07 00:00:00+00:00,2024-11-07 23:59:00+00:00,signal_open,signal_body,75608.7,69347.3,81870.09999999999,75893.8,next_day_close,0.3770730087939692,0.25707300879396927,8.281322122983195,0.04553294790302585,0.031042508065289874,5.999999999999999,5.999999999999999,0.0,maker_target
2024-11-10 00:00:00+00:00,2024-11-11 00:00:00+00:00,2024-11-11 15:33:00+00:00,signal_open,signal_body,80358.7,76655.8,84061.59999999999,84061.59999999999,TP,4.607964041230128,4.527964041230128,4.607964041230128,1.0,0.9826387534094898,5.999999999999999,2.0,0.0,maker_target
2024-11-11 00:00:00+00:00,2024-11-12 00:00:00+00:00,2024-11-12 23:59:00+00:00,signal_open,signal_body,88710.3,80358.7,97061.90000000001,87927.5,next_day_close,-0.8824228979047561,-1.002422897904756,9.41446483666497,-0.09373054265051037,-0.1064768858661816,5.999999999999999,5.999999999999999,0.0,maker_target
2024-11-13 00:00:00+00:00,2024-11-14 00:00:00+00:00,2024-11-14 15:59:00+00:00,signal_open,signal_body,90337.7,87927.5,92747.9,87927.5,SL,-2.6679891119654333,-2.807989111965433,2.6679891119654333,-1.0,-1.0524739772632976,5.999999999999999,5.999999999999999,2.0,maker_target
2024-11-20 00:00:00+00:00,2024-11-21 00:00:00+00:00,2024-11-21 04:04:00+00:00,signal_open,signal_body,94341.8,92344.9,96338.70000000001,96338.70000000001,TP,2.116665147368408,2.0366651473684083,2.116665147368408,1.0,0.9622046972807854,5.999999999999999,2.0,0.0,maker_target
2024-11-21 00:00:00+00:00,2024-11-22 00:00:00+00:00,2024-11-22 23:59:00+00:00,signal_open,signal_body,98398.0,94341.8,102454.2,98925.3,next_day_close,0.5358848757088588,0.41588487570885885,4.122238256875137,0.12999852078299967,0.1008881218874817,5.999999999999999,5.999999999999999,0.0,maker_target
2024-11-27 00:00:00+00:00,2024-11-28 00:00:00+00:00,2024-11-28 23:59:00+00:00,signal_open,signal_body,95873.2,91921.2,99825.2,95659.7,next_day_close,-0.22268996966827015,-0.34268996966827014,4.122111288660439,-0.054023279352226714,-0.08313457489878541,5.999999999999999,5.999999999999999,0.0,maker_target
2024-11-29 00:00:00+00:00,2024-11-30 00:00:00+00:00,2024-11-30 23:59:00+00:00,signal_open,signal_body,97510.3,95659.7,99360.90000000001,96467.2,next_day_close,-1.0697331461394395,-1.1897331461394394,1.8978507911471976,-0.5636550308008227,-0.6268844482870432,5.999999999999999,5.999999999999999,0.0,maker_target
2024-12-04 00:00:00+00:00,2024-12-05 00:00:00+00:00,2024-12-05 02:41:00+00:00,signal_open,signal_body,98675.9,95889.1,101462.69999999998,101462.69999999998,TP,2.824195168222422,2.7441951682224217,2.824195168222422,1.0,0.9716733457729294,5.999999999999999,2.0,0.0,maker_target
2024-12-08 00:00:00+00:00,2024-12-09 00:00:00+00:00,2024-12-09 00:34:00+00:00,signal_open,signal_body,101177.6,99881.5,102473.70000000001,99881.5,SL,-1.2810147700676888,-1.4210147700676887,1.2810147700676888,-1.0,-1.1092883573798313,5.999999999999999,5.999999999999999,2.0,maker_target
2024-12-11 00:00:00+00:00,2024-12-12 00:00:00+00:00,2024-12-12 23:59:00+00:00,signal_open,signal_body,101118.5,96562.8,105674.2,99970.4,next_day_close,-1.1354005449052407,-1.2554005449052406,4.5053081285818095,-0.25201396053296016,-0.2786492086836286,5.999999999999999,5.999999999999999,0.0,maker_target
2024-12-15 00:00:00+00:00,2024-12-16 00:00:00+00:00,2024-12-16 18:23:00+00:00,signal_open,signal_body,104497.1,101370.5,107623.70000000001,107623.70000000001,TP,2.9920447553090046,2.9120447553090045,2.9920447553090046,1.0,0.9732624320347982,5.999999999999999,2.0,0.0,maker_target
2024-12-16 00:00:00+00:00,2024-12-17 00:00:00+00:00,2024-12-17 13:32:00+00:00,signal_open,signal_body,106052.6,104497.1,107608.1,107608.1,TP,1.46672500249876,1.38672500249876,1.46672500249876,1.0,0.9454567148826744,5.999999999999999,2.0,0.0,maker_target
2024-12-24 00:00:00+00:00,2024-12-25 00:00:00+00:00,2024-12-25 23:59:00+00:00,signal_open,signal_body,98658.2,94814.7,102501.7,99365.8,next_day_close,0.7172237077100594,0.5972237077100594,3.8957734886709874,0.18410303109145462,0.15330041888903495,5.999999999999999,5.999999999999999,0.0,maker_target
2025-01-02 00:00:00+00:00,2025-01-03 00:00:00+00:00,2025-01-03 23:59:00+00:00,signal_open,signal_body,96982.0,94543.6,99420.4,98165.1,next_day_close,1.219917098018195,1.099917098018195,2.514281000598043,0.48519520997375687,0.43746784776903236,5.999999999999999,5.999999999999999,0.0,maker_target
2025-01-03 00:00:00+00:00,2025-01-04 00:00:00+00:00,2025-01-04 23:59:00+00:00,signal_open,signal_body,98165.1,96982.0,99348.20000000001,98175.2,next_day_close,0.010288788989153242,-0.10971121101084674,1.2052144805027507,0.00853689459892758,-0.09103044543995283,5.999999999999999,5.999999999999999,0.0,maker_target
2025-01-06 00:00:00+00:00,2025-01-07 00:00:00+00:00,2025-01-07 15:12:00+00:00,signal_open,signal_body,102214.8,98342.8,106086.8,98342.8,SL,-3.7881011360390078,-3.9281011360390083,3.7881011360390078,-1.0,-1.0369578305785125,5.999999999999999,5.999999999999999,2.0,maker_target
2025-01-14 00:00:00+00:00,2025-01-15 00:00:00+00:00,2025-01-15 13:33:00+00:00,signal_open,signal_body,96508.4,94476.8,98539.99999999999,98539.99999999999,TP,2.1051017320771988,2.0251017320771987,2.1051017320771988,1.0,0.9619970860405591,5.999999999999999,2.0,0.0,maker_target
2025-01-15 00:00:00+00:00,2025-01-16 00:00:00+00:00,2025-01-16 23:59:00+00:00,signal_open,signal_body,100500.6,96508.4,104492.80000000002,99948.6,next_day_close,-0.549250452236106,-0.669250452236106,3.9723145931467188,-0.1382696257702516,-0.16847871349130755,5.999999999999999,5.999999999999999,0.0,maker_target
2025-01-17 00:00:00+00:00,2025-01-18 00:00:00+00:00,2025-01-18 23:59:00+00:00,signal_open,signal_body,104070.1,99948.6,108191.6,104529.0,next_day_close,0.44095278086596834,0.32095278086596835,3.9603113670497097,0.11134295766104431,0.08104230983864956,5.999999999999999,5.999999999999999,0.0,maker_target
2025-02-10 00:00:00+00:00,2025-02-11 00:00:00+00:00,2025-02-11 05:55:00+00:00,signal_open,signal_body,97355.3,96366.9,98343.70000000001,98343.70000000001,TP,1.0152503253546636,0.9352503253546635,1.0152503253546636,1.0,0.9212016997167145,5.999999999999999,2.0,0.0,maker_target
2025-02-20 00:00:00+00:00,2025-02-21 00:00:00+00:00,2025-02-21 18:52:00+00:00,signal_open,signal_body,98317.9,96582.5,100053.29999999999,96582.5,SL,-1.7650905887941,-1.9050905887940999,1.7650905887941,-1.0,-1.0793160424109718,5.999999999999999,5.999999999999999,2.0,maker_target
2025-03-01 00:00:00+00:00,2025-03-02 00:00:00+00:00,2025-03-02 15:35:00+00:00,signal_open,signal_body,85990.3,84274.3,87706.3,87706.3,TP,1.9955739193839306,1.9155739193839307,1.9955739193839306,1.0,0.9599112820512821,5.999999999999999,2.0,0.0,maker_target
2025-03-02 00:00:00+00:00,2025-03-03 00:00:00+00:00,2025-03-03 19:54:00+00:00,signal_open,signal_body,94227.0,85990.3,102463.7,85990.3,SL,-8.741337408598381,-8.881337408598382,8.741337408598381,-1.0,-1.016015855864606,5.999999999999999,5.999999999999999,2.0,maker_target
2025-03-05 00:00:00+00:00,2025-03-06 00:00:00+00:00,2025-03-06 23:59:00+00:00,signal_open,signal_body,90576.0,87226.8,93925.2,89877.3,next_day_close,-0.7713963963963932,-0.8913963963963931,3.6976682564917827,-0.20861698316015698,-0.24106986743102765,5.999999999999999,5.999999999999999,0.0,maker_target
2025-03-12 00:00:00+00:00,2025-03-13 00:00:00+00:00,2025-03-13 06:21:00+00:00,signal_open,signal_body,83625.2,82865.7,84384.7,82865.7,SL,-0.908219053586718,-1.048219053586718,0.908219053586718,-1.0,-1.1541478341013824,5.999999999999999,5.999999999999999,2.0,maker_target
2025-03-19 00:00:00+00:00,2025-03-20 00:00:00+00:00,2025-03-20 23:59:00+00:00,signal_open,signal_body,86853.7,82626.8,91080.59999999999,84153.6,next_day_close,-3.1087909899060047,-3.228790989906005,4.866689617137778,-0.6387896567224195,-0.6634470746883049,5.999999999999999,5.999999999999999,0.0,maker_target
2025-03-23 00:00:00+00:00,2025-03-24 00:00:00+00:00,2025-03-24 14:14:00+00:00,signal_open,signal_body,86084.1,83796.1,88372.1,88372.1,TP,2.657865970603166,2.577865970603166,2.657865970603166,1.0,0.9699006643356644,5.999999999999999,2.0,0.0,maker_target
2025-03-24 00:00:00+00:00,2025-03-25 00:00:00+00:00,2025-03-25 23:59:00+00:00,signal_open,signal_body,87531.1,86084.1,88978.1,87425.7,next_day_close,-0.12041434415882896,-0.24041434415882895,1.653126717246784,-0.07284035936420784,-0.14543007601935642,5.999999999999999,5.999999999999999,0.0,maker_target
2025-04-01 00:00:00+00:00,2025-04-02 00:00:00+00:00,2025-04-02 20:14:00+00:00,signal_open,signal_body,85136.8,82491.6,87782.0,87782.0,TP,3.106999558357839,3.0269995583578395,3.106999558357839,1.0,0.9742516860728867,5.999999999999999,2.0,0.0,maker_target
2025-04-09 00:00:00+00:00,2025-04-10 00:00:00+00:00,2025-04-10 23:59:00+00:00,signal_open,signal_body,82617.6,76261.1,88974.1,79542.8,next_day_close,-3.7217251529940385,-3.841725152994039,7.693881206909907,-0.4837253205380324,-0.49932213010304466,5.999999999999999,5.999999999999999,0.0,maker_target
2025-04-11 00:00:00+00:00,2025-04-12 00:00:00+00:00,2025-04-12 23:59:00+00:00,signal_open,signal_body,83380.2,79542.8,87217.59999999999,85271.7,next_day_close,2.2685241820000432,2.1485241820000436,4.602291671164131,0.49291186741022647,0.4668379006619072,5.999999999999999,5.999999999999999,0.0,maker_target
2025-04-12 00:00:00+00:00,2025-04-13 00:00:00+00:00,2025-04-13 19:40:00+00:00,signal_open,signal_body,85271.7,83380.2,87163.2,83380.2,SL,-2.218203694777986,-2.3582036947779863,2.218203694777986,-1.0,-1.0631141316415542,5.999999999999999,5.999999999999999,2.0,maker_target
2025-04-21 00:00:00+00:00,2025-04-22 00:00:00+00:00,2025-04-22 13:16:00+00:00,signal_open,signal_body,87534.9,85153.4,89916.4,89916.4,TP,2.7206291433473964,2.6406291433473967,2.7206291433473964,1.0,0.9705950367415495,5.999999999999999,2.0,0.0,maker_target
2025-04-22 00:00:00+00:00,2025-04-23 00:00:00+00:00,2025-04-23 23:59:00+00:00,signal_open,signal_body,93495.1,87534.9,99455.30000000002,93700.0,next_day_close,0.21915587020067806,0.09915587020067809,6.374879539141635,0.03437804100533434,0.01555415590080769,5.999999999999999,5.999999999999999,0.0,maker_target
2025-04-25 00:00:00+00:00,2025-04-26 00:00:00+00:00,2025-04-26 13:45:00+00:00,signal_open,signal_body,94659.4,93976.9,95341.9,93976.9,SL,-0.7210060490558783,-0.8610060490558782,0.7210060490558783,-1.0,-1.194173128205128,5.999999999999999,5.999999999999999,2.0,maker_target
2025-05-01 00:00:00+00:00,2025-05-02 00:00:00+00:00,2025-05-02 23:59:00+00:00,signal_open,signal_body,96483.4,94117.9,98848.9,96868.1,next_day_close,0.3987214380919533,0.2787214380919533,2.4517170829386195,0.16262946522934332,0.11368417670683226,5.999999999999999,5.999999999999999,0.0,maker_target
2025-05-06 00:00:00+00:00,2025-05-07 00:00:00+00:00,2025-05-07 23:59:00+00:00,signal_open,signal_body,96828.6,94698.0,98959.20000000001,97011.3,next_day_close,0.18868392189910532,0.06868392189910533,2.200382944708491,0.08575049281892265,0.03121453111799349,5.999999999999999,5.999999999999999,0.0,maker_target
2025-05-07 00:00:00+00:00,2025-05-08 00:00:00+00:00,2025-05-08 00:56:00+00:00,signal_open,signal_body,97011.3,96828.6,97194.0,97194.0,TP,0.18832857615555823,0.10832857615555823,0.18832857615555823,1.0,0.5752105090311918,5.999999999999999,2.0,0.0,maker_target
2025-05-08 00:00:00+00:00,2025-05-09 00:00:00+00:00,2025-05-09 23:59:00+00:00,signal_open,signal_body,103258.7,97011.3,109506.09999999999,102935.3,next_day_close,-0.31319394879075,-0.43319394879075,6.050240802954128,-0.05176553446233545,-0.07159945577360095,5.999999999999999,5.999999999999999,0.0,maker_target
2025-05-10 00:00:00+00:00,2025-05-11 00:00:00+00:00,2025-05-11 23:59:00+00:00,signal_open,signal_body,104756.6,102935.3,106577.90000000001,104082.1,next_day_close,-0.6438735125042241,-0.763873512504224,1.7386016728301632,-0.37033986712787514,-0.43936085213858167,5.999999999999999,5.999999999999999,0.0,maker_target
2025-05-18 00:00:00+00:00,2025-05-19 00:00:00+00:00,2025-05-19 04:06:00+00:00,signal_open,signal_body,106382.9,103097.5,109668.29999999999,103097.5,SL,-3.088278285325926,-3.2282782853259264,3.088278285325926,-1.0,-1.045332702258477,5.999999999999999,5.999999999999999,2.0,maker_target
2025-05-21 00:00:00+00:00,2025-05-22 00:00:00+00:00,2025-05-22 23:59:00+00:00,signal_open,signal_body,109621.3,106824.2,112418.40000000001,111666.9,next_day_close,1.8660607017066857,1.7460607017066858,2.551602653863807,0.7313288763362007,0.6842996103106743,5.999999999999999,5.999999999999999,0.0,maker_target
2025-05-22 00:00:00+00:00,2025-05-23 00:00:00+00:00,2025-05-23 11:50:00+00:00,signal_open,signal_body,111666.9,109621.3,113712.49999999999,109621.3,SL,-1.8318767692127134,-1.971876769212713,1.8318767692127134,-1.0,-1.076424354712554,5.999999999999999,5.999999999999999,2.0,maker_target
2025-05-26 00:00:00+00:00,2025-05-27 00:00:00+00:00,2025-05-27 01:05:00+00:00,signal_open,signal_body,109392.6,108944.0,109841.20000000001,108944.0,SL,-0.41008258328260394,-0.550082583282604,0.41008258328260394,-1.0,-1.341394650022287,5.999999999999999,5.999999999999999,2.0,maker_target
2025-06-01 00:00:00+00:00,2025-06-02 00:00:00+00:00,2025-06-02 09:45:00+00:00,signal_open,signal_body,105576.7,104538.7,106614.7,104538.7,SL,-0.983171476282172,-1.123171476282172,0.983171476282172,-1.0,-1.1423963198458575,5.999999999999999,5.999999999999999,2.0,maker_target
2025-06-07 00:00:00+00:00,2025-06-08 00:00:00+00:00,2025-06-08 23:59:00+00:00,signal_open,signal_body,105584.2,104256.0,106912.4,105713.9,next_day_close,0.12284034921891449,0.002840349218914489,1.2579533680228643,0.09765095618129603,0.002257912964912753,5.999999999999999,5.999999999999999,0.0,maker_target
2025-06-09 00:00:00+00:00,2025-06-10 00:00:00+00:00,2025-06-10 23:59:00+00:00,signal_open,signal_body,110254.5,105713.9,114795.1,110232.8,next_day_close,-0.01968173634635964,-0.13968173634635964,4.118289956419018,-0.004779104083160169,-0.03391741179579723,5.999999999999999,5.999999999999999,0.0,maker_target
2025-06-16 00:00:00+00:00,2025-06-17 00:00:00+00:00,2025-06-17 11:27:00+00:00,signal_open,signal_body,106839.0,105544.3,108133.7,105544.3,SL,-1.2118233978228896,-1.3518233978228897,1.2118233978228896,-1.0,-1.1155283849540436,5.999999999999999,5.999999999999999,2.0,maker_target
2025-06-23 00:00:00+00:00,2025-06-24 00:00:00+00:00,2025-06-24 23:59:00+00:00,signal_open,signal_body,105228.3,100848.1,109608.5,106033.1,next_day_close,0.7648132679136723,0.6448132679136724,4.162568434537095,0.18373590247020763,0.15490754760056696,5.999999999999999,5.999999999999999,0.0,maker_target
2025-06-24 00:00:00+00:00,2025-06-25 00:00:00+00:00,2025-06-25 09:13:00+00:00,signal_open,signal_body,106033.1,105228.3,106837.90000000001,106837.90000000001,TP,0.7590082719452727,0.6790082719452727,0.7590082719452727,1.0,0.8945993041749507,5.999999999999999,2.0,0.0,maker_target
2025-06-25 00:00:00+00:00,2025-06-26 00:00:00+00:00,2025-06-26 23:59:00+00:00,signal_open,signal_body,107310.7,106033.1,108588.29999999999,106950.4,next_day_close,-0.3357540301200187,-0.4557540301200187,1.1905616122157354,-0.2820131496556085,-0.38280591734502684,5.999999999999999,5.999999999999999,0.0,maker_target
2025-06-29 00:00:00+00:00,2025-06-30 00:00:00+00:00,2025-06-30 14:08:00+00:00,signal_open,signal_body,108310.0,107251.4,109368.6,107251.4,SL,-0.9773797433293377,-1.1173797433293378,0.9773797433293377,-1.0,-1.1432401284715654,5.999999999999999,5.999999999999999,2.0,maker_target
2025-07-02 00:00:00+00:00,2025-07-03 00:00:00+00:00,2025-07-03 23:59:00+00:00,signal_open,signal_body,108866.9,105619.6,112114.19999999998,109582.4,next_day_close,0.6572245558567389,0.5372245558567389,2.9828166320525233,0.22033689526683783,0.18010646383149143,5.999999999999999,5.999999999999999,0.0,maker_target
2025-07-06 00:00:00+00:00,2025-07-07 00:00:00+00:00,2025-07-07 13:17:00+00:00,signal_open,signal_body,109149.5,108120.9,110178.1,108120.9,SL,-0.9423771982464472,-1.0823771982464472,0.9423771982464472,-1.0,-1.1485604705424841,5.999999999999999,5.999999999999999,2.0,maker_target
2025-07-09 00:00:00+00:00,2025-07-10 00:00:00+00:00,2025-07-10 17:31:00+00:00,signal_open,signal_body,111290.8,108902.4,113679.20000000001,113679.20000000001,TP,2.146089344312386,2.066089344312386,2.146089344312386,1.0,0.962722893987607,5.999999999999999,2.0,0.0,maker_target
2025-07-10 00:00:00+00:00,2025-07-11 00:00:00+00:00,2025-07-11 23:59:00+00:00,signal_open,signal_body,115983.3,111290.8,120675.8,117520.7,next_day_close,1.3255356590129737,1.2055356590129735,4.0458410822937445,0.3276291955247723,0.29796910815130406,5.999999999999999,5.999999999999999,0.0,maker_target
2025-07-13 00:00:00+00:00,2025-07-14 00:00:00+00:00,2025-07-14 03:42:00+00:00,signal_open,signal_body,119060.1,117396.6,120723.6,120723.6,TP,1.3971935182315485,1.3171935182315484,1.3971935182315485,1.0,0.9427423624887286,5.999999999999999,2.0,0.0,maker_target
2025-07-14 00:00:00+00:00,2025-07-15 00:00:00+00:00,2025-07-15 01:20:00+00:00,signal_open,signal_body,119817.4,119060.1,120574.69999999998,119060.1,SL,-0.6320450952866515,-0.7720450952866516,0.6320450952866515,-1.0,-1.221503182358382,5.999999999999999,5.999999999999999,2.0,maker_target
2025-07-22 00:00:00+00:00,2025-07-23 00:00:00+00:00,2025-07-23 13:50:00+00:00,signal_open,signal_body,120011.7,117348.2,122675.2,117348.2,SL,-2.21936694505619,-2.3593669450561903,2.21936694505619,-1.0,-1.0630810512483573,5.999999999999999,5.999999999999999,2.0,maker_target
2025-07-27 00:00:00+00:00,2025-07-28 00:00:00+00:00,2025-07-28 17:13:00+00:00,signal_open,signal_body,119364.7,117903.5,120825.9,117903.5,SL,-1.2241475075964645,-1.3641475075964646,1.2241475075964645,-1.0,-1.1143653024911035,5.999999999999999,5.999999999999999,2.0,maker_target
2025-08-03 00:00:00+00:00,2025-08-04 00:00:00+00:00,2025-08-04 23:59:00+00:00,signal_open,signal_body,114058.9,112444.2,115673.59999999999,114987.7,next_day_close,0.8143161121140068,0.6943161121140068,1.4156720781981915,0.5752152102557778,0.49044981730352655,5.999999999999999,5.999999999999999,0.0,maker_target
2025-08-04 00:00:00+00:00,2025-08-05 00:00:00+00:00,2025-08-05 06:51:00+00:00,signal_open,signal_body,114987.7,114058.9,115916.5,114058.9,SL,-0.8077385668206278,-0.9477385668206278,0.8077385668206278,-1.0,-1.1733234065460805,5.999999999999999,5.999999999999999,2.0,maker_target
2025-08-07 00:00:00+00:00,2025-08-08 00:00:00+00:00,2025-08-08 23:59:00+00:00,signal_open,signal_body,117415.1,114938.0,119892.20000000001,116620.3,next_day_close,-0.6769146387474889,-0.7969146387474889,2.1096945793173156,-0.3208590690727064,-0.3777393403576766,5.999999999999999,5.999999999999999,0.0,maker_target
2025-08-10 00:00:00+00:00,2025-08-11 00:00:00+00:00,2025-08-11 03:16:00+00:00,signal_open,signal_body,119288.3,116414.5,122162.1,122162.1,TP,2.4091214310204796,2.3291214310204795,2.4091214310204796,1.0,0.9667928735472198,5.999999999999999,2.0,0.0,maker_target
2025-08-13 00:00:00+00:00,2025-08-14 00:00:00+00:00,2025-08-14 12:33:00+00:00,signal_open,signal_body,123322.3,120086.4,126558.20000000001,120086.4,SL,-2.623937438727634,-2.7639374387276336,2.623937438727634,-1.0,-1.0533549306220833,5.999999999999999,5.999999999999999,2.0,maker_target
2025-08-22 00:00:00+00:00,2025-08-23 00:00:00+00:00,2025-08-23 23:59:00+00:00,signal_open,signal_body,116882.7,112397.3,121368.09999999999,115379.5,next_day_close,-1.286075698114432,-1.406075698114432,3.8375225760527383,-0.3351317608240066,-0.36640193516743197,5.999999999999999,5.999999999999999,0.0,maker_target
2025-09-02 00:00:00+00:00,2025-09-03 00:00:00+00:00,2025-09-03 23:59:00+00:00,signal_open,signal_body,111183.4,109163.7,113203.09999999999,111654.9,next_day_close,0.4240740973922366,0.3040740973922367,1.8165481537711539,0.23345051245234474,0.16739115710254024,5.999999999999999,5.999999999999999,0.0,maker_target
2025-09-08 00:00:00+00:00,2025-09-09 00:00:00+00:00,2025-09-09 02:23:00+00:00,signal_open,signal_body,112030.7,111079.5,112981.9,111079.5,SL,-0.8490529827984625,-0.9890529827984625,0.8490529827984625,-1.0,-1.1648895920941973,5.999999999999999,5.999999999999999,2.0,maker_target
2025-09-10 00:00:00+00:00,2025-09-11 00:00:00+00:00,2025-09-11 23:59:00+00:00,signal_open,signal_body,113879.2,111483.5,116274.9,115411.3,next_day_close,1.3453729917315944,1.2253729917315945,2.1037204335822497,0.6395208081145418,0.5824790082230695,5.999999999999999,5.999999999999999,0.0,maker_target
2025-09-11 00:00:00+00:00,2025-09-12 00:00:00+00:00,2025-09-12 23:59:00+00:00,signal_open,signal_body,115411.3,113879.2,116943.40000000001,115975.7,next_day_close,0.4890335695031545,0.3690335695031546,1.3275129904957363,0.3683832647999426,0.27798866914691767,5.999999999999999,5.999999999999999,0.0,maker_target
2025-09-12 00:00:00+00:00,2025-09-13 00:00:00+00:00,2025-09-13 16:43:00+00:00,signal_open,signal_body,115975.7,115411.3,116540.09999999999,115411.3,SL,-0.4866536696911459,-0.6266536696911459,0.4866536696911459,-1.0,-1.2876789156626536,5.999999999999999,5.999999999999999,2.0,maker_target
2025-09-16 00:00:00+00:00,2025-09-17 00:00:00+00:00,2025-09-17 18:15:00+00:00,signal_open,signal_body,116737.4,115305.5,118169.29999999999,115305.5,SL,-1.226599187578269,-1.366599187578269,1.226599187578269,-1.0,-1.114136713457644,5.999999999999999,5.999999999999999,2.0,maker_target
2025-09-24 00:00:00+00:00,2025-09-25 00:00:00+00:00,2025-09-25 04:19:00+00:00,signal_open,signal_body,113238.1,111959.3,114516.90000000001,111959.3,SL,-1.1293018869090905,-1.2693018869090906,1.1293018869090905,-1.0,-1.1239703941194867,5.999999999999999,5.999999999999999,2.0,maker_target
2025-09-28 00:00:00+00:00,2025-09-29 00:00:00+00:00,2025-09-29 23:59:00+00:00,signal_open,signal_body,112114.7,109572.5,114656.9,114249.9,next_day_close,1.9044781817192546,1.7844781817192548,2.2674992663763067,0.8399024466997088,0.7869807096215874,5.999999999999999,5.999999999999999,0.0,maker_target
2025-09-29 00:00:00+00:00,2025-09-30 00:00:00+00:00,2025-09-30 23:59:00+00:00,signal_open,signal_body,114249.9,112114.7,116385.09999999999,113989.7,next_day_close,-0.22774637001870207,-0.34774637001870207,1.8688856620443406,-0.12186212064443493,-0.18607150618208956,5.999999999999999,5.999999999999999,0.0,maker_target
2025-10-01 00:00:00+00:00,2025-10-02 00:00:00+00:00,2025-10-02 23:59:00+00:00,signal_open,signal_body,118548.8,113989.7,123107.90000000001,120464.4,next_day_close,1.6158746440284433,1.4958746440284432,3.8457580338223636,0.4201706477155554,0.38896743655545807,5.999999999999999,5.999999999999999,0.0,maker_target
2025-10-02 00:00:00+00:00,2025-10-03 00:00:00+00:00,2025-10-03 16:00:00+00:00,signal_open,signal_body,120464.4,118548.8,122379.99999999999,122379.99999999999,TP,1.5901793392902728,1.510179339290273,1.5901793392902728,1.0,0.9496912090206722,5.999999999999999,2.0,0.0,maker_target
2025-10-03 00:00:00+00:00,2025-10-04 00:00:00+00:00,2025-10-04 23:59:00+00:00,signal_open,signal_body,122196.4,120464.4,123928.4,122337.2,next_day_close,0.11522434376135707,-0.004775656238642924,1.4173903650189368,0.08129330254041739,-0.003369330254039874,5.999999999999999,5.999999999999999,0.0,maker_target
2025-10-05 00:00:00+00:00,2025-10-06 00:00:00+00:00,2025-10-06 12:16:00+00:00,signal_open,signal_body,123434.4,122337.2,124531.59999999999,124531.59999999999,TP,0.8888932096725038,0.8088932096725038,0.8888932096725038,1.0,0.9100004374772145,5.999999999999999,2.0,0.0,maker_target
2025-10-12 00:00:00+00:00,2025-10-13 00:00:00+00:00,2025-10-13 23:59:00+00:00,signal_open,signal_body,114891.4,110601.3,119181.49999999999,115120.9,next_day_close,0.19975385450956298,0.079753854509563,3.7340479792221104,0.05349525652082713,0.0213585510827254,5.999999999999999,5.999999999999999,0.0,maker_target
2025-10-19 00:00:00+00:00,2025-10-20 00:00:00+00:00,2025-10-20 03:54:00+00:00,signal_open,signal_body,108579.2,107099.5,110058.9,110058.9,TP,1.362784032300843,1.282784032300843,1.362784032300843,1.0,0.9412966412110562,5.999999999999999,2.0,0.0,maker_target
2025-10-20 00:00:00+00:00,2025-10-21 00:00:00+00:00,2025-10-21 04:03:00+00:00,signal_open,signal_body,110481.3,108579.2,112383.40000000001,108579.2,SL,-1.721648822017849,-1.8616488220178486,1.721648822017849,-1.0,-1.0813173965616947,5.999999999999999,5.999999999999999,2.0,maker_target
2025-10-23 00:00:00+00:00,2025-10-24 00:00:00+00:00,2025-10-24 23:59:00+00:00,signal_open,signal_body,110010.5,107511.9,112509.1,110963.8,next_day_close,0.8665536471518653,0.7465536471518655,2.271237745487936,0.3815336588489557,0.3286990314576167,5.999999999999999,5.999999999999999,0.0,maker_target
2025-10-26 00:00:00+00:00,2025-10-27 00:00:00+00:00,2025-10-27 23:59:00+00:00,signal_open,signal_body,114502.6,111589.0,117416.20000000001,114058.3,next_day_close,-0.3880261234242741,-0.5080261234242741,2.5445710403082598,-0.15249176276771073,-0.19965098846787538,5.999999999999999,5.999999999999999,0.0,maker_target
2025-11-09 00:00:00+00:00,2025-11-10 00:00:00+00:00,2025-11-10 23:59:00+00:00,signal_open,signal_body,104663.0,102267.6,107058.4,105965.2,next_day_close,1.2441837134421878,1.124183713442188,2.288678902764104,0.5436252817900978,0.4911932871336729,5.999999999999999,5.999999999999999,0.0,maker_target
2025-11-10 00:00:00+00:00,2025-11-11 00:00:00+00:00,2025-11-11 01:19:00+00:00,signal_open,signal_body,105965.2,104663.0,107267.4,107267.4,TP,1.2288940142612832,1.1488940142612831,1.2288940142612832,1.0,0.9349008140070648,5.999999999999999,2.0,0.0,maker_target
2025-11-23 00:00:00+00:00,2025-11-24 00:00:00+00:00,2025-11-24 20:45:00+00:00,signal_open,signal_body,86808.3,84695.1,88921.5,88921.5,TP,2.43432943624054,2.3543294362405405,2.43432943624054,1.0,0.9671367404883588,5.999999999999999,2.0,0.0,maker_target
2025-11-24 00:00:00+00:00,2025-11-25 00:00:00+00:00,2025-11-25 09:13:00+00:00,signal_open,signal_body,88244.5,86808.3,89680.7,86808.3,SL,-1.6275235283785359,-1.7675235283785358,1.6275235283785359,-1.0,-1.0860202618019774,5.999999999999999,5.999999999999999,2.0,maker_target
2025-11-26 00:00:00+00:00,2025-11-27 00:00:00+00:00,2025-11-27 23:59:00+00:00,signal_open,signal_body,90425.1,87319.1,93531.1,91288.7,next_day_close,0.9550445617422499,0.83504456174225,3.4348869948719987,0.2780424983902097,0.24310685125563147,5.999999999999999,5.999999999999999,0.0,maker_target
2025-11-27 00:00:00+00:00,2025-11-28 00:00:00+00:00,2025-11-28 13:47:00+00:00,signal_open,signal_body,91288.7,90425.1,92152.29999999999,92152.29999999999,TP,0.9460097470990291,0.866009747099029,0.9460097470990291,1.0,0.9154342751273729,5.999999999999999,2.0,0.0,maker_target
2025-12-02 00:00:00+00:00,2025-12-03 00:00:00+00:00,2025-12-03 23:59:00+00:00,signal_open,signal_body,91255.0,86247.5,96262.5,93384.1,next_day_close,2.3331324310996724,2.2131324310996723,5.48737055503808,0.42518222666001115,0.40331382925611703,5.999999999999999,5.999999999999999,0.0,maker_target
2025-12-03 00:00:00+00:00,2025-12-04 00:00:00+00:00,2025-12-04 19:14:00+00:00,signal_open,signal_body,93384.1,91255.0,95513.20000000001,91255.0,SL,-2.279938447765739,-2.419938447765739,2.279938447765739,-1.0,-1.0614051665022777,5.999999999999999,5.999999999999999,2.0,maker_target
2025-12-07 00:00:00+00:00,2025-12-08 00:00:00+00:00,2025-12-08 01:38:00+00:00,signal_open,signal_body,90327.3,89194.2,91460.40000000001,91460.40000000001,TP,1.2544380270416648,1.1744380270416648,1.2544380270416648,1.0,0.9362264230871065,5.999999999999999,2.0,0.0,maker_target
2025-12-09 00:00:00+00:00,2025-12-10 00:00:00+00:00,2025-12-10 23:59:00+00:00,signal_open,signal_body,92634.0,90608.7,94659.3,91983.4,next_day_close,-0.7023339162726492,-0.8223339162726492,2.18634626594987,-0.3212363600454278,-0.3761224509949167,5.999999999999999,5.999999999999999,0.0,maker_target
2025-12-21 00:00:00+00:00,2025-12-22 00:00:00+00:00,2025-12-22 00:08:00+00:00,signal_open,signal_body,88616.4,88311.7,88921.09999999999,88921.09999999999,TP,0.343841546260057,0.26384154626005696,0.343841546260057,1.0,0.7673346898588754,5.999999999999999,2.0,0.0,maker_target
2026-01-02 00:00:00+00:00,2026-01-03 00:00:00+00:00,2026-01-03 23:59:00+00:00,signal_open,signal_body,89958.4,88791.0,91125.79999999999,90592.1,next_day_close,0.7044367174160631,0.5844367174160631,1.2977109419464934,0.5428302210039531,0.4503597053280917,5.999999999999999,5.999999999999999,0.0,maker_target
2026-01-04 00:00:00+00:00,2026-01-05 00:00:00+00:00,2026-01-05 00:53:00+00:00,signal_open,signal_body,91485.9,90592.1,92379.69999999998,92379.69999999998,TP,0.9769811522868426,0.8969811522868425,0.9769811522868426,1.0,0.918115104050122,5.999999999999999,2.0,0.0,maker_target
2026-01-05 00:00:00+00:00,2026-01-06 00:00:00+00:00,2026-01-06 18:00:00+00:00,signal_open,signal_body,93828.8,91485.9,96171.70000000001,91485.9,SL,-2.49699452620092,-2.63699452620092,2.49699452620092,-1.0,-1.056067403645055,5.999999999999999,5.999999999999999,2.0,maker_target
2026-01-11 00:00:00+00:00,2026-01-12 00:00:00+00:00,2026-01-12 01:00:00+00:00,signal_open,signal_body,90949.6,90470.6,91428.6,91428.6,TP,0.5266653179343285,0.4466653179343285,0.5266653179343285,1.0,0.8481008768267224,5.999999999999999,2.0,0.0,maker_target
2026-01-12 00:00:00+00:00,2026-01-13 00:00:00+00:00,2026-01-13 04:22:00+00:00,signal_open,signal_body,91247.7,90949.6,91545.79999999999,91545.79999999999,TP,0.3266931659647216,0.2466931659647216,0.3266931659647216,1.0,0.755121905400865,5.999999999999999,2.0,0.0,maker_target
2026-01-13 00:00:00+00:00,2026-01-14 00:00:00+00:00,2026-01-14 23:59:00+00:00,signal_open,signal_body,95375.2,91247.7,99502.7,96908.0,next_day_close,1.6071263808621141,1.4871263808621142,4.327644922369757,0.37136281041792923,0.343634102967899,5.999999999999999,5.999999999999999,0.0,maker_target
2026-01-14 00:00:00+00:00,2026-01-15 00:00:00+00:00,2026-01-15 19:31:00+00:00,signal_open,signal_body,96908.0,95375.2,98440.8,95375.2,SL,-1.5817063606719806,-1.7217063606719805,1.5817063606719806,-1.0,-1.088512004175365,5.999999999999999,5.999999999999999,2.0,maker_target
2026-01-27 00:00:00+00:00,2026-01-28 00:00:00+00:00,2026-01-28 11:57:00+00:00,signal_open,signal_body,89197.7,88300.6,90094.79999999999,90094.79999999999,TP,1.0057434216353014,0.9257434216353013,1.0057434216353014,1.0,0.9204568498495143,5.999999999999999,2.0,0.0,maker_target
2026-02-13 00:00:00+00:00,2026-02-14 00:00:00+00:00,2026-02-14 23:59:00+00:00,signal_open,signal_body,68821.6,66243.2,71400.00000000001,69795.4,next_day_close,1.4149627442546937,1.2949627442546936,3.7464981924279708,0.3776760781880178,0.345646168166299,5.999999999999999,5.999999999999999,0.0,maker_target
2026-02-14 00:00:00+00:00,2026-02-15 00:00:00+00:00,2026-02-15 07:19:00+00:00,signal_open,signal_body,69795.4,68821.6,70769.19999999998,70769.19999999998,TP,1.3952208884826056,1.3152208884826055,1.3952208884826056,1.0,0.9426614089135339,5.999999999999999,2.0,0.0,maker_target
2026-02-20 00:00:00+00:00,2026-02-21 00:00:00+00:00,2026-02-21 23:59:00+00:00,signal_open,signal_body,67979.2,66974.0,68984.4,67933.1,next_day_close,-0.06781486101629804,-0.18781486101629802,1.4786875985595551,-0.04586152009549483,-0.12701456426580943,5.999999999999999,5.999999999999999,0.0,maker_target
2026-02-25 00:00:00+00:00,2026-02-26 00:00:00+00:00,2026-02-26 23:59:00+00:00,signal_open,signal_body,67952.5,64031.4,71873.6,67448.1,next_day_close,-0.7422832125381614,-0.8622832125381615,5.770354291600748,-0.1286373721659724,-0.14943332228201128,5.999999999999999,5.999999999999999,0.0,maker_target
2026-03-02 00:00:00+00:00,2026-03-03 00:00:00+00:00,2026-03-03 23:59:00+00:00,signal_open,signal_body,68801.8,65750.0,71853.6,68295.2,next_day_close,-0.7363179451700476,-0.8563179451700477,4.435639765238704,-0.166000393210566,-0.19305398781047425,5.999999999999999,5.999999999999999,0.0,maker_target
2026-03-04 00:00:00+00:00,2026-03-05 00:00:00+00:00,2026-03-05 23:59:00+00:00,signal_open,signal_body,72641.4,68295.2,76987.59999999999,70848.4,next_day_close,-2.468289432747717,-2.588289432747717,5.983089532966046,-0.41254429156504563,-0.43260081910634607,5.999999999999999,5.999999999999999,0.0,maker_target
2026-03-09 00:00:00+00:00,2026-03-10 00:00:00+00:00,2026-03-10 08:08:00+00:00,signal_open,signal_body,68392.7,65934.4,70851.0,70851.0,TP,3.594389459693802,3.514389459693802,3.594389459693802,1.0,0.9777430907537729,5.999999999999999,2.0,0.0,maker_target
2026-03-10 00:00:00+00:00,2026-03-11 00:00:00+00:00,2026-03-11 23:59:00+00:00,signal_open,signal_body,69901.9,68392.7,71411.09999999999,70150.0,next_day_close,0.3549259748304493,0.23492597483044933,2.159025720330917,0.1643917307182655,0.10881110522131339,5.999999999999999,5.999999999999999,0.0,maker_target
2026-03-13 00:00:00+00:00,2026-03-14 00:00:00+00:00,2026-03-14 01:38:00+00:00,signal_open,signal_body,70895.5,70480.1,71310.9,70480.1,SL,-0.5859328166103549,-0.7259328166103548,0.5859328166103549,-1.0,-1.2389352431391463,5.999999999999999,5.999999999999999,2.0,maker_target
2026-03-15 00:00:00+00:00,2026-03-16 00:00:00+00:00,2026-03-16 04:54:00+00:00,signal_open,signal_body,72778.8,71174.4,74383.20000000001,74383.20000000001,TP,2.204488120166874,2.1244881201668737,2.204488120166874,1.0,0.9637103964098731,5.999999999999999,2.0,0.0,maker_target
2026-03-16 00:00:00+00:00,2026-03-17 00:00:00+00:00,2026-03-17 23:59:00+00:00,signal_open,signal_body,74846.3,72778.8,76913.8,73872.4,next_day_close,-1.3011999257144424,-1.4211999257144423,2.7623275966881464,-0.4710519951632448,-0.5144936203143935,5.999999999999999,5.999999999999999,0.0,maker_target
2026-03-23 00:00:00+00:00,2026-03-24 00:00:00+00:00,2026-03-24 23:59:00+00:00,signal_open,signal_body,70866.2,67830.6,73901.79999999999,70524.0,next_day_close,-0.4828818251860508,-0.6028818251860507,4.283565366846242,-0.11272894979575639,-0.14074299644221844,5.999999999999999,5.999999999999999,0.0,maker_target
2026-03-31 00:00:00+00:00,2026-04-01 00:00:00+00:00,2026-04-01 23:59:00+00:00,signal_open,signal_body,68242.2,66766.1,69718.29999999999,68084.7,next_day_close,-0.23079560741007765,-0.35079560741007765,2.163031086336594,-0.10670008806991461,-0.1621777928324649,5.999999999999999,5.999999999999999,0.0,maker_target
2026-04-05 00:00:00+00:00,2026-04-06 00:00:00+00:00,2026-04-06 23:59:00+00:00,signal_open,signal_body,69000.7,67268.7,70732.7,68814.7,next_day_close,-0.2695624826994509,-0.3895624826994508,2.510119462556177,-0.10739030023094688,-0.15519678983833718,5.999999999999999,5.999999999999999,0.0,maker_target
2026-04-07 00:00:00+00:00,2026-04-08 00:00:00+00:00,2026-04-08 23:59:00+00:00,signal_open,signal_body,71895.8,68814.7,74976.90000000001,71037.8,next_day_close,-1.1933937726543136,-1.3133937726543135,4.285507637441972,-0.2784719742948942,-0.3064733244620422,5.999999999999999,5.999999999999999,0.0,maker_target
2026-04-13 00:00:00+00:00,2026-04-14 00:00:00+00:00,2026-04-14 23:59:00+00:00,signal_open,signal_body,74379.8,70710.4,78049.20000000001,74101.9,next_day_close,-0.37362294601492435,-0.49362294601492435,4.933328672569715,-0.07573445249904837,-0.10005879980378478,5.999999999999999,5.999999999999999,0.0,maker_target
2026-04-17 00:00:00+00:00,2026-04-18 00:00:00+00:00,2026-04-18 23:59:00+00:00,signal_open,signal_body,77027.6,75106.3,78948.90000000001,75652.2,next_day_close,-1.7855937352325773,-1.9055937352325771,2.494300744148854,-0.7158694633841705,-0.7639791391245545,5.999999999999999,5.999999999999999,0.0,maker_target
2026-04-22 00:00:00+00:00,2026-04-23 00:00:00+00:00,2026-04-23 23:59:00+00:00,signal_open,signal_body,78141.9,76294.3,79989.49999999999,78214.0,next_day_close,0.09226804057746975,-0.027731959422530247,2.3644165294163457,0.039023598181427886,-0.01172888071010731,5.999999999999999,5.999999999999999,0.0,maker_target
2026-04-26 00:00:00+00:00,2026-04-27 00:00:00+00:00,2026-04-27 05:36:00+00:00,signal_open,signal_body,78616.7,77587.8,79645.59999999999,77587.8,SL,-1.3087550100678282,-1.4487550100678281,1.3087550100678282,-1.0,-1.1069718923121787,5.999999999999999,5.999999999999999,2.0,maker_target
2026-05-01 00:00:00+00:00,2026-05-02 00:00:00+00:00,2026-05-02 23:59:00+00:00,signal_open,signal_body,78192.4,76306.4,80078.4,78654.4,next_day_close,0.5908502616622587,0.4708502616622588,2.4119991201190913,0.24496288441145278,0.1952116224814422,5.999999999999999,5.999999999999999,0.0,maker_target
2026-05-04 00:00:00+00:00,2026-05-05 00:00:00+00:00,2026-05-05 05:24:00+00:00,signal_open,signal_body,79822.6,78529.9,81115.30000000002,81115.30000000002,TP,1.6194661662236154,1.5394661662236153,1.6194661662236154,1.0,0.9506010056470956,5.999999999999999,2.0,0.0,maker_target
2026-05-05 00:00:00+00:00,2026-05-06 00:00:00+00:00,2026-05-06 08:53:00+00:00,signal_open,signal_body,80862.9,79822.6,81903.19999999998,81903.19999999998,TP,1.2864985054950893,1.2064985054950892,1.2864985054950893,1.0,0.9378157070075932,5.999999999999999,2.0,0.0,maker_target
2026-05-09 00:00:00+00:00,2026-05-10 00:00:00+00:00,2026-05-10 15:40:00+00:00,signal_open,signal_body,80631.4,80155.3,81107.49999999999,81107.49999999999,TP,0.5904647569061077,0.5104647569061077,0.5904647569061077,1.0,0.8645135055660551,5.999999999999999,2.0,0.0,maker_target
2026-05-10 00:00:00+00:00,2026-05-11 00:00:00+00:00,2026-05-11 03:14:00+00:00,signal_open,signal_body,82180.5,80631.4,83729.6,80631.4,SL,-1.8849970491783403,-2.02499704917834,1.8849970491783403,-1.0,-1.0742706732941705,5.999999999999999,5.999999999999999,2.0,maker_target
2026-05-20 00:00:00+00:00,2026-05-21 00:00:00+00:00,2026-05-21 13:43:00+00:00,signal_open,signal_body,77513.5,76801.8,78225.2,76801.8,SL,-0.9181626426364402,-1.0581626426364403,0.9181626426364402,-1.0,-1.152478431923564,5.999999999999999,5.999999999999999,2.0,maker_target
2026-06-07 00:00:00+00:00,2026-06-08 00:00:00+00:00,2026-06-08 23:59:00+00:00,signal_open,signal_body,63302.4,60851.3,65753.5,63058.6,next_day_close,-0.38513547669599085,-0.5051354766959908,3.8720490850267892,-0.09946554608135248,-0.13045688874383057,5.999999999999999,5.999999999999999,0.0,maker_target
2026-06-11 00:00:00+00:00,2026-06-12 00:00:00+00:00,2026-06-12 23:59:00+00:00,signal_open,signal_body,63598.3,61478.9,65717.70000000001,63546.4,next_day_close,-0.08160595487615463,-0.20160595487615462,3.332479012803803,-0.024488062659243855,-0.06049729168632697,5.999999999999999,5.999999999999999,0.0,maker_target
2026-06-13 00:00:00+00:00,2026-06-14 00:00:00+00:00,2026-06-14 21:40:00+00:00,signal_open,signal_body,64417.8,63546.4,65289.200000000004,65289.200000000004,TP,1.3527316983815054,1.2727316983815053,1.3527316983815054,1.0,0.9408604085379849,5.999999999999999,2.0,0.0,maker_target
2026-06-14 00:00:00+00:00,2026-06-15 00:00:00+00:00,2026-06-15 15:47:00+00:00,signal_open,signal_body,65703.2,64417.8,66988.59999999999,66988.59999999999,TP,1.9563735099660202,1.8763735099660204,1.9563735099660202,1.0,0.9591080130698614,5.999999999999999,2.0,0.0,maker_target
2026-06-15 00:00:00+00:00,2026-06-16 00:00:00+00:00,2026-06-16 02:55:00+00:00,signal_open,signal_body,66286.8,65703.2,66870.40000000001,65703.2,SL,-0.8804166138658162,-1.0204166138658162,0.8804166138658162,-1.0,-1.1590156271418763,5.999999999999999,5.999999999999999,2.0,maker_target
2026-06-20 00:00:00+00:00,2026-06-21 00:00:00+00:00,2026-06-21 21:10:00+00:00,signal_open,signal_body,64268.2,63511.6,65024.799999999996,63511.6,SL,-1.1772540696643108,-1.3172540696643107,1.1772540696643108,-1.0,-1.1189208035950307,5.999999999999999,5.999999999999999,2.0,maker_target
2026-07-02 00:00:00+00:00,2026-07-03 00:00:00+00:00,2026-07-03 23:59:00+00:00,signal_open,signal_body,61538.5,59999.9,63077.1,62562.3,next_day_close,1.6636739602037796,1.5436739602037797,2.5002234373603494,0.6654101130898245,0.6174144027037591,5.999999999999999,5.999999999999999,0.0,maker_target
2026-07-03 00:00:00+00:00,2026-07-04 00:00:00+00:00,2026-07-04 23:59:00+00:00,signal_open,signal_body,62562.3,61538.5,63586.100000000006,63114.4,next_day_close,0.8824803435935036,0.7624803435935036,1.6364487878482774,0.5392654815393602,0.4659359640554768,5.999999999999999,5.999999999999999,0.0,maker_target
2026-07-04 00:00:00+00:00,2026-07-05 00:00:00+00:00,2026-07-05 09:39:00+00:00,signal_open,signal_body,63114.4,62562.3,63666.5,62562.3,SL,-0.874760751904476,-1.014760751904476,0.874760751904476,-1.0,-1.1600437601883722,5.999999999999999,5.999999999999999,2.0,maker_target
2026-07-05 00:00:00+00:00,2026-07-06 00:00:00+00:00,2026-07-06 03:32:00+00:00,signal_open,signal_body,63616.3,63114.4,64118.200000000004,63114.4,SL,-0.7889487442683738,-0.9289487442683738,0.7889487442683738,-1.0,-1.177451324965132,5.999999999999999,5.999999999999999,2.0,maker_target
2026-07-06 00:00:00+00:00,2026-07-07 00:00:00+00:00,2026-07-07 02:24:00+00:00,signal_open,signal_body,64023.2,63616.3,64430.09999999999,63616.3,SL,-0.6355508628122215,-0.7755508628122215,0.6355508628122215,-1.0,-1.220281346768251,5.999999999999999,5.999999999999999,2.0,maker_target
2026-07-10 00:00:00+00:00,2026-07-11 00:00:00+00:00,2026-07-11 23:59:00+00:00,signal_open,signal_body,64132.5,63196.9,65068.1,63782.6,next_day_close,-0.5455892098390074,-0.6655892098390074,1.4588547148481636,-0.37398460880718465,-0.45624091492090857,5.999999999999999,5.999999999999999,0.0,maker_target
2026-07-14 00:00:00+00:00,2026-07-15 00:00:00+00:00,2026-07-15 23:59:00+00:00,signal_open,signal_body,65013.8,62308.6,67719.0,64721.0,next_day_close,-0.4503659223118828,-0.5703659223118828,4.160962749447047,-0.10823598994529145,-0.13707546946621407,5.999999999999999,5.999999999999999,0.0,maker_target
2026-07-18 00:00:00+00:00,2026-07-19 00:00:00+00:00,2026-07-19 23:59:00+00:00,signal_open,signal_body,64806.1,63910.0,65702.2,64695.9,next_day_close,-0.17004572100465404,-0.290045721004654,1.3827402050115631,-0.12297734627831411,-0.20976154447048026,5.999999999999999,5.999999999999999,0.0,maker_target
2026-07-20 00:00:00+00:00,2026-07-21 00:00:00+00:00,2026-07-21 05:48:00+00:00,signal_open,signal_body,65224.0,64695.9,65752.1,65752.1,TP,0.8096712866429625,0.7296712866429625,0.8096712866429512,1.000000000000014,0.9011944707441909,5.999999999999999,2.0,0.0,maker_target
2026-07-21 00:00:00+00:00,2026-07-22 00:00:00+00:00,2026-07-22 23:59:00+00:00,signal_open,signal_body,66522.4,65224.0,67820.79999999999,66081.5,next_day_close,-0.6627842651497754,-0.7827842651497755,1.9518237465876072,-0.33957178065310856,-0.4010527418361033,5.999999999999999,5.999999999999999,0.0,maker_target
2026-07-26 00:00:00+00:00,2026-07-27 00:00:00+00:00,2026-07-27 22:40:00+00:00,signal_open,signal_body,65375.7,64338.1,66413.29999999999,64338.1,SL,-1.5871340574555965,-1.7271340574555964,1.5871340574555965,-1.0,-1.0882093099460293,5.999999999999999,5.999999999999999,2.0,maker_target
2026-07-30 00:00:00+00:00,2026-07-31 00:00:00+00:00,2026-07-31 07:24:00+00:00,signal_open,signal_body,64750.9,63957.2,65544.6,63957.2,SL,-1.2257744679996792,-1.3657744679996793,1.2257744679996792,-1.0,-1.1142135063626049,5.999999999999999,5.999999999999999,2.0,maker_target
2026-08-02 00:00:00+00:00,2026-08-03 00:00:00+00:00,2026-08-03 03:46:00+00:00,signal_open,signal_body,63548.8,62791.6,64306.00000000001,62791.6,SL,-1.1915252530338958,-1.331525253033896,1.1915252530338958,-1.0,-1.117496460644479,5.999999999999999,5.999999999999999,2.0,maker_target
2026-08-04 00:00:00+00:00,2026-08-05 00:00:00+00:00,2026-08-05 15:09:00+00:00,signal_open,signal_body,64075.9,63499.2,64652.600000000006,64652.600000000006,TP,0.9000263749709396,0.8200263749709397,0.9000263749709396,1.0,0.9111137159701758,5.999999999999999,2.0,0.0,maker_target
2026-08-05 00:00:00+00:00,2026-08-06 00:00:00+00:00,2026-08-06 23:59:00+00:00,signal_open,signal_body,64632.0,64075.9,65188.1,64297.4,next_day_close,-0.5177002104220797,-0.6377002104220797,0.8604097041713061,-0.6016903434634048,-0.7411587843912958,5.999999999999999,5.999999999999999,0.0,maker_target
2026-08-17 00:00:00+00:00,2026-08-18 00:00:00+00:00,2026-08-18 23:59:00+00:00,signal_open,signal_body,64502.5,62875.7,66129.3,64694.6,next_day_close,0.2978179140343375,0.17781791403433753,2.5220727878764433,0.11808458323088161,0.07050467174821635,5.999999999999999,5.999999999999999,0.0,maker_target
2026-08-18 00:00:00+00:00,2026-08-19 00:00:00+00:00,2026-08-19 00:50:00+00:00,signal_open,signal_body,64694.6,64502.5,64886.7,64502.5,SL,-0.2969335926027807,-0.4369335926027807,0.2969335926027807,-1.0,-1.4714858927641887,5.999999999999999,5.999999999999999,2.0,maker_target
2026-08-19 00:00:00+00:00,2026-08-20 00:00:00+00:00,2026-08-20 23:59:00+00:00,signal_open,signal_body,69308.8,64694.6,73923.0,72997.3,next_day_close,5.321835033935084,5.201835033935084,6.65745186758392,0.7993801742447221,0.7813552598500273,5.999999999999999,5.999999999999999,0.0,maker_target
2026-08-20 00:00:00+00:00,2026-08-21 00:00:00+00:00,2026-08-21 07:42:00+00:00,signal_open,signal_body,72997.3,69308.8,76685.8,76685.8,TP,5.052926615093982,4.972926615093982,5.052926615093982,1.0,0.9841675911617188,5.999999999999999,2.0,0.0,maker_target
2026-08-21 00:00:00+00:00,2026-08-22 00:00:00+00:00,2026-08-22 23:59:00+00:00,signal_open,signal_body,78309.5,72997.3,83621.7,77082.4,next_day_close,-1.5669874025501451,-1.6869874025501452,6.78359586001698,-0.23099657392417577,-0.2486863069914549,5.999999999999999,5.999999999999999,0.0,maker_target
2026-08-24 00:00:00+00:00,2026-08-25 00:00:00+00:00,2026-08-25 02:17:00+00:00,signal_open,signal_body,78953.2,77718.5,80187.9,80187.9,TP,1.5638378178465182,1.4838378178465181,1.5638378178465182,1.0,0.9488438001133878,5.999999999999999,2.0,0.0,maker_target
2026-08-27 00:00:00+00:00,2026-08-28 00:00:00+00:00,2026-08-28 01:33:00+00:00,signal_open,signal_body,80209.1,78989.9,81428.30000000002,81428.30000000002,TP,1.5200270293520455,1.4400270293520454,1.5200270293520455,1.0,0.947369356955381,5.999999999999999,2.0,0.0,maker_target
2026-09-03 00:00:00+00:00,2026-09-04 00:00:00+00:00,2026-09-04 23:59:00+00:00,signal_open,signal_body,81229.2,77300.0,85158.4,79617.6,next_day_close,-1.9840156003013587,-2.104015600301359,4.83717677879383,-0.41015982897281694,-0.43496768807899633,5.999999999999999,5.999999999999999,0.0,maker_target
2026-09-06 00:00:00+00:00,2026-09-07 00:00:00+00:00,2026-09-07 01:43:00+00:00,signal_open,signal_body,80300.6,79796.8,80804.40000000001,79796.8,SL,-0.6273925724091761,-0.767392572409176,0.6273925724091761,-1.0,-1.2231457721317969,5.999999999999999,5.999999999999999,2.0,maker_target
2026-09-14 00:00:00+00:00,2026-09-15 00:00:00+00:00,2026-09-15 08:02:00+00:00,signal_open,signal_body,78155.4,76803.4,79507.4,76803.4,SL,-1.7298868664225378,-1.8698868664225377,1.7298868664225378,-1.0,-1.080930147928994,5.999999999999999,5.999999999999999,2.0,maker_target
2026-09-18 00:00:00+00:00,2026-09-19 00:00:00+00:00,2026-09-19 23:59:00+00:00,signal_open,signal_body,80863.8,76385.7,85341.90000000001,81226.7,next_day_close,0.44877930544940275,0.3287793054494028,5.53783027757786,0.08103883343382098,0.0593696969696956,5.999999999999999,5.999999999999999,0.0,maker_target
2026-09-21 00:00:00+00:00,2026-09-22 00:00:00+00:00,2026-09-22 23:59:00+00:00,signal_open,signal_body,86578.9,81143.7,92014.09999999999,86159.7,next_day_close,-0.4841826357230193,-0.6041826357230192,6.277742036454606,-0.07712687665587235,-0.0962420297321161,5.999999999999999,5.999999999999999,0.0,maker_target
